UDI,Product ID,Air temperature [K],Process temperature [K],Rotational speed [rpm],Torque [Nm],Tool wear [min],Machine failure,TWF,HDF,PWF,OSF,RNF,Power,Temp_diff,Torque_ToolWear,Speed_ToolWear,Type_encoded
7001,M21860,0.08678657119572769,0.36599429358644536,-0.4234456748529683,0.5555856609411683,1.3697092879106838,0,0,0,0,0,0,0.6507577459049486,0.4320022791391795,1.6185465468339406,1.183552126843385,1.3318889527502387
7002,L54181,0.03988215501521234,0.3023984128589897,0.12780826492233066,-0.1719822454193478,1.4167203314702983,0,0,0,0,0,0,-0.015082081739096349,0.4320022791391795,1.153685188474254,1.4260549857189846,-0.3380416704365194
7003,H36416,0.03988215501521234,0.36599429358644536,-0.7072595844402509,0.7250192829703299,1.448061027176708,0,0,0,0,0,0,0.6539494667903523,0.5426383583831316,1.8195791294037127,1.1524866470862487,-2.0079722936232773
7004,L54183,0.03988215501521234,0.36599429358644536,-0.003182770271799793,0.675185864726459,1.526412766442732,0,0,0,0,0,0,1.1730970216920849,0.5426383583831316,1.866552659765237,1.4855121551362134,-0.3380416704365194
7005,L54184,0.03988215501521234,0.36599429358644536,2.2345807476279287,-1.9560186185499293,1.5577534621491418,0,0,0,0,0,0,-1.9828024091264667,0.5426383583831316,-0.0398663040350341,2.3605347217095543,-0.3380416704365194
7006,M21865,0.08678657119572769,0.4295901743138648,-1.1002326900226422,1.2931202509504587,-1.7016788913174623,0,0,0,0,0,0,1.0672041168427027,0.5426383583830686,-1.531152278459849,-1.6560921796275558,1.3318889527502387
7007,H36420,0.08678657119572769,0.36599429358644536,-0.6635959060422074,-0.032448674336509185,-1.6546678477578478,0,0,0,0,0,0,-0.3618181451430436,0.4320022791391795,-1.4891939671294045,-1.6139354224308298,-2.0079722936232773
7008,L54187,0.03988215501521234,0.36599429358644536,-0.22695912206177263,0.525685609994846,-1.5763161084918236,0,0,0,0,0,0,0.7667431259699501,0.5426383583831316,-1.4034407853867121,-1.5373362876136638,-0.3380416704365194
7009,L54188,0.03988215501521234,0.36599429358644536,-0.9419518558297346,0.9642196905409106,-1.544975412785414,0,0,0,0,0,0,0.7763085280118336,0.5426383583831316,-1.355972796810856,-1.5206201480439965,-0.3380416704365194
7010,L54189,0.03988215501521234,0.3023984128589897,-0.025014609470821535,-0.37131591839483175,-1.5136347170790043,0,0,0,0,0,0,-0.41932768476628557,0.4320022791391795,-1.3777289582414567,-1.4735614423360233,-0.3380416704365194
7011,M21870,0.03988215501521234,0.3023984128589897,-0.39069791605443566,0.2964518860730391,-1.4822940213725946,0,0,0,0,0,0,0.30460731936070845,0.4320022791391795,-1.3190297045114918,-1.4524285976430908,1.3318889527502387
7012,L54191,0.03988215501521234,0.3023984128589897,5.9623672908608905,-2.7633199941006397,-1.43528297781298,1,0,0,1,0,0,-2.7111784927729072,0.4320022791391795,-1.4579018258509757,-1.2128272961690982,-0.3380416704365194
7013,L54192,-0.007022261165303,0.23880253213153407,-1.3240090418126151,2.1402883610962657,-1.4039422821065706,0,0,0,0,0,0,1.9323947315310626,0.4320022791391795,-1.1191273121459069,-1.4118662115783058,-0.3380416704365194
7014,M21873,-0.007022261165303,0.23880253213153407,0.018649068927221946,-0.3613492347460581,-1.3726015864001608,0,0,0,0,0,0,-0.3759905571479571,0.4320022791391795,-1.2619197807561646,-1.3349996977514353,1.3318889527502387
7015,H36428,0.03988215501521234,0.3023984128589897,-0.7509232628382944,0.7748527012142009,-1.3255905428405463,0,0,0,0,0,0,0.6855640966002108,0.4320022791391795,-1.1268267329119313,-1.322640845747321,-2.0079722936232773
7016,L54195,0.03988215501521234,0.3023984128589897,-0.4834832326502781,0.2964518860730391,-1.2472388035745223,0,0,0,0,0,0,0.23342315906330396,0.4320022791391795,-1.091755518138252,-1.2390997596041262,-0.3380416704365194
7017,L54196,0.08678657119572769,0.3023984128589897,-0.17237952406421828,0.3163852533705877,-1.2158981078681126,0,0,0,0,0,0,0.5015569952802236,0.3213661998952274,-1.0592625497678738,-1.1928431909252661,-0.3380416704365194
7018,M21877,0.13369098737621637,0.36599429358644536,-0.3634081170556585,-0.29158244920463844,-1.1845574121617028,0,0,0,0,0,0,-0.5232977485929622,0.3213661998952903,-1.099914078674727,-1.174394039255663,1.3318889527502387
7019,M21878,0.13369098737621637,0.4295901743138648,-0.8928302176319357,0.675185864726459,-1.1375463686020884,0,0,0,0,0,0,0.43010929839595113,0.4320022791391795,-0.9373785999350768,-1.1651843178102894,1.3318889527502387
7020,L54199,0.1805954035567317,0.49318605504132046,1.0938671494790426,-1.278284130433284,-1.090535325042474,0,0,0,0,0,0,-1.2413763841228846,0.4320022791391795,-1.1578716450831943,-0.9836933877787185,-0.3380416704365194
7021,L54200,0.1805954035567317,0.49318605504132046,-0.4398195542522346,1.3828204037894265,-1.0591946293360643,0,0,0,0,0,0,1.8202257516684865,0.4320022791391795,-0.752098043336162,-1.0633030121866303,-0.3380416704365194
7022,H36435,0.13369098737621637,0.36599429358644536,0.4934915715059448,-0.730116529750703,-1.0278539336296546,0,0,0,0,0,0,-0.6567643889202213,0.3213661998952903,-1.0360583321381587,-0.9615702504572512,-2.0079722936232773
7023,L54202,0.13369098737621637,0.3023984128589897,0.11143438552306434,-0.6703164278580577,-0.9495021943636306,0,0,0,0,0,0,-0.7880836940952216,0.2107301206513382,-0.9683175567746971,-0.914085718919008,-0.3380416704365194
7024,M21883,0.13369098737621637,0.36599429358644536,0.17147194332037413,-0.1420821944730255,-0.9181614986572209,0,0,0,0,0,0,0.06077741282163631,0.3213661998952903,-0.8512722337535756,-0.8777221735992106,1.3318889527502387
7025,L54204,0.08678657119572769,0.36599429358644536,3.2006396321846404,-2.1154855569303166,-0.8711504550976064,0,0,0,0,0,0,-1.9642670025167352,0.4320022791391795,-1.1811111811567905,-0.5397253965540012,-0.3380416704365194
7026,H36439,0.08678657119572769,0.36599429358644536,-0.5053150718492998,0.47585219175097504,-0.8398097593911967,0,0,0,0,0,0,0.47107459673246677,0.4320022791391795,-0.6628483356492657,-0.8674231302624488,-2.0079722936232773
7027,L54206,0.08678657119572769,0.4295901743138648,0.013191109127466513,-0.032448674336509185,-0.7614580201251726,0,0,0,0,0,0,0.1174670608412888,0.5426383583830686,-0.6919860518509631,-0.7392792641300469,-0.3380416704365194
7028,L54207,0.08678657119572769,0.36599429358644536,-0.17783748386397372,-0.5108494894776711,-0.730117324418763,0,0,0,0,0,0,-0.7243273613017708,0.4320022791391795,-0.7691215332867294,-0.7302081836526682,-0.3380416704365194
7029,M21888,0.08678657119572769,0.36599429358644536,-0.7509232628382944,1.0439531597311038,-0.6987766287123534,0,0,0,0,0,0,1.0553059279763197,0.4320022791391795,-0.3919205526393009,-0.7668886226135968,1.3318889527502387
7030,L54209,0.08678657119572769,0.36599429358644536,-0.4725673130507672,-0.02248199068773485,-0.6517655851527389,0,0,0,0,0,0,-0.21234409731712167,0.4320022791391795,-0.591716989673243,-0.6913689067615337,-0.3380416704365194
7031,L54210,0.13369098737621637,0.49318605504132046,1.2630639032714612,-1.2583507631357356,-0.6204248894463292,0,0,0,0,0,0,-1.1247858459695201,0.5426383583831316,-0.8658587510763649,-0.44528118857063825,-0.3380416704365194
7032,L54211,0.13369098737621637,0.49318605504132046,-0.33611831805688136,0.9143862722970396,-0.5890841937399195,0,0,0,0,0,0,1.2415091675202095,0.5426383583831316,-0.2999160063296987,-0.6161957933294577,-0.3380416704365194
7033,L54212,0.13369098737621637,0.5567819357687399,0.9956238730834448,-0.8895834681310903,-0.5577434980335099,0,0,0,0,0,0,-0.633104659788053,0.6532744376270208,-0.7318958934363183,-0.4105120143827818,-0.3380416704365194
7034,M21893,0.13369098737621637,0.49318605504132046,-0.39069791605443566,0.6452858137801359,-0.5264028023271002,0,0,0,0,0,0,0.8064493050580938,0.5426383583831316,-0.30207043140643025,-0.5650372761393505,1.3318889527502387
7035,H36448,0.08678657119572769,0.36599429358644536,1.5796255716572765,-1.367984283272252,-0.47939175876748574,0,0,0,0,0,0,-1.1667174451245519,0.4320022791391795,-0.8093845593108931,-0.24254848165699597,-2.0079722936232773
7036,L54215,0.08678657119572769,0.36599429358644536,-0.2378750416612835,-0.1719822454193478,-0.4010400195014616,0,0,0,0,0,0,-0.26489524486151017,0.4320022791391795,-0.4113456967737657,-0.42564368574679334,-0.3380416704365194
7037,L54216,0.13369098737621637,0.36599429358644536,-0.003182770271799793,1.2731868836529108,-0.36969932379505194,0,0,0,0,0,0,2.074977785641097,0.3213661998952903,0.05093741518261914,-0.35979912887551513,-0.3380416704365194
7038,L54217,0.08678657119572769,0.36599429358644536,-0.1450897250654411,-0.04241535798528352,-0.3383586280886423,0,0,0,0,0,0,-0.00940140419993727,0.4320022791391795,-0.317433954494598,-0.35169853517410055,-0.3380416704365194
7039,L54218,0.13369098737621637,0.36599429358644536,0.6190246469003198,-0.5706495913703157,-0.30701793238223263,0,0,0,0,0,0,-0.32527440509731725,0.3213661998952903,-0.4561294836146777,-0.19832201286663223,-0.3380416704365194
7040,H36453,0.08678657119572769,0.3023984128589897,-0.11779992606666392,-0.29158244920463844,-0.275677236675823,0,0,0,0,0,0,-0.3607835200242278,0.3213661998952274,-0.3419802729917855,-0.28722058213020035,-2.0079722936232773
7041,L54220,0.13369098737621637,0.36599429358644536,0.9792499936841785,-0.9593502536725096,-0.19732549740979885,0,0,0,0,0,0,-0.7596998276280821,0.3213661998952903,-0.5038093828538189,-0.02092099139090987,-0.3380416704365194
7042,L54221,0.08678657119572769,0.3023984128589897,-0.38523995625468027,-0.2218156636632188,-0.1659848017033892,0,0,0,0,0,0,-0.4373067363592948,0.3213661998952274,-0.22627705083813598,-0.22947661896033672,-0.3380416704365194
7043,L54222,0.08678657119572769,0.3023984128589897,0.5535291293032546,-0.9992169882676066,-0.13464410599697954,0,0,0,0,0,0,-1.0544899015760054,0.3213661998952274,-0.47513080642257255,-0.030031683573429942,-0.3380416704365194
7044,M21903,0.13369098737621637,0.36599429358644536,2.540226496414233,-2.07561882233522,-0.1033034102905699,0,0,0,0,0,0,-2.106801253555127,0.3213661998952903,-0.8430783547732197,0.3701653734700496,1.3318889527502387
7045,M21904,0.13369098737621637,0.36599429358644536,-0.19421136326324,-0.4311160202874771,-0.05629236673095542,0,0,0,0,0,0,-0.6169996461461064,0.3213661998952903,-0.21094884619384924,-0.09118225338545326,1.3318889527502387
7046,M21905,0.13369098737621637,0.36599429358644536,0.3734164559113252,-1.2284507121894128,-0.009281323171340937,0,0,0,0,0,0,-1.512008937607888,0.3213661998952903,-0.4783801032596103,0.06475912682992019,1.3318889527502387
7047,M21906,0.13369098737621637,0.3023984128589897,1.7597382450492058,-1.7666516292232197,0.03772972038827355,0,0,0,0,0,0,-1.809688153397033,0.2107301206513382,-0.6608351843480575,0.39176365569839333,1.3318889527502387
7048,L54227,0.08678657119572769,0.23880253213153407,-0.7618391824378052,0.26655183512671676,0.08474076394788803,0,0,0,0,0,0,-0.02115318385139424,0.21073012065127533,0.18405263016952553,-0.07445621088950063,-0.3380416704365194
7049,L54228,0.08678657119572769,0.23880253213153407,2.5456844562139884,-2.0058520367938004,0.11608145965429768,0,0,0,0,0,0,-1.9678101055179638,0.21073012065127533,-0.7199582594045926,0.6494278947168605,-0.3380416704365194
7050,L54229,0.08678657119572769,0.23880253213153407,-0.2542489210605498,0.7349859666191036,0.14742215536070732,0,0,0,0,0,0,1.050913651528516,0.21073012065127533,0.44011134830565407,0.08971450106899691,-0.3380416704365194
7051,L54230,0.08678657119572769,0.23880253213153407,-0.4561934336515009,0.7748527012142009,0.17876285106711698,0,0,0,0,0,0,0.9369780004724909,0.21073012065127533,0.4904754492797397,0.07533545210267176,-0.3380416704365194
7052,L54231,0.08678657119572769,0.23880253213153407,0.08414458652428716,-0.2218156636632188,0.21010354677352663,0,0,0,0,0,0,-0.12084809860220766,0.21073012065127533,0.09328422939575293,0.22380012297260754,-0.3380416704365194
7053,H36466,0.08678657119572769,0.23880253213153407,-0.16692156426446284,0.28648520242426473,0.2414442424799363,0,0,0,0,0,0,0.46154823714789583,0.21073012065127533,0.34326817518437613,0.19813173804098577,-2.0079722936232773
7054,H36467,0.13369098737621637,0.3023984128589897,0.14418214432159696,-0.12214882717547682,0.3197959817459604,0,0,0,0,0,0,0.07257799554473554,0.2107301206513382,0.23205039540359423,0.34571504847152557,-2.0079722936232773
7055,H36468,0.13369098737621637,0.3023984128589897,-0.3524921974561476,0.3163852533705877,0.39814772101198453,0,0,0,0,0,0,0.36273177768664316,0.2107301206513382,0.5086291294344945,0.30254819279369405,-2.0079722936232773
7056,L54235,0.1805954035567317,0.36599429358644536,0.6681462850981187,-0.929450202726187,0.4764994602780087,0,0,0,0,0,0,-0.8795796928101356,0.2107301206513382,-0.028917586431972033,0.6330385517146097,-0.3380416704365194
7057,M21916,0.1805954035567317,0.3023984128589897,-0.7181755040397618,1.0638865270286526,0.5078401559844183,0,0,0,0,0,0,1.1123274368831404,0.10009404140738613,0.9886774186629446,0.31131228255622695,1.3318889527502387
7058,L54237,0.1805954035567317,0.36599429358644536,0.6845201644973851,-0.37131591839483175,0.5548511995440328,0,0,0,0,0,0,0.04000682553068979,0.2107301206513382,0.30992756416085826,0.7196594479325478,-0.3380416704365194
7059,L54238,0.13369098737621637,0.36599429358644536,-0.1123419662669085,0.595452395536265,0.5861918952504425,0,0,0,0,0,0,0.9632438136303558,0.3213661998952903,0.8356779197711222,0.5415652216168511,-0.3380416704365194
7060,L54239,0.08678657119572769,0.3023984128589897,0.5644450489027655,-0.610516325965413,0.6175325909568521,0,0,0,0,0,0,-0.4228415059245292,0.3213661998952274,0.23561755823555944,0.7534086207130134,-0.3380416704365194
7061,H36474,0.08678657119572769,0.23880253213153407,-0.33611831805688136,-0.4311160202874771,0.6488732866632618,0,0,0,0,0,0,-0.7073438923702626,0.21073012065127533,0.3548526247772935,0.5408720167768767,-2.0079722936232773
7062,L54241,0.08678657119572769,0.23880253213153407,-0.5162309914488107,0.9741863741896849,0.727225025929286,0,0,0,0,0,0,1.1680410234699463,0.21073012065127533,1.1896040459010737,0.56345068870747,-0.3380416704365194
7063,M21922,0.08678657119572769,0.23880253213153407,-0.7290914236392727,1.1137199452725235,0.7585657216356956,0,0,0,0,0,0,1.1711156169834087,0.21073012065127533,1.302340518768732,0.5314543338795109,1.3318889527502387
7064,L54243,0.13369098737621637,0.23880253213153407,-1.673318468996963,1.1735200471651688,0.8055767651953101,0,0,0,0,0,0,0.38051561699308406,0.10009404140738613,1.3903893993636796,0.2991415861515344,-0.3380416704365194
7065,M21924,0.1805954035567317,0.3023984128589897,0.8482589584900481,-1.0191503555651549,0.8369174609017197,0,0,0,0,0,0,-0.9300030264309218,0.10009404140738613,0.1681593304231448,1.0647566231243515,1.3318889527502387
7066,L54245,0.1805954035567317,0.36599429358644536,-0.8546244990336477,1.2931202509504587,0.8839285044613342,0,0,0,0,0,0,1.299555540931515,0.2107301206513382,1.5516180956797387,0.6053400668944916,-0.3380416704365194
7067,M21926,0.1805954035567317,0.4295901743138648,0.17147194332037413,-0.37131591839483175,0.9152692001677438,0,0,0,0,0,0,-0.29212735883789265,0.3213661998952274,0.6039889279127769,0.9436636405071174,1.3318889527502387
7068,M21927,0.1805954035567317,0.4295901743138648,-0.8437085794341368,0.21671841688284574,0.9622802437273583,0,0,0,0,0,0,-0.15116456670638173,0.3213661998952274,0.9965887500922538,0.6772353117261174,1.3318889527502387
7069,L54248,0.1805954035567317,0.4295901743138648,-0.4343615944524792,0.28648520242426473,1.0092912872869728,0,0,0,0,0,0,0.25684863345159,0.3213661998952274,1.083966580253465,0.846902147772983,-0.3380416704365194
7070,L54249,0.1805954035567317,0.4295901743138648,-0.08505216726813132,-0.052382041634057866,1.0406319829933826,0,0,0,0,0,0,0.01812352820629882,0.3213661998952274,0.904054427124439,0.9867512727746661,-0.3380416704365194
7071,L54250,0.13369098737621637,0.4295901743138648,-1.1329804488211748,2.100421626501169,1.071972678699792,0,0,0,0,0,0,2.0901067378501987,0.4320022791391795,2.282180107355025,0.6804141510637141,-0.3380416704365194
7072,H36485,0.13369098737621637,0.36599429358644536,-0.19421136326324,0.06721816215123279,1.1033133744062018,0,0,0,0,0,0,0.11748658206994542,0.3213661998952903,1.0355803121367073,1.0117066470137428,-2.0079722936232773
7073,M21932,0.13369098737621637,0.36599429358644536,-0.5544367100470987,0.1768516822877491,1.1816651136722258,0,0,0,0,0,0,0.010441924729806977,0.3213661998952903,1.1787612836296542,0.9659650305017209,1.3318889527502387
7074,L54253,0.13369098737621637,0.36599429358644536,-0.2706228004598161,0.32635193701936205,1.2286761572318403,0,0,0,0,0,0,0.44038722528381197,0.3213661998952903,1.322012892010363,1.1050120184742909,-0.3380416704365194
7075,M21934,0.13369098737621637,0.36599429358644536,-0.2869966798590824,-0.07231540893160583,1.26001685293825,0,0,0,0,0,0,-0.15321429571535605,0.3213661998952903,1.0855205917842226,1.128927585453406,1.3318889527502387
7076,L54255,0.13369098737621637,0.3023984128589897,-0.025014609470821535,0.7449526502678779,1.3070278964978645,0,0,0,0,0,0,1.2598103193860564,0.2107301206513382,1.6831086622481257,1.2643996170369654,-0.3380416704365194
7077,L54256,0.13369098737621637,0.3023984128589897,2.2891603456254828,-1.88625183300851,1.338368592204274,0,0,0,0,0,0,-1.8290727334533396,0.2107301206513382,-0.0922788747542088,2.109396511113131,-0.3380416704365194
7078,M21937,0.13369098737621637,0.3023984128589897,0.2915470589149937,-0.8895834681310903,1.3697092879106838,0,0,0,0,0,0,-1.0234316267828691,0.2107301206513382,0.6147963717403154,1.4378196621459778,1.3318889527502387
7079,L54258,0.13369098737621637,0.3023984128589897,-1.0019894136270444,1.2632202000041364,1.4167203314702983,0,0,0,0,0,0,1.1204092255470979,0.2107301206513382,2.1657705163237586,1.0181237432466483,-0.3380416704365194
7080,L54259,0.13369098737621637,0.3023984128589897,-0.5216889512485662,0.11705158039510377,1.448061027176708,0,0,0,0,0,0,-0.04976154444808842,0.2107301206513382,1.3865396889806676,1.2201632453203162,-0.3380416704365194
7081,L54260,0.13369098737621637,0.23880253213153407,0.013191109127466513,0.7349859666191036,1.4794017228831176,0,0,0,0,0,0,1.2771354098190597,0.10009404140738613,1.860089384535042,1.4457915178056828,-0.3380416704365194
7082,L54261,0.13369098737621637,0.23880253213153407,-0.9528677754292455,1.2632202000041364,1.5107424185895273,0,0,0,0,0,0,1.166615973777993,0.10009404140738613,2.2772355252117067,1.1170242680584177,-0.3380416704365194
7083,L54262,0.13369098737621637,0.1752066514041146,-0.45073547385174545,0.007418060258587462,1.5420831142959368,0,0,0,0,0,0,-0.15415131469088805,-0.010542037836503053,1.3932148748741473,1.3326703908481539,-0.3380416704365194
7084,L54263,0.13369098737621637,0.23880253213153407,-0.6799697854414738,2.180155095691362,1.5734238100023465,1,0,0,1,1,0,2.6948548804124597,0.10009404140738613,3.0306485700779,1.2746194369634443,-0.3380416704365194
7085,L54264,0.08678657119572769,0.1752066514041146,1.3831390188660808,-1.5473845889501874,1.6047645057087563,0,0,0,0,0,0,-1.5739693173649048,0.10009404140738613,0.28718248630159365,2.092502118870328,-0.3380416704365194
7086,L54265,0.08678657119572769,0.1752066514041146,-0.30882851905810416,0.10708489674632944,1.6361052014151658,0,0,0,0,0,0,0.0922065909592534,0.10009404140738613,1.5532074256543766,1.474143595760634,-0.3380416704365194
7087,L54266,0.08678657119572769,0.23880253213153407,5.312870074689994,-2.643719790315349,1.6674458971215755,0,0,0,0,0,0,-2.5584248785326253,0.21073012065127533,-0.513627910252694,3.6965385068658403,-0.3380416704365194
7088,L54267,0.08678657119572769,0.1752066514041146,0.5862768881017872,-0.9394168863749613,1.6987865928279853,1,1,0,0,0,0,-0.9404664049910226,0.10009404140738613,0.8063989297939015,1.8853527068334204,-0.3380416704365194
7089,M21948,0.08678657119572769,0.1752066514041146,0.4007062549101024,-0.7201498461019287,-1.7016788913174623,0,0,0,0,0,0,-0.695104082002383,0.10009404140738613,-1.531152278459849,-1.6560921796275558,1.3318889527502387
7090,L54269,0.08678657119572769,0.11161077067665898,0.4443699333081459,-0.5806162750190901,-1.6546678477578478,0,0,0,0,0,0,-0.4479262847486514,-0.010542037836565944,-1.4950215103697442,-1.607904540323053,-0.3380416704365194
7091,M21950,0.08678657119572769,0.11161077067665898,-0.34157627785663675,0.0173847439073618,-1.623327152051438,0,0,0,0,0,0,-0.06164021208581485,-0.010542037836565944,-1.460338798478754,-1.5829095543788347,1.3318889527502387
7092,L54271,0.08678657119572769,0.11161077067665898,-1.2148498458175063,1.103753261623749,-1.5763161084918236,0,0,0,0,0,0,0.7143481482548167,-0.010542037836565944,-1.3870530274259998,-1.5516757248748474,-0.3380416704365194
7093,L54272,0.13369098737621637,0.11161077067665898,-0.25970688086030524,-0.4012159693411548,-1.544975412785414,0,0,0,0,0,0,-0.6149791989801169,-0.12117811708045513,-1.404359064927614,-1.5082414901873116,-0.3380416704365194
7094,H36507,0.13369098737621637,0.1752066514041146,-0.9364938960299792,1.0738532106774268,-1.5136347170790043,0,0,0,0,0,0,0.9281348838909124,-0.010542037836503053,-1.3162748658887857,-1.4934069066118605,-2.0079722936232773
7095,L54274,0.08678657119572769,0.11161077067665898,-0.5107730316490553,0.595452395536265,-1.43528297781298,0,0,0,0,0,0,0.6361949093268977,-0.010542037836565944,-1.2555624608576126,-1.4124900959342828,-0.3380416704365194
7096,L54275,0.08678657119572769,0.048014889949239484,-0.3033705592583487,0.9941197414872329,-1.4039422821065706,0,0,0,0,0,0,1.3862200355538457,-0.12117811708045513,-1.196298112025554,-1.3766811144864648,-0.3380416704365194
7097,L54276,0.08678657119572769,0.11161077067665898,-0.281538720059327,0.7848193848629745,-1.3726015864001608,0,0,0,0,0,0,1.100497572317055,-0.010542037836565944,-1.1766257387839232,-1.3464375776110122,-0.3380416704365194
7098,M21957,0.08678657119572769,0.11161077067665898,-1.6787764287967184,1.2333201490578134,-1.341260890693751,0,0,0,0,0,0,0.447678404187165,-0.010542037836565944,-1.10630671701716,-1.3752550931013745,1.3318889527502387
7099,L54278,0.13369098737621637,0.11161077067665898,0.5535291293032546,-0.730116529750703,-1.2942498471341368,0,0,0,0,0,0,-0.6217628259383907,-0.12117811708045513,-1.2317931481258038,-1.233316450653483,-0.3380416704365194
7100,M21959,0.13369098737621637,0.11161077067665898,-0.9146620568309575,0.4160520898583297,-1.262909151427727,0,0,0,0,0,0,0.06344206053330413,-0.12117811708045513,-1.0950401334191704,-1.275384081513641,1.3318889527502387
7101,L54280,0.13369098737621637,0.11161077067665898,0.15509806392110784,-0.710183162453155,-1.2158981078681126,0,0,0,0,0,0,-0.8234171179642203,-0.12117811708045513,-1.1720343410794132,-1.174423748034519,-0.3380416704365194
7102,L54281,0.1805954035567317,0.11161077067665898,1.688784767652385,-1.7068515273305744,-1.1845574121617028,0,0,0,0,0,0,-1.729514467303124,-0.2318141963244072,-1.2654163067003683,-1.0515185299070662,-0.3380416704365194
7103,M21962,0.1805954035567317,0.1752066514041146,-0.2542489210605498,0.22668510053162008,-1.1532167164552933,0,0,0,0,0,0,0.3072134033864057,-0.12117811708045513,-1.009498862339763,-1.1382681641667138,1.3318889527502387
7104,H36517,0.1805954035567317,0.1752066514041146,1.2903537022702383,-0.9792836209700579,-1.1062056728956788,0,0,0,0,0,0,-0.6258134808846985,-0.12117811708045513,-1.1271799173507395,-0.9873871792831532,-2.0079722936232773
7105,L54284,0.2274998197372204,0.23880253213153407,-0.4725673130507672,0.3163852533705877,-1.0278539336296546,0,0,0,0,0,0,0.2701816326242567,-0.12117811708045513,-0.8765955580161418,-1.0369414224150342,-0.3380416704365194
7106,L54285,0.2274998197372204,0.23880253213153407,-0.025014609470821535,-0.5706495913703157,-0.996513237923245,0,0,0,0,0,0,-0.7191737569363468,-0.12117811708045513,-0.9876014271336387,-0.9716019147843087,-0.3380416704365194
7107,L54286,0.1805954035567317,0.3023984128589897,-0.31974443865761504,-0.09224877622915452,-0.9651725422168353,0,0,0,0,0,0,-0.2051017214854102,0.10009404140738613,-0.8837652021239534,-0.9663137521479329,-0.3380416704365194
7108,H36521,0.2274998197372204,0.3023984128589897,-0.15600564466495198,0.12701826404387812,-0.9338318465104257,0,0,0,0,0,0,0.23377454117912883,-0.010542037836503053,-0.8181435333933427,-0.9224041769987003,-2.0079722936232773
7109,M21968,0.1805954035567317,0.3023984128589897,-0.16146360446470742,-0.4111826529899291,-0.8554801072444016,0,0,0,0,0,0,-0.5666543974399487,0.10009404140738613,-0.8483761213553465,-0.8480728123008789,1.3318889527502387
7110,L54289,0.2274998197372204,0.3023984128589897,0.31883685791377087,0.05725147850245845,-0.8084690636847871,0,0,0,0,0,0,0.4743834449898116,-0.010542037836503053,-0.7158260014705338,-0.7535097692020918,-0.3380416704365194
7111,M21970,0.1805954035567317,0.23880253213153407,-0.12325788586641936,-0.39124928569238043,-0.7771283679783775,0,0,0,0,0,0,-0.5125610728316644,-0.010542037836565944,-0.7809885304306934,-0.7691662956592268,1.3318889527502387
7112,M21971,0.1805954035567317,0.23880253213153407,-0.494399152249789,-0.052382041634057866,-0.730117324418763,0,0,0,0,0,0,-0.270302625199473,-0.010542037836565944,-0.6683933313385585,-0.7658191065747793,1.3318889527502387
7113,L54292,0.2274998197372204,0.23880253213153407,-0.619932227644164,0.7050859156727813,-0.6831062808591485,0,0,0,0,0,0,0.6998048329054225,-0.12117811708045513,-0.4521738179000231,-0.7375462520301109,-0.3380416704365194
7114,L54293,0.2274998197372204,0.23880253213153407,0.11143438552306434,-0.7201498461019287,-0.6517655851527389,0,0,0,0,0,0,-0.8642652889287934,-0.12117811708045513,-0.7573604914744079,-0.6203748282218745,-0.3380416704365194
7115,H36528,0.2274998197372204,0.23880253213153407,-0.4561934336515009,0.38615203891200667,-0.6204248894463292,0,0,0,0,0,0,0.3823506124868327,-0.12117811708045513,-0.4637582674929404,-0.6605212913826749,-2.0079722936232773
7116,M21975,0.2744042359177357,0.36599429358644536,-0.4398195542522346,1.3628870364918784,-0.542073150180305,0,0,0,0,0,0,1.7917247578294053,-0.010542037836503053,-0.13028152036999838,-0.5861800237585683,1.3318889527502387
7117,L54296,0.2744042359177357,0.3023984128589897,0.32975277751328175,-0.6703164278580577,-0.49506210662069056,0,0,0,0,0,0,-0.6584627358133722,-0.12117811708045513,-0.628271579089918,-0.4352891359487222,-0.3380416704365194
7118,L54297,0.2274998197372204,0.3023984128589897,0.16055602372086325,0.0173847439073618,-0.46372141091428093,0,0,0,0,0,0,0.29844837171945504,-0.010542037836503053,-0.41229929475854865,-0.4278322324558553,-0.3380416704365194
7119,L54298,0.2274998197372204,0.3023984128589897,0.13326622472208607,-0.4012159693411548,-0.43238071520787125,0,0,0,0,0,0,-0.36268683981827604,-0.010542037836503053,-0.5041272488487466,-0.4007477290654287,-0.3380416704365194
7120,L54299,0.2744042359177357,0.3023984128589897,-0.8873722578321803,0.445952140804652,-0.4010400195014616,0,0,0,0,0,0,0.12531459476136406,-0.12117811708045513,-0.22959698456293565,-0.5234548886671746,-0.3380416704365194
7121,L54300,0.2274998197372204,0.3023984128589897,4.079371159945266,-2.3746193317984456,-0.36969932379505194,0,0,0,0,0,0,-2.2510436121009985,-0.010542037836503053,-1.0478193739504802,0.2698289243469046,-0.3380416704365194
7122,M21981,0.2274998197372204,0.23880253213153407,-0.9037461372314466,0.47585219175097504,-0.3383586280886423,0,0,0,0,0,0,0.15257599058073293,-0.12117811708045513,-0.15765331437765354,-0.47145462274281275,1.3318889527502387
7123,L54302,0.2274998197372204,0.23880253213153407,1.350391260067548,-1.2085173448918645,-0.2913475845290278,0,0,0,0,0,0,-0.9948915904864737,-0.12117811708045513,-0.6474848125610979,-0.06251328178937107,-0.3380416704365194
7124,M21983,0.2274998197372204,0.23880253213153407,0.19330378251939587,0.04728479485368411,-0.2600068888226182,0,0,0,0,0,0,0.3680805943386347,-0.12117811708045513,-0.21843635629658856,-0.22024709166239248,1.3318889527502387
7125,M21984,0.1805954035567317,0.1752066514041146,1.7870280440479829,-1.5374179053014132,-0.2129958452630037,0,0,0,0,0,0,-1.3794988374848167,-0.12117811708045513,-0.7091154971331731,0.10128111897028326,1.3318889527502387
7126,L54305,0.13369098737621637,0.048014889949239484,-1.5259535544035663,1.6618875459551044,-0.1659848017033892,0,0,0,0,0,0,1.1198626311447055,-0.23181419632434433,0.4278911667228818,-0.4323083551368325,-0.3380416704365194
7127,M21986,0.08678657119572769,-0.015580990778216147,0.007733149327711078,-0.6005496423166388,-0.13464410599697954,0,0,0,0,0,0,-0.7442975782177844,-0.2318141963244072,-0.3338570308991911,-0.129060946426909,1.3318889527502387
7128,L54307,0.08678657119572769,-0.015580990778216147,-0.5598946698468542,1.3828204037894265,-0.08763306243736507,0,0,0,0,0,0,1.7046991204769222,-0.2318141963244072,0.42598397075331595,-0.18933015579953633,-0.3380416704365194
7129,L54308,0.08678657119572769,-0.015580990778216147,-0.16146360446470742,-0.3015491328534128,-0.05629236673095542,0,0,0,0,0,0,-0.40442322668673886,-0.2318141963244072,-0.16273917029649532,-0.08494340982568407,-0.3380416704365194
7130,L54309,0.08678657119572769,-0.015580990778216147,0.5153234107049666,-0.8895834681310903,-0.024951671024545763,0,0,0,0,0,0,-0.8993742186682375,-0.2318141963244072,-0.3596394949322082,0.07637525936263329,-0.3380416704365194
7131,L54310,0.08678657119572769,-0.07917687150567178,-0.6144742678444085,0.8844862213507165,0.00638902468186389,0,0,0,0,0,0,0.955279152338338,-0.3424502755683593,0.3475063884500776,-0.11468189746058383,-0.3380416704365194
7132,M21991,0.03988215501521234,-0.14277275223309127,-0.7127175442400063,0.445952140804652,0.03772972038827355,0,0,0,0,0,0,0.2639934031400177,-0.3424502755682964,0.20948190976373385,-0.10618518670775533,1.3318889527502387
7133,L54312,0.03988215501521234,-0.07917687150567178,-0.6417640668431857,0.7947860685117489,0.08474076394788803,0,0,0,0,0,0,0.8064590656724228,-0.2318141963244072,0.3974466680975928,-0.0496196717658481,-0.3380416704365194
7134,M21993,0.03988215501521234,-0.07917687150567178,0.06231274732526543,0.13698494769265174,0.11608145965429768,0,0,0,0,0,0,0.4097779387497843,-0.2318141963244072,0.1608837309836905,0.12675144537619806,1.3318889527502387
7135,M21994,0.03988215501521234,-0.015580990778216147,-0.7345493834390281,1.024019792433556,0.16309250321391217,0,0,0,0,0,0,1.0426171293493314,-0.12117811708045513,0.5787009220940915,0.0008060288791434303,1.3318889527502387
7136,L54315,0.03988215501521234,-0.07917687150567178,-0.532604870848077,0.8346528031068455,0.21010354677352663,0,0,0,0,0,0,0.9563040168428255,-0.2318141963244072,0.5500223456628448,0.08727838120280133,-0.3380416704365194
7137,M21996,0.03988215501521234,-0.07917687150567178,-1.0784008508236205,2.3695220850180725,0.2414442424799363,0,0,0,0,0,0,2.503576121417776,-0.2318141963244072,1.2585809668003647,-0.006938059475998631,1.3318889527502387
7138,M21997,0.08678657119572769,-0.015580990778216147,-0.2979125994585933,0.12701826404387812,0.2884552860395508,0,0,0,0,0,0,0.12921884049274576,-0.2318141963244072,0.3168499791615041,0.21280787479587135,1.3318889527502387
7139,L54318,0.08678657119572769,0.048014889949239484,-1.3294670016123704,1.004086425136007,0.3354663295991652,0,0,0,0,0,0,0.48321680095706115,-0.12117811708045513,0.7645465737950997,0.013640221344954314,-0.3380416704365194
7140,L54319,0.08678657119572769,0.048014889949239484,-0.24879096126079436,0.23665178418039373,0.3668070253055749,0,0,0,0,0,0,0.3259245010540482,-0.12117811708045513,0.4408883540710326,0.2981512935229996,-0.3380416704365194
7141,L54320,0.03988215501521234,-0.07917687150567178,-0.8655404186331586,0.6552524974289103,0.39814772101198453,0,0,0,0,0,0,0.4259219948490449,-0.2318141963244072,0.6695399597556257,0.17781093330345188,-0.3380416704365194
7142,M22001,-0.007022261165303,-0.14277275223309127,-1.0074473734268,0.445952140804652,0.4294884167183942,0,0,0,0,0,0,0.029972914001040317,-0.23181419632434433,0.6015166368411174,0.17016587421116328,1.3318889527502387
7143,H36556,-0.05392667734579168,-0.2063686329605469,-0.4834832326502781,0.15691831499020042,0.4764994602780087,0,0,0,0,0,0,0.035009390994521675,-0.2318141963244072,0.5061921568067159,0.342595626691641,-2.0079722936232773
7144,H36557,-0.05392667734579168,-0.2063686329605469,0.22605154131792848,-0.9095168354286386,0.5548511995440328,0,0,0,0,0,0,-1.0906236958199362,-0.2318141963244072,0.03529134454340458,0.5998736515849795,-2.0079722936232773
7145,M22004,-0.007022261165303,-0.14277275223309127,-0.1287158456661748,0.03731811120490977,0.633202938810057,0,0,0,0,0,0,0.12061973926937854,-0.23181419632434433,0.5896143212532726,0.582295957428487,1.3318889527502387
7146,L54325,0.03988215501521234,-0.015580990778216147,-0.6963436648407401,0.45591882445342635,0.6802139823696715,0,0,0,0,0,0,0.29078628947161983,-0.12117811708045513,0.8577872656405315,0.47081871623432564,-0.3380416704365194
7147,L54326,-0.007022261165303,-0.07917687150567178,-0.24333300146103892,-0.8098499989408967,0.7115546780760811,0,0,0,0,0,0,-1.2031440577983366,-0.12117811708045513,0.19846255527291018,0.6253835896960357,-0.3380416704365194
7148,L54327,-0.05392667734579168,-0.14277275223309127,-0.407071795453702,0.12701826404387812,0.7428953737824907,0,0,0,0,0,0,0.04879137842629705,-0.12117811708045513,0.7388347466498446,0.6086674501263685,-0.3380416704365194
7149,M22008,-0.05392667734579168,-0.14277275223309127,0.4170801343093687,0.08715152944878075,0.7742360694889004,0,0,0,0,0,0,0.5928870635515527,-0.12117811708045513,0.7456158878749665,0.8739668453108388,1.3318889527502387
7150,L54329,-0.10083109352630702,-0.14277275223309127,-0.1887534034634846,0.18681836593652273,0.8212471130485148,0,0,0,0,0,0,0.29784321363109056,-0.010542037836503053,0.8457083578332821,0.7450307450756091,-0.3380416704365194
7151,L54330,-0.10083109352630702,-0.14277275223309127,-0.7618391824378052,0.9343196395945875,0.8525878087549246,0,0,0,0,0,0,0.8950464013174584,-0.010542037836503053,1.3070025533610035,0.6053697756733476,-0.3380416704365194
7152,H36565,-0.10083109352630702,-0.07917687150567178,1.9944305164386895,-1.6968848436818005,0.8839285044613342,0,0,0,0,0,0,-1.5862872126474123,0.10009404140738613,-0.196644876422107,1.4582791078515065,-2.0079722936232773
7153,L54332,-0.10083109352630702,-0.07917687150567178,0.13872418452184151,-0.3513825510972838,0.9622802437273583,0,0,0,0,0,0,-0.282757169082579,0.10009404140738613,0.6543530288868622,0.9802648560577633,-0.3380416704365194
7154,L54333,-0.10083109352630702,-0.015580990778216147,-0.25970688086030524,0.7349859666191036,0.993620939433768,0,0,0,0,0,0,1.0462968809511577,0.2107301206513382,1.3422150419102064,0.8869396787446446,-0.3380416704365194
7155,L54334,-0.05392667734579168,0.048014889949239484,-0.3142864788578596,-0.0025486233901868775,1.0249616351401776,0,0,0,0,0,0,-0.07102016245545828,0.2107301206513382,0.9208660064117211,0.8992787248961881,-0.3380416704365194
7156,M22015,-0.10083109352630702,-0.07917687150567178,0.15509806392110784,-0.869650100833542,1.0563023308465873,0,0,0,0,0,0,-1.0684475800656925,0.10009404140738613,0.4082541119251316,1.0785414965135558,1.3318889527502387
7157,M22016,-0.10083109352630702,-0.015580990778216147,0.6736042448978742,-0.919483519077413,1.1033133744062018,0,0,0,0,0,0,-0.8603512825830848,0.2107301206513382,0.4097021681242464,1.2935538320210296,1.3318889527502387
7158,L54337,-0.10083109352630702,-0.015580990778216147,-0.2979125994585933,0.0173847439073618,1.1503244179658163,0,0,0,0,0,0,-0.030328161320139605,0.2107301206513382,1.0464583928520073,1.0221740400973556,-0.3380416704365194
7159,L54338,-0.10083109352630702,-0.015580990778216147,-0.8273347000348705,1.3628870364918784,1.1816651136722258,0,0,0,0,0,0,1.4202748189458172,0.2107301206513382,1.952093930844644,0.8748581086765201,-0.3380416704365194
7160,L54339,-0.1477355097067957,-0.015580990778216147,-0.16146360446470742,0.1768516822877491,1.2130058093786356,0,0,0,0,0,0,0.3034946093272654,0.3213661998952274,1.2082168658262795,1.1270856411643313,-0.3380416704365194
7161,M22020,-0.10083109352630702,0.048014889949239484,-0.3033705592583487,0.05725147850245845,1.2443465050850453,0,0,0,0,0,0,0.023735881445159018,0.3213661998952903,1.157994038627717,1.1086067807158722,1.3318889527502387
7162,L54341,-0.10083109352630702,0.11161077067665898,-0.5489787502473433,0.2964518860730391,1.2913575486446596,0,0,0,0,0,0,0.18317551650043085,0.4320022791391795,1.3628056946927392,1.0676086658945318,-0.3380416704365194
7163,L54342,-0.10083109352630702,0.11161077067665898,-0.8873722578321803,0.396118722560781,1.3226982443510693,0,0,0,0,0,0,0.05806396203832623,0.4320022791391795,1.4612735162325359,0.9776306776658606,-0.3380416704365194
7164,M22023,-0.1477355097067957,0.048014889949239484,-0.21604320246226177,-0.0623487252828322,1.354038940057479,0,0,0,0,0,0,-0.0888235229905558,0.4320022791391795,1.1754766683487352,1.242444829462349,1.3318889527502387
7165,M22024,-0.10083109352630702,0.048014889949239484,-0.3634081170556585,0.40608540620955536,1.4010499836170935,0,0,0,0,0,0,0.4838024378167683,0.3213661998952903,1.5457905524393991,1.2340966626038008,1.3318889527502387
7166,L54345,-0.10083109352630702,0.048014889949239484,-0.8109608206356042,0.7947860685117489,1.448061027176708,0,0,0,0,0,0,0.661523703509232,0.3213661998952903,1.8692721799440617,1.114667371602505,-0.3380416704365194
7167,M22026,-0.05392667734579168,0.11161077067665898,-0.6090163080446531,0.47585219175097504,1.4794017228831176,0,0,0,0,0,0,0.3881776992409193,0.3213661998952274,1.6736786377319404,1.2166179977101617,1.3318889527502387
7168,L54347,-0.05392667734579168,0.1752066514041146,-0.9746996146282673,2.030654840959749,1.526412766442732,1,0,0,0,1,0,2.1697143083130563,0.4320022791391795,2.8560341835310004,1.1223916541050765,-0.3380416704365194
7169,L54348,-0.05392667734579168,0.1752066514041146,0.8919226368880916,-1.0390837228627032,-1.7016788913174623,0,0,0,0,0,0,-0.9400759804178845,0.4320022791391795,-1.531152278459849,-1.6560921796275558,-0.3380416704365194
7170,L54349,-0.05392667734579168,0.11161077067665898,-0.2651648406600607,1.2333201490578134,-1.6703381956110526,0,0,0,0,0,0,1.769821939276357,0.3213661998952274,-1.4942091861604845,-1.6265418475920776,-0.3380416704365194
7171,M22030,-0.05392667734579168,0.11161077067665898,-0.5380628306478324,-0.04241535798528352,-1.6389974999046428,0,0,0,0,0,0,-0.2869932757011268,0.3213661998952274,-1.4753491371281133,-1.598972100813669,1.3318889527502387
7172,M22031,-0.10083109352630702,0.11161077067665898,-0.5598946698468542,1.1535866798676202,-1.5919864563450283,0,0,0,0,0,0,1.3818765621776843,0.4320022791391795,-1.4038292882694015,-1.5564093236392438,1.3318889527502387
7173,M22032,-0.1477355097067957,0.048014889949239484,-0.7563812226380499,0.6652191810776846,-1.544975412785414,0,0,0,0,0,0,0.5303800893921441,0.4320022791391795,-1.3665683299751095,-1.5172531531069782,1.3318889527502387
7174,L54353,-0.1477355097067957,0.048014889949239484,0.7827634408929829,-0.9095168354286386,-1.4979643692257996,0,0,0,0,0,0,-0.7839842360772715,0.4320022791391795,-1.389737229160944,-1.4392973173887196,-0.3380416704365194
7175,L54354,-0.10083109352630702,0.11161077067665898,-0.057762368269354145,0.8545861704043942,-1.4666236735193898,0,0,0,0,0,0,1.396322271383794,0.4320022791391795,-1.274210599226699,-1.4288200213788214,-0.3380416704365194
7176,L54355,-0.1477355097067957,0.048014889949239484,0.15509806392110784,0.35625198796568436,-1.43528297781298,0,0,0,0,0,0,0.8152240973393734,0.4320022791391795,-1.2699723859609975,-1.3919514268184712,-0.3380416704365194
7177,L54356,-0.1477355097067957,0.048014889949239484,0.597192807701298,-0.829783366238445,-1.4039422821065706,0,0,0,0,0,0,-0.7573572801892535,0.4320022791391795,-1.3191003413992533,-1.345635440581899,-0.3380416704365194
7178,L54357,-0.10083109352630702,0.11161077067665898,-0.6854277452412292,0.9642196905409106,-1.3726015864001608,0,0,0,0,0,0,1.0038479692367184,0.4320022791391795,-1.1632753669969635,-1.3618267250584428,-0.3380416704365194
7179,L54358,-0.10083109352630702,0.11161077067665898,0.3242948177135263,-0.8397500498872194,-1.341260890693751,0,0,0,0,0,0,-0.9271919695043273,0.4320022791391795,-1.2752701525431243,-1.2916644923267528,-0.3380416704365194
7180,L54359,-0.10083109352630702,0.048014889949239484,-0.09596808686764219,0.23665178418039373,-1.3099201949873416,0,0,0,0,0,0,0.4415292171602399,0.3213661998952903,-1.1576597344199093,-1.2790382613129343,-0.3380416704365194
7181,M22040,-0.10083109352630702,0.11161077067665898,0.4771176921066785,-0.9593502536725096,-1.2785794992809318,0,0,0,0,0,0,-1.0317867126480242,0.4320022791391795,-1.2422120890706532,-1.2207991518288033,1.3318889527502387
7182,L54361,-0.10083109352630702,0.1752066514041146,-1.1438963684206858,1.2133867817602655,-1.2315684557213173,0,0,0,0,0,0,0.9219661756353307,0.5426383583831316,-0.979125000602236,-1.260668333053614,-0.3380416704365194
7183,L54362,-0.05392667734579168,0.1752066514041146,3.369836385977059,-2.304852546257026,-1.2002277600149078,0,0,0,0,0,0,-2.307889429949906,0.4320022791391795,-1.3412803241564244,-0.972235702066571,-0.3380416704365194
7184,L54363,-0.10083109352630702,0.1752066514041146,-0.5216889512485662,1.093786577974975,-1.168887064308498,0,0,0,0,0,0,1.3324390506040722,0.5426383583831316,-0.9199312886579392,-1.1695614112284132,-0.3380416704365194
7185,M22044,-0.10083109352630702,0.1752066514041146,0.2860890991152383,-0.3812826020436061,-1.1375463686020884,0,0,0,0,0,0,-0.23347582733822136,0.5426383583831316,-1.0721537817843825,-1.0881791630154243,1.3318889527502387
7186,L54365,-0.05392667734579168,0.23880253213153407,0.7172679232959176,-1.068983773809026,-1.090535325042474,0,0,0,0,0,0,-1.081175421149994,0.5426383583830686,-1.1289458395447818,-1.0103421624125897,-0.3380416704365194
7187,M22046,-0.007022261165303,0.3023984128589897,0.5644450489027655,-0.8497167335359936,-1.0591946293360643,0,0,0,0,0,0,-0.8079563048679514,0.5426383583831316,-1.0764626319378459,-0.9885953362899657,1.3318889527502387
7188,L54367,-0.007022261165303,0.3023984128589897,-0.7563812226380499,1.4326538220332974,-1.0121835857764498,0,0,0,0,0,0,1.5840774486059057,0.5426383583831316,-0.6873240172586915,-1.0452004629370142,-0.3380416704365194
7189,L54368,-0.007022261165303,0.23880253213153407,-1.3895045594096802,1.6818209132526523,-0.9808428900700402,0,0,0,0,0,0,1.2830796239450881,0.4320022791391795,-0.6083519767411214,-1.0702746722915153,-0.3380416704365194
7190,L54369,-0.007022261165303,0.23880253213153407,-0.2979125994585933,0.6353191301313617,-0.9495021943636306,0,0,0,0,0,0,0.868936757988848,0.4320022791391795,-0.7462351816519417,-0.9497362535462605,-0.3380416704365194
7191,L54370,-0.05392667734579168,0.1752066514041146,-1.0674849312241097,0.6353191301313617,-0.9181614986572209,0,0,0,0,0,0,0.2317345727844814,0.4320022791391795,-0.7135303026182788,-0.9901203869379093,-0.3380416704365194
7192,L54371,-0.05392667734579168,0.1752066514041146,0.4825756519064339,-0.5806162750190901,-0.8868208029508112,0,0,0,0,0,0,-0.42462769834663555,0.4320022791391795,-0.904885631564699,-0.8172350998483056,-0.3380416704365194
7193,M22052,-0.10083109352630702,0.11161077067665898,-0.6090163080446531,0.38615203891200667,-0.8554801072444016,0,0,0,0,0,0,0.2626464383626909,0.4320022791391795,-0.6958004437900944,-0.8919229698923994,1.3318889527502387
7194,L54373,-0.1477355097067957,0.048014889949239484,-1.2803453634145716,2.4691889215058147,-0.8084690636847871,0,0,0,0,0,0,2.401001825440068,0.4320022791391795,-0.22864338657815272,-0.9188985410936871,-0.3380416704365194
7195,L54374,-0.1477355097067957,0.048014889949239484,-0.8764563382326694,1.2632202000041364,-0.7771283679783775,0,0,0,0,0,0,1.2384931376927169,0.4320022791391795,-0.43507969106169386,-0.8497959214745294,-0.3380416704365194
7196,M22055,-0.1477355097067957,0.048014889949239484,-0.532604870848077,0.9343196395945875,-0.7457876722719677,0,0,0,0,0,0,1.0971496816023953,0.4320022791391795,-0.4690207156311864,-0.7844068992123773,1.3318889527502387
7197,H36610,-0.1477355097067957,0.048014889949239484,-0.6253901874439194,0.27651851877549105,-0.6987766287123534,0,0,0,0,0,0,0.09671599477899889,0.4320022791391795,-0.5659698440841068,-0.7523115151215647,-2.0079722936232773
7198,L54377,-0.19463992588731105,-0.015580990778216147,-0.2979125994585933,0.18681836593652273,-0.6204248894463292,0,0,0,0,0,0,0.21624447784522755,0.4320022791391795,-0.512497720048507,-0.6407055358856938,-0.3380416704365194
7199,M22058,-0.19463992588731105,-0.07917687150567178,-0.057762368269354145,-0.5407495404239934,-0.5890841937399195,0,0,0,0,0,0,-0.6944013177707348,0.3213661998952274,-0.6660269955985417,-0.580337297250213,1.3318889527502387
7200,L54379,-0.19463992588731105,-0.07917687150567178,-0.18329544366372916,0.14695163134142608,-0.542073150180305,0,0,0,0,0,0,0.24308616724847196,0.3213661998952274,-0.4491364317262704,-0.5517376461381283,-0.3380416704365194
7201,L54380,-0.19463992588731105,-0.07917687150567178,0.3679584961115698,-0.6503830605605098,-0.5107324544738954,0,0,0,0,0,0,-0.6043889324337459,0.3213661998952274,-0.6346288989884702,-0.44587536414775913,-0.3380416704365194
7202,L54381,-0.19463992588731105,-0.14277275223309127,-0.3634081170556585,0.06721816215123279,-0.47939175876748574,0,0,0,0,0,0,-0.005360509867957787,0.2107301206513382,-0.41268779764123786,-0.5175329387485366,-0.3380416704365194
7203,L54382,-0.19463992588731105,-0.2063686329605469,-1.1711861674194628,2.1901217793401364,-0.44805106306107606,0,0,0,0,0,0,2.1649120860634583,0.10009404140738613,0.2178170625196135,-0.6055897592778501,-0.3380416704365194
7204,M22063,-0.28844875824831506,-0.26996451368796637,-0.5817265090458759,0.8047527521605232,-0.41671036735466643,0,0,0,0,0,0,0.8718844635160403,0.2107301206513382,-0.1410183273097754,-0.49162688358606643,1.3318889527502387
7205,L54384,-0.28844875824831506,-0.26996451368796637,-0.07959420746837588,0.1768516822877491,-0.36969932379505194,0,0,0,0,0,0,0.36454725195173593,0.2107301206513382,-0.2792900351032849,-0.37158361115507915,-0.3380416704365194
7206,L54385,-0.28844875824831506,-0.2063686329605469,-0.3142864788578596,-0.032448674336509185,-0.3383586280886423,0,0,0,0,0,0,-0.11444513560274296,0.3213661998952274,-0.31436124987696434,-0.37840672736568387,-0.3380416704365194
7207,L54386,-0.28844875824831506,-0.2063686329605469,-0.4561934336515009,1.193453414462717,-0.30701793238223263,0,0,0,0,0,0,1.5342690336878135,0.3213661998952274,0.10024196284027909,-0.371950019427637,-0.3380416704365194
7208,M22067,-0.3353531744288304,-0.26996451368796637,-0.003182770271799793,-0.5507162240727678,-0.275677236675823,0,0,0,0,0,0,-0.6757585444033904,0.3213661998952903,-0.42554371121386564,-0.26829608999890053,1.3318889527502387
7209,L54388,-0.28844875824831506,-0.2063686329605469,0.9082965162873579,-1.0789504574578,-0.2286661931162085,0,0,0,0,0,0,-0.9980833113718774,0.3213661998952274,-0.5650515645432048,-0.0670884337332018,-0.3380416704365194
7210,L54389,-0.28844875824831506,-0.2063686329605469,0.4552858529076568,-0.5706495913703157,-0.19732549740979885,0,0,0,0,0,0,-0.4254183081072401,0.3213661998952274,-0.37157712896393386,-0.11218636003667616,-0.3380416704365194
7211,M22070,-0.28844875824831506,-0.26996451368796637,-1.1438963684206858,1.024019792433556,-0.1659848017033892,0,0,0,0,0,0,0.6751299998830942,0.2107301206513382,0.20637388670221973,-0.36437428081934586,1.3318889527502387
7212,L54391,-0.28844875824831506,-0.2063686329605469,-0.5981003884451422,0.03731811120490977,-0.11897375814377473,0,0,0,0,0,0,-0.217663632126129,0.3213661998952274,-0.09358565717780018,-0.22481234067993788,-0.3380416704365194
7213,M22072,-0.28844875824831506,-0.2063686329605469,0.897380596687847,-1.1387505593504452,-0.08763306243736507,0,0,0,0,0,0,-1.1036150734911065,0.3213661998952274,-0.4943793583376333,0.08301021997381638,1.3318889527502387
7214,M22073,-0.28844875824831506,-0.14277275223309127,-0.619932227644164,0.525685609994846,-0.04062201887775059,0,0,0,0,0,0,0.4490936932647913,0.4320022791391795,0.1610250047592144,-0.15815574385326112,1.3318889527502387
7215,M22074,-0.2415443420678264,-0.14277275223309127,0.4607438127074122,0.12701826404387812,0.00638902468186389,0,0,0,0,0,0,0.688189701854564,0.3213661998952903,0.05492839934115473,0.09796363866469172,1.3318889527502387
7216,L54395,-0.2415443420678264,-0.14277275223309127,-0.3470342376563922,0.7748527012142009,0.05340006824147837,0,0,0,0,0,0,1.030094261165928,0.3213661998952903,0.355700267430434,-0.017910501800164107,-0.3380416704365194
7217,M22076,-0.19463992588731105,-0.07917687150567178,0.6026507675010535,-1.178617293945542,0.08474076394788803,0,0,0,0,0,0,-1.3182900250310905,0.3213661998952274,-0.39976124718084854,0.20777718824291463,1.3318889527502387
7218,L54397,-0.2415443420678264,-0.14277275223309127,0.9574181544851568,-1.168650610296768,0.1317518075075025,0,0,0,0,0,0,-1.1232631901342816,0.3213661998952903,-0.365855541055237,0.3321381365343136,-0.3380416704365194
7219,H36632,-0.2415443420678264,-0.14277275223309127,-0.7672971422375607,0.8745195377019429,0.16309250321391217,0,0,0,0,0,0,0.8082452580945299,0.3213661998952903,0.5156574997667825,-0.0062646604885949735,-2.0079722936232773
7220,M22079,-0.28844875824831506,-0.2063686329605469,0.08414458652428716,-0.2218156636632188,0.2414442424799363,0,0,0,0,0,0,-0.12084809860220766,0.3213661998952274,0.11991433608191021,0.2546180295726102,1.3318889527502387
7221,L54400,-0.28844875824831506,-0.2063686329605469,-0.6090163080446531,0.26655183512671676,0.2884552860395508,0,0,0,0,0,0,0.09527142385838765,0.3213661998952274,0.3796461723816469,0.1411205914162379,-0.3380416704365194
7222,H36635,-0.3353531744288304,-0.26996451368796637,-0.5871844688456314,0.9642196905409106,0.3197959817459604,0,0,0,0,0,0,1.0909907339611427,0.3213661998952903,0.728663034812161,0.1745330647030017,-2.0079722936232773
7223,M22082,-0.28844875824831506,-0.2063686329605469,-1.2039339262179956,2.1701884120425885,0.39814772101198453,0,0,0,0,0,0,2.1028931426204713,0.3213661998952274,1.3889060247206844,0.09553742172478148,1.3318889527502387
7224,L54403,-0.28844875824831506,-0.26996451368796637,-0.909204097031202,1.1635533635163946,0.44515876457159903,0,0,0,0,0,0,1.0735777979991838,0.2107301206513382,0.9655791563648715,0.20801485847376297,-0.3380416704365194
7225,L54404,-0.28844875824831506,-0.26996451368796637,0.3133788981140154,-0.8895834681310903,0.4764994602780087,0,0,0,0,0,0,-1.0113284650155878,0.2107301206513382,-0.009280531634222202,0.5435656127264914,-0.3380416704365194
7226,M22085,-0.28844875824831506,-0.2063686329605469,2.016262355637711,-1.8065183638183164,0.5078401559844183,0,0,0,0,0,0,-1.7824169969633366,0.3213661998952274,-0.4455339504504241,1.0108648982794883,1.3318889527502387
7227,L54406,-0.3353531744288304,-0.26996451368796637,-0.7727551020373161,1.1336533125700714,0.5548511995440328,0,0,0,0,0,0,1.158524424499705,0.3213661998952903,1.0778918079059598,0.33891173811349157,-0.3380416704365194
7228,L54407,-0.3353531744288304,-0.26996451368796637,0.9792499936841785,-1.278284130433284,0.5861918952504425,0,0,0,0,0,0,-1.2969240402661084,0.3213661998952903,-0.13374272787032113,0.8307306691490098,-0.3380416704365194
7229,H36642,-0.28844875824831506,-0.2063686329605469,-0.9419518558297346,0.7449526502678779,0.6175325909568521,0,0,0,0,0,0,0.4825530791827261,0.3213661998952274,0.946507196669215,0.3488938878091223,-2.0079722936232773
7230,L54409,-0.28844875824831506,-0.14277275223309127,1.1375308278770861,-0.6503830605605098,0.6958843302228762,0,0,0,0,0,0,-0.1447225612496031,0.4320022791391795,0.2736908407391108,0.9939011855526872,-0.3380416704365194
7231,L54410,-0.28844875824831506,-0.14277275223309127,0.007733149327711078,-0.052382041634057866,0.727225025929286,0,0,0,0,0,0,0.08350012297827333,0.4320022791391795,0.6257450893433775,0.7108062318334467,-0.3380416704365194
7232,L54411,-0.28844875824831506,-0.07917687150567178,0.06777070712502087,-0.3314491837997351,0.7585657216356956,0,0,0,0,0,0,-0.2986279279806419,0.5426383583830686,0.4983161438212873,0.7584492101922555,-0.3380416704365194
7233,M22092,-0.2415443420678264,-0.07917687150567178,0.5371552499039883,0.21671841688284574,0.7899064173421052,0,0,0,0,0,0,0.8884677472600819,0.4320022791391795,0.8330290364800591,0.9246203132603934,1.3318889527502387
7234,L54413,-0.2415443420678264,-0.015580990778216147,-0.5107730316490553,0.595452395536265,0.8369174609017197,0,0,0,0,0,0,0.6361949093268977,0.5426383583831316,1.0950565716320506,0.6652923826259878,-0.3380416704365194
7235,M22094,-0.28844875824831506,-0.015580990778216147,-0.783671021636827,0.8147194358092976,0.8682581566081293,0,0,0,0,0,0,0.7121715312595716,0.6532744376270208,1.2549078486367569,0.6127474557559318,1.3318889527502387
7236,L54415,-0.28844875824831506,-0.015580990778216147,-0.9801575744280226,1.3828204037894265,0.9152692001677438,0,0,0,0,0,0,1.3003559113064491,0.6532744376270208,1.6420686304585839,0.5947142269903133,-0.3380416704365194
7237,M22096,-0.28844875824831506,-0.015580990778216147,-0.4398195542522346,-0.28161576555586415,0.9466098958741535,0,0,0,0,0,0,-0.5596072338948055,0.6532744376270208,0.6832788344252747,0.787355852019186,1.3318889527502387
7238,M22097,-0.28844875824831506,-0.015580990778216147,0.49894953130570024,-0.6204830096141867,0.993620939433768,0,0,0,0,0,0,-0.47835988022476666,0.6532744376270208,0.516046002649472,1.1236988403747423,1.3318889527502387
7239,L54418,-0.28844875824831506,-0.015580990778216147,0.8537169182898036,-0.39124928569238043,1.0406319829933826,0,0,0,0,0,0,0.11641291449381565,0.6532744376270208,0.693909686033409,1.284829353963638,-0.3380416704365194
7240,L54419,-0.28844875824831506,0.048014889949239484,0.06777070712502087,0.20675173323407142,1.071972678699792,0,0,0,0,0,0,0.5199167108320426,0.7639105168709728,1.0944208396421955,1.0660341006151615,-0.3380416704365194
7241,M22100,-0.2415443420678264,0.048014889949239484,-0.9746996146282673,1.6319874950087814,1.1033133744062018,0,0,0,0,0,0,1.6379560396989634,0.6532744376270836,2.028134540520104,0.7582214428876926,1.3318889527502387
7242,M22101,-0.2415443420678264,-0.015580990778216147,-0.30882851905810416,0.21671841688284574,1.1503244179658163,0,0,0,0,0,0,0.2515388592569124,0.5426383583831316,1.1750175285782845,1.0185693749294888,1.3318889527502387
7243,H36656,-0.2415443420678264,0.048014889949239484,-0.5107730316490553,1.1436199962188458,1.1973354615254308,0,0,0,0,0,0,1.412993400656791,0.6532744376270836,1.8272785501697368,0.9948716723286514,-2.0079722936232773
7244,M22103,-0.19463992588731105,0.11161077067665898,-0.8055028608358488,1.123686628921298,1.2756872007914548,0,0,0,0,0,0,1.1148847178371946,0.6532744376270208,1.9046259422687881,0.964915320315474,1.3318889527502387
7245,L54424,-0.19463992588731105,0.11161077067665898,1.197568385674396,-1.2982174977308325,1.3226982443510693,0,0,0,0,0,0,-1.225476343381836,0.6532744376270208,0.30247537250199974,1.7077338209794202,-0.3380416704365194
7246,L54425,-0.19463992588731105,0.048014889949239484,-0.3470342376563922,-0.5307828567752191,1.354038940057479,0,0,0,0,0,0,-0.8584577234033642,0.5426383583831316,0.8517831301807878,1.1960991344469207,-0.3380416704365194
7247,L54426,-0.2415443420678264,0.048014889949239484,0.7663895614937165,-1.0789504574578,1.3853796357638886,0,0,0,0,0,0,-1.071932119380949,0.6532744376270836,0.4935481538973735,1.6233311802494002,-0.3380416704365194
7248,M22107,-0.19463992588731105,0.048014889949239484,-1.236681685016528,1.3529203528431042,1.4167203314702983,0,0,0,0,0,0,1.0150726757144386,0.5426383583831316,2.2290258493143527,0.9333844030229262,1.3318889527502387
7249,L54428,-0.19463992588731105,0.048014889949239484,1.2084843052739067,-1.1885839775943163,1.4637313750299128,0,0,0,0,0,0,-1.031044905959062,0.5426383583831316,0.46645890744076485,1.8685969555586117,-0.3380416704365194
7250,L54429,-0.2415443420678264,-0.015580990778216147,-0.7563812226380499,0.47585219175097504,1.4950720707363225,0,0,0,0,0,0,0.27037684491082575,0.5426383583831316,1.6894659821466784,1.1762239613922276,-0.3380416704365194
7251,M22110,-0.1477355097067957,0.11161077067665898,-0.6090163080446531,0.20675173323407142,1.526412766442732,0,0,0,0,0,0,0.011583916606235636,0.5426383583830686,1.524599486110892,1.2590718426954481,1.3318889527502387
7252,M22111,-0.10083109352630702,0.1752066514041146,-0.5053150718492998,0.0173847439073618,1.5734238100023465,0,0,0,0,0,0,-0.1790604024570986,0.5426383583831316,1.4288511847499201,1.3408502079598512,1.3318889527502387
7253,H36666,-0.10083109352630702,0.23880253213153407,-0.21604320246226177,0.2964518860730391,1.620434853561961,0,0,0,0,0,0,0.4386010328617049,0.6532744376270208,1.680989555615275,1.4951377994855715,-2.0079722936232773
7254,L54433,-0.05392667734579168,0.3023984128589897,-0.10142604666739763,-0.08228209258038018,1.6987865928279853,0,0,0,0,0,0,-0.037980482953645804,0.6532744376270208,1.465511729498238,1.6145868963394379,-0.3380416704365194
7255,L54434,-0.05392667734579168,0.23880253213153407,-0.25970688086030524,-0.24174903096076747,1.7301272885343948,0,0,0,0,0,0,-0.381817643902043,0.5426383583830686,1.3693749252545766,1.5818379191137923,-0.3380416704365194
7256,M22115,-0.10083109352630702,0.1752066514041146,0.8919226368880916,-1.0490504065114776,1.7614679842408045,0,0,0,0,0,0,-0.9567080672335678,0.5426383583831316,0.7636282942541976,2.0731914126138995,1.3318889527502387
7257,H36670,-0.10083109352630702,0.1752066514041146,-0.7236334638395172,0.2565851514779424,-1.7016788913174623,0,0,0,0,0,0,-0.005789976898409839,0.5426383583831316,-1.531152278459849,-1.6560921796275558,-2.0079722936232773
7258,L54437,-0.10083109352630702,0.23880253213153407,-0.12325788586641936,0.18681836593652273,-1.623327152051438,0,0,0,0,0,0,0.34680245510260826,0.6532744376270208,-1.457336730748882,-1.5809289691217652,-0.3380416704365194
7259,L54438,-0.05392667734579168,0.23880253213153407,1.0993251092787981,-1.3978843342185745,-1.5919864563450283,0,0,0,0,0,0,-1.4427671395618464,0.5426383583830686,-1.4671199397038763,-1.5353358965040234,-0.3380416704365194
7260,M22119,-0.007022261165303,0.3023984128589897,-0.2215011622620172,0.30641856972181336,-1.5606457606386188,0,0,0,0,0,0,0.44905465080747736,0.5426383583831316,-1.3944699006409773,-1.5224026747753592,1.3318889527502387
7261,L54440,-0.007022261165303,0.3023984128589897,4.821653692712005,-2.534086270178833,-1.5136347170790043,0,0,0,0,0,0,-2.4158808668799048,0.5426383583831316,-1.469698186107178,-1.368035859839356,-0.3380416704365194
7262,L54441,-0.007022261165303,0.3023984128589897,1.5141300540602112,-1.477617803408768,-1.4822940213725946,0,0,0,0,0,0,-1.3925975819135998,0.5426383583831316,-1.4070432666625583,-1.4040428998128809,-0.3380416704365194
7263,M22122,-0.007022261165303,0.36599429358644536,0.024107028726977384,-0.4311160202874771,-1.450953325666185,0,0,0,0,0,0,-0.4780084981089425,0.6532744376270836,-1.3299784221145539,-1.4112918418537557,1.3318889527502387
7264,L54443,-0.007022261165303,0.36599429358644536,-0.6090163080446531,0.6951192320240069,-1.4039422821065706,0,0,0,0,0,0,0.6950318924988084,0.6532744376270836,-1.2164296250376359,-1.3872178280540748,-0.3380416704365194
7265,M22124,-0.007022261165303,0.36599429358644536,-0.5053150718492998,0.495785559048523,-1.3726015864001608,0,0,0,0,0,0,0.49934133582766443,0.6532744376270836,-1.198134671107358,-1.3549639971426968,1.3318889527502387
7266,L54445,-0.007022261165303,0.36599429358644536,-0.8546244990336477,0.8745195377019429,-1.3255905428405463,0,0,0,0,0,0,0.7321905512472282,0.6532744376270836,-1.1183503063805282,-1.3271565801334397,-0.3380416704365194
7267,L54446,-0.007022261165303,0.3023984128589897,0.20421970211890675,-0.710183162453155,-1.2942498471341368,0,0,0,0,0,0,-0.7946037844666288,0.5426383583831316,-1.2299565890439996,-1.249794919992302,-0.3380416704365194
7268,L54447,0.03988215501521234,0.3023984128589897,0.8428009986902927,-1.3181508650283809,-1.262909151427727,0,0,0,0,0,0,-1.4292291674882824,0.4320022791391795,-1.2671115920066491,-1.1860992981249443,-0.3380416704365194
7269,L54448,0.03988215501521234,0.36599429358644536,0.013191109127466513,-0.37131591839483175,-1.2315684557213173,0,0,0,0,0,0,-0.39459428805798674,0.5426383583831316,-1.1475939779138682,-1.1976857218788013,-0.3380416704365194
7270,M22129,-0.007022261165303,0.3023984128589897,-0.003182770271799793,-0.6503830605605098,-1.2002277600149078,0,0,0,0,0,0,-0.8260720050615592,0.5426383583831316,-1.1536687502613736,-1.168075972285611,1.3318889527502387
7271,L54450,-0.10083109352630702,0.23880253213153407,1.4595504560626569,-1.4078510178673485,-1.1532167164552933,0,0,0,0,0,0,-1.2935663889371207,0.6532744376270208,-1.2122267302158154,-1.0294350042907405,-0.3380416704365194
7272,M22131,-0.05392667734579168,0.23880253213153407,-1.3512988408113922,0.9741863741896849,-1.1218760207488836,0,0,0,0,0,0,0.4258341493200894,0.5426383583830686,-0.8816814139349836,-1.1823262832102268,1.3318889527502387
7273,L54452,-0.10083109352630702,0.1752066514041146,-1.8479731825891368,1.950921371769556,-1.074864977189269,0,0,0,0,0,0,1.1341521705215594,0.5426383583831316,-0.6905733140957293,-1.1799594838280285,-0.3380416704365194
7274,M22133,-0.10083109352630702,0.1752066514041146,0.8919226368880916,-1.068983773809026,-1.0435242814828596,0,0,0,0,0,0,-0.9899722408649342,0.5426383583831316,-1.0980068827051614,-0.947359551237777,1.3318889527502387
7275,M22134,-0.10083109352630702,0.1752066514041146,-0.34157627785663675,-0.18194892906812216,-0.996513237923245,0,0,0,0,0,0,-0.3501639716348712,0.5426383583831316,-0.9256175581227551,-0.9974485523890667,1.3318889527502387
7276,L54455,-0.10083109352630702,0.1752066514041146,-0.1450897250654411,-0.12214882717547682,-0.9495021943636306,0,0,0,0,0,0,-0.12762196494615385,0.5426383583831316,-0.8750768649292653,-0.9364267206187529,-0.3380416704365194
7277,M22136,-0.1477355097067957,0.1752066514041146,-1.0401951322253324,0.8844862213507165,-0.9181614986572209,0,0,0,0,0,0,0.583751128540122,0.6532744376270208,-0.6693822477672221,-0.9876446553665723,1.3318889527502387
7278,L54457,-0.1477355097067957,0.11161077067665898,-0.35795015725590307,1.4226871383845239,-0.8711504550976064,0,0,0,0,0,0,1.9565815338369683,0.5426383583830686,-0.5165946595386849,-0.8819309172704834,-0.3380416704365194
7279,H36692,-0.19463992588731105,0.048014889949239484,0.9465022348856459,-1.1188171920528969,-0.8398097593911967,0,0,0,0,0,0,-1.045119711820691,0.5426383583831316,-0.9736506418007049,-0.7225433187078089,-2.0079722936232773
7280,L54459,-0.19463992588731105,0.048014889949239484,-0.4125297552534574,0.0971182130975551,-0.7614580201251726,0,0,0,0,0,0,0.0018721053494253845,0.5426383583831316,-0.6644376656239037,-0.785624959145475,-0.3380416704365194
7281,L54460,-0.2415443420678264,0.11161077067665898,-1.3785886398101694,2.957556420295749,-0.730117324418763,1,0,0,1,0,0,2.903341602468204,0.7639105168709728,-0.007090788113609854,-0.8652840981848136,-0.3380416704365194
7282,L54461,-0.19463992588731105,0.11161077067665898,0.733641802695184,-1.0191503555651549,-0.6987766287123534,0,0,0,0,0,0,-0.9908799779974798,0.6532744376270208,-0.8598192971727402,-0.5944984818382605,-0.3380416704365194
7283,L54462,-0.19463992588731105,0.11161077067665898,-0.2979125994585933,-0.3513825510972838,-0.6674359330059436,0,0,0,0,0,0,-0.5669862583271155,0.6532744376270208,-0.6826619826664199,-0.6848527812657748,-0.3380416704365194
7284,M22143,-0.19463992588731105,0.11161077067665898,-0.532604870848077,1.8711879025793627,-0.636095237299534,0,0,0,0,0,0,2.4210989303423527,0.6532744376270208,-0.12138127251202525,-0.684377440804078,1.3318889527502387
7285,M22144,-0.1477355097067957,0.1752066514041146,-1.0674849312241097,1.7117209641989755,-0.5890841937399195,0,0,0,0,0,0,1.6495614101354945,0.6532744376270208,-0.09930724508649706,-0.7104122340082577,1.3318889527502387
7286,M22145,-0.10083109352630702,0.23880253213153407,-1.8479731825891368,2.1701884120425885,-0.542073150180305,0,0,0,0,0,0,1.3922618558231585,0.6532744376270208,0.08141723225178876,-0.7752466923984305,1.3318889527502387
7287,M22146,-0.1477355097067957,0.23880253213153407,-0.3306603582571259,-0.28161576555586415,-0.49506210662069056,0,0,0,0,0,0,-0.4871834755776879,0.7639105168709099,-0.5222102921157393,-0.5275547001493086,1.3318889527502387
7288,M22147,-0.10083109352630702,0.23880253213153407,-0.057762368269354145,-0.42114933663870274,-0.44805106306107606,0,0,0,0,0,0,-0.5151964387003459,0.6532744376270208,-0.5224575212229053,-0.44397400230097234,1.3318889527502387
7289,M22148,-0.10083109352630702,0.36599429358644536,2.414693421019858,-1.9061852003060584,-0.4010400195014616,0,0,0,0,0,0,-1.8206395626735565,0.8745465961149249,-0.9214146633009346,-0.02617944524842961,1.3318889527502387
7290,L54469,-0.05392667734579168,0.36599429358644536,-0.5871844688456314,1.3828204037894265,-0.3540289759418471,0,0,0,0,0,0,1.6784430679333848,0.7639105168709728,0.10296148301910443,-0.4356753500738508,-0.3380416704365194
7291,L54470,-0.05392667734579168,0.36599429358644536,1.4486345364631459,-1.5473845889501874,-0.3226882802354375,0,0,0,0,0,0,-1.5453902386111962,0.7639105168709728,-0.7727946514503373,-0.0822399109497841,-0.3380416704365194
7292,L54471,-0.10083109352630702,0.3023984128589897,-0.6799697854414738,0.675185864726459,-0.2913475845290278,0,0,0,0,0,0,0.6078793671600564,0.7639105168709728,-0.04671808214791829,-0.3940632538228189,-0.3380416704365194
7293,M22152,-0.1477355097067957,0.23880253213153407,0.08414458652428716,-0.18194892906812216,-0.2600068888226182,0,0,0,0,0,0,-0.060098035021919065,0.7639105168709099,-0.29317018354845714,-0.23846847602743262,1.3318889527502387
7294,L54473,-0.1477355097067957,0.3023984128589897,0.47165973230692304,-1.068983773809026,-0.2129958452630037,0,0,0,0,0,0,-1.20942989342586,0.874546596114862,-0.5514186452051986,-0.12544637833275699,-0.3380416704365194
7295,L54474,-0.1477355097067957,0.36599429358644536,1.4650084158624121,-1.5573512725989616,-0.18165514955659404,0,0,0,0,0,0,-1.5559024202429386,0.9851826753588141,-0.6986612377444429,0.08160400444129698,-0.3380416704365194
7296,M22155,-0.1477355097067957,0.3023984128589897,-1.1548122880201965,1.7416210151452978,-0.15031445385018438,0,0,0,0,0,0,1.5993040069582916,0.874546596114862,0.47585361351306954,-0.3531542653380467,1.3318889527502387
7297,H36710,-0.19463992588731105,0.23880253213153407,1.8579815214448037,-1.7965516801695425,-0.1033034102905699,0,0,0,0,0,0,-1.8257638851959948,0.874546596114862,-0.7422088790495253,0.2439030633318638,-2.0079722936232773
7298,L54477,-0.1477355097067957,0.3023984128589897,-0.2215011622620172,-0.012515307038961216,-0.024951671024545763,0,0,0,0,0,0,-0.01945483695824407,0.874546596114862,-0.027081027350168457,-0.06667251082921719,-0.3380416704365194
7299,L54478,-0.1477355097067957,0.3023984128589897,-0.04684644866984327,-0.39124928569238043,0.00638902468186389,0,0,0,0,0,0,-0.4633675766162637,0.874546596114862,-0.14525654057547685,-0.0024223250898799866,-0.3380416704365194
7300,L54479,-0.1477355097067957,0.3023984128589897,-0.2651648406600607,1.093786577974975,0.03772972038827355,0,0,0,0,0,0,1.565942227183642,0.874546596114862,0.46430448236403316,-0.0160487516585187,-0.3380416704365194
7301,L54480,-0.10083109352630702,0.36599429358644536,-0.5981003884451422,0.23665178418039373,0.0690704160946832,0,0,0,0,0,0,0.06168514995418197,0.8745465961149249,0.1570340206006785,-0.05475929050794366,-0.3380416704365194
7302,L54481,-0.1477355097067957,0.23880253213153407,0.0732286669247763,-0.052382041634057866,0.10041111180109286,0,0,0,0,0,0,0.12964830752319711,0.7639105168709099,0.0691264137812545,0.11365977682696815,-0.3380416704365194
7303,L54482,-0.1477355097067957,0.3023984128589897,-0.2542489210605498,0.42601877350710404,0.1317518075075025,0,0,0,0,0,0,0.5988605595205668,0.874546596114862,0.2953057283941884,0.07491952919868715,-0.3380416704365194
7304,L54483,-0.1477355097067957,0.36599429358644536,-0.909204097031202,0.545618977292394,0.16309250321391217,0,0,0,0,0,0,0.24209058458697008,0.9851826753588141,0.3769619706467025,-0.03690431441546139,-0.3380416704365194
7305,L54484,-0.1477355097067957,0.3023984128589897,-0.8000449010360933,0.43598545715587766,0.19443319892032182,0,0,0,0,0,0,0.18104770257682792,0.874546596114862,0.36202226888510486,0.01427400862721658,-0.3380416704365194
7306,M22165,-0.19463992588731105,0.3023984128589897,1.361307179667059,-1.4178177015161229,0.22577389462673148,0,0,0,0,0,0,-1.3563661815263843,0.9851826753588141,-0.4147009489424462,0.5242351006174922,1.3318889527502387
7307,L54486,-0.1477355097067957,0.3023984128589897,-1.0074473734268,0.5854857118874907,0.27278493818634597,0,0,0,0,0,0,0.21526841641238229,0.874546596114862,0.5070044810159751,0.035882193781845706,-0.3380416704365194
7308,M22167,-0.19463992588731105,0.23880253213153407,-0.8491665392338922,1.2133867817602655,0.3041256338927556,0,0,0,0,0,0,1.1965712991520132,0.874546596114862,0.8241641070659668,0.09949859223892064,1.3318889527502387
7309,L54488,-0.19463992588731105,0.23880253213153407,-1.1329804488211748,0.9143862722970396,0.3511366774523701,0,0,0,0,0,0,0.5418097687707619,0.874546596114862,0.7405653504000058,0.07318651709875126,-0.3380416704365194
7310,L54489,-0.19463992588731105,0.23880253213153407,-0.19421136326324,0.495785559048523,0.3824773731587797,0,0,0,0,0,0,0.7491447383357499,0.874546596114862,0.5779592347725936,0.32612706027910743,-0.3380416704365194
7311,L54490,-0.19463992588731105,0.3023984128589897,0.3570425765120589,-0.6404163769117354,0.4138180688651894,0,0,0,0,0,0,-0.5952334761936572,0.9851826753588141,0.06612434605138265,0.4909612682987233,-0.3380416704365194
7312,H36725,-0.19463992588731105,0.3023984128589897,0.09506050612379804,-0.32148250015096075,0.44515876457159903,0,0,0,0,0,0,-0.2655589666358445,0.9851826753588141,0.2446237614251753,0.45764782427481293,-2.0079722936232773
7313,L54492,-0.19463992588731105,0.3023984128589897,-0.7018016246404954,1.2432868327065878,0.5235105038376232,0,0,0,0,0,0,1.3752198232056798,0.9851826753588141,1.096822493826093,0.32948415228984035,-0.3380416704365194
7314,L54493,-0.2415443420678264,0.23880253213153407,-0.7236334638395172,-0.15204887812179985,0.5548511995440328,0,0,0,0,0,0,-0.5692507208513169,0.9851826753588141,0.4218163943753761,0.3517459305793025,-0.3380416704365194
7315,L54494,-0.2415443420678264,0.1752066514041146,-1.487747835805278,1.3329869855455554,0.5861918952504425,0,0,0,0,0,0,0.7501110391542661,0.8745465961149249,1.2172583874597753,0.177216757726331,-0.3380416704365194
7316,L54495,-0.2415443420678264,0.23880253213153407,-0.38523995625468027,1.004086425136007,0.6175325909568521,0,0,0,0,0,0,1.3275099403682036,0.9851826753588141,1.082412568722708,0.4983884630127342,-0.3380416704365194
7317,L54496,-0.2415443420678264,0.23880253213153407,-0.2378750416612835,0.7050859156727813,0.6488732866632618,0,0,0,0,0,0,1.0209290443115102,0.9851826753588141,0.9587980151397493,0.5676099177473161,-0.3380416704365194
7318,L54497,-0.2415443420678264,0.1752066514041146,0.5316972901042328,-1.0789504574578,0.6802139823696715,0,0,0,0,0,0,-1.1940666864728755,0.8745465961149249,0.03105313127770314,0.809498795193224,-0.3380416704365194
7319,H36732,-0.2415443420678264,0.1752066514041146,-0.03047256927057697,0.396118722560781,0.7115546780760811,0,0,0,0,0,0,0.7307947833982592,0.8745465961149249,0.8565864385485825,0.6848605649658353,-2.0079722936232773
7320,L54499,-0.28844875824831506,0.11161077067665898,0.6190246469003198,-0.7201498461019287,0.7899064173421052,0,0,0,0,0,0,-0.5674352465862241,0.874546596114862,0.3051595742369441,0.9482387924509481,-0.3380416704365194
7321,H36734,-0.28844875824831506,0.11161077067665898,-0.7072595844402509,0.9741863741896849,0.8212471130485148,0,0,0,0,0,0,0.9982551372265147,0.874546596114862,1.2949236455537547,0.593565487541213,-2.0079722936232773
7322,L54501,-0.28844875824831506,0.11161077067665898,2.0217203154374666,-1.6370847417891552,0.8995988523145391,0,0,0,0,0,0,-1.4631961053512972,0.874546596114862,-0.15337978266807129,1.4853735141682185,-0.3380416704365194
7323,H36736,-0.28844875824831506,0.11161077067665898,0.17692990312012957,-0.660349744209284,0.9309395480209487,0,0,0,0,0,0,-0.7338439602720119,0.874546596114862,0.44470274601016396,0.9608947322436228,-2.0079722936232773
7324,L54503,-0.2415443420678264,0.11161077067665898,-0.33611831805688136,0.6353191301313617,1.0092912872869728,0,0,0,0,0,0,0.8373026069503328,0.7639105168709728,1.2978197579519837,0.8777398602255564,-0.3380416704365194
7325,M22184,-0.2415443420678264,0.23880253213153407,1.525045973659722,-1.3281175486771548,1.0406319829933826,0,0,0,0,0,0,-1.1212329823539633,0.9851826753588141,0.11292128419350275,1.4979898422557516,1.3318889527502387
7326,L54505,-0.2415443420678264,0.23880253213153407,-0.6635959060422074,0.575519028238717,1.0876430265529968,0,0,0,0,0,0,0.4830508705134777,0.9851826753588141,1.341861857471398,0.8452087473781885,-0.3380416704365194
7327,M22186,-0.2415443420678264,0.3023984128589897,-1.122064529221664,1.2931202509504587,1.1189837222594066,0,0,0,0,0,0,1.046550656923698,1.0958187546027662,1.8318699478742466,0.7235810067415456,1.3318889527502387
7328,M22187,-0.2415443420678264,0.3023984128589897,0.19330378251939587,-0.052382041634057866,1.165994765819021,0,0,0,0,0,0,0.2142533125222231,1.0958187546027662,1.0153781622368634,1.1999909844770624,1.3318889527502387
7329,L54508,-0.19463992588731105,0.3023984128589897,-0.1287158456661748,0.22668510053162008,1.2130058093786356,0,0,0,0,0,0,0.40194992605836566,0.9851826753588141,1.2410630186354656,1.1381373068987795,-0.3380416704365194
7330,M22189,-0.2415443420678264,0.23880253213153407,0.19330378251939587,-0.5606829077215421,1.2443465050850453,0,0,0,0,0,0,-0.5702658247414761,0.9851826753588141,0.7463222567525833,1.2780260436056041,1.3318889527502387
7331,H36744,-0.28844875824831506,0.11161077067665898,-0.019556649671066097,-0.3314491837997351,1.2913575486446596,0,0,0,0,0,0,-0.3557860854880597,0.874546596114862,0.9378188594745273,1.2510801811831724,-2.0079722936232773
7332,L54511,-0.28844875824831506,0.1752066514041146,-0.09051012706788675,-0.5706495913703157,1.3697092879106838,0,0,0,0,0,0,-0.7592313181403161,0.9851826753588141,0.8363136517609777,1.3019515135110045,-0.3380416704365194
7333,M22192,-0.28844875824831506,0.1752066514041146,1.4431765766633906,-1.6171513744916068,1.4010499836170935,0,0,0,0,0,0,-1.6710971905473357,0.9851826753588141,0.12620101909270043,1.8831146454929317,1.3318889527502387
7334,M22193,-0.2415443420678264,0.23880253213153407,-0.9474098156294901,1.3329869855455554,1.448061027176708,0,0,0,0,0,0,1.2651493754237197,0.9851826753588141,2.2526185698267573,1.0649051670186318,1.3318889527502387
7335,L54514,-0.28844875824831506,0.23880253213153407,0.8373430388905372,-0.9593502536725096,1.4950720707363225,0,0,0,0,0,0,-0.8365939473076306,1.0958187546027032,0.6519513747029646,1.7661214743578315,-0.3380416704365194
7336,L54515,-0.2415443420678264,0.23880253213153407,-1.160270247819952,0.9941197414872329,1.526412766442732,0,0,0,0,0,0,0.6215442272198899,0.9851826753588141,2.0993718418277694,1.0530315584024996,-0.3380416704365194
7337,H36750,-0.2415443420678264,0.3023984128589897,0.045938867925999126,0.28648520242426473,1.5577534621491418,0,0,0,0,0,0,0.6244724115184257,1.0958187546027662,1.6130368695885287,1.5345514461012562,-2.0079722936232773
7338,L54517,-0.2415443420678264,0.3023984128589897,-0.008640730071555228,-0.710183162453155,1.6361052014151658,0,0,0,0,0,0,-0.9194615629561931,1.0958187546027662,0.9363354848315315,1.5901563771934846,-0.3380416704365194
7339,L54518,-0.28844875824831506,0.3023984128589897,-0.24333300146103892,-0.11218214352670319,1.6674458971215755,0,0,0,0,0,0,-0.1810125253227898,1.2064548338466554,1.4151123100802714,1.529085030791744,-0.3380416704365194
7340,L54519,-0.28844875824831506,0.23880253213153407,0.20967766191866216,-0.3513825510972838,-1.7016788913174623,0,0,0,0,0,0,-0.23656994208034124,1.0958187546027032,-1.531152278459849,-1.6560921796275558,-0.3380416704365194
7341,L54520,-0.3353531744288304,0.1752066514041146,-0.8437085794341368,0.6652191810776846,-1.6703381956110526,0,0,0,0,0,0,0.4576049489592016,1.0958187546027662,-1.4982354887629012,-1.6286412679645714,-0.3380416704365194
7342,L54521,-0.3353531744288304,0.1752066514041146,-0.19421136326324,-0.2218156636632188,-1.6389974999046428,0,0,0,0,0,0,-0.3085154302953639,1.0958187546027662,-1.477892065087534,-1.5964765633897615,-0.3380416704365194
7343,M22202,-0.3353531744288304,0.1752066514041146,0.6572303654986078,-0.5407495404239934,-1.6076568041982333,0,0,0,0,0,0,-0.25327035319632335,1.0958187546027662,-1.458043099626499,-1.5573996162677786,1.3318889527502387
7344,L54523,-0.3822575906093191,0.11161077067665898,-0.3961558758541911,0.8047527521605232,-1.5606457606386188,0,0,0,0,0,0,1.0311776893563853,1.0958187546027032,-1.378576600894597,-1.5252547175455393,-0.3380416704365194
7345,L54524,-0.3822575906093191,0.048014889949239484,-0.8546244990336477,0.9841530578384585,-1.529305064932209,0,0,0,0,0,0,0.8807861437835887,0.9851826753588141,-1.337677842880578,-1.5053300298594192,-0.3380416704365194
7346,L54525,-0.3822575906093191,0.11161077067665898,-0.8709983784329139,2.050588208257298,-1.4979643692257996,0,0,0,0,0,0,2.3085004834493237,1.0958187546027032,-1.2533727173370002,-1.4783049440267049,-0.3380416704365194
7347,L54526,-0.3822575906093191,0.11161077067665898,-0.39069791605443566,0.7050859156727813,-1.4666236735193898,0,0,0,0,0,0,0.8924793597490751,1.0958187546027032,-1.2821572490998892,-1.4378811989299147,-0.3380416704365194
7348,L54527,-0.3822575906093191,0.11161077067665898,0.47165973230692304,-0.3314491837997351,-1.43528297781298,0,0,0,0,0,0,-0.03427144950883385,1.0958187546027032,-1.311400920633229,-1.3821871415011182,-0.3380416704365194
7349,H36762,-0.3353531744288304,0.1752066514041146,-0.42890363465272374,0.04728479485368411,-1.4039422821065706,0,0,0,0,0,0,-0.08145425917257416,1.0958187546027662,-1.2600479032304799,-1.3810086932731618,-2.0079722936232773
7350,L54529,-0.3353531744288304,0.11161077067665898,0.5044074911054557,-0.34141586744850944,-1.3255905428405463,0,0,0,0,0,0,-0.02877622364191551,0.9851826753588141,-1.2217627100636435,-1.2679766926522007,-0.3380416704365194
7351,L54530,-0.3353531744288304,0.11161077067665898,-0.39069791605443566,-0.04241535798528352,-1.2942498471341368,0,0,0,0,0,0,-0.18289632388818072,0.9851826753588141,-1.168431859803567,-1.2778598130849779,-0.3380416704365194
7352,L54531,-0.3353531744288304,0.11161077067665898,-0.45073547385174545,0.34628530431691,-1.262909151427727,0,0,0,0,0,0,0.3297018587991597,0.9851826753588141,-1.1019625484198161,-1.2518151169545129,-0.3380416704365194
7353,M22212,-0.3353531744288304,0.11161077067665898,-0.5489787502473433,0.28648520242426473,-1.2315684557213173,0,0,0,0,0,0,0.1691202318674585,0.9851826753588141,-1.0776634590297944,-1.2282857641005263,1.3318889527502387
7354,L54533,-0.28844875824831506,0.1752066514041146,0.7991373202922492,-0.9493835700237356,-1.1845574121617028,0,0,0,0,0,0,-0.8408300539261798,0.9851826753588141,-1.1768376494472084,-1.1047863703959526,-0.3380416704365194
7355,M22214,-0.3353531744288304,0.1752066514041146,-0.6090163080446531,0.7748527012142009,-1.1532167164552933,0,0,0,0,0,0,0.8066152355016786,1.0958187546027662,-0.9415108578691356,-1.1607973214658804,1.3318889527502387
7356,L54535,-0.3822575906093191,0.11161077067665898,0.2587993001164611,-0.5806162750190901,-1.1062056728956788,0,0,0,0,0,0,-0.5610908472727301,1.0958187546027032,-1.0734958826518546,-1.0585099958645219,-0.3380416704365194
7357,L54536,-0.3822575906093191,0.11161077067665898,-1.1329804488211748,1.123686628921298,-1.074864977189269,0,0,0,0,0,0,0.8150386456671335,1.0958187546027032,-0.8078305477801359,-1.1280681500928056,-0.3380416704365194
7358,L54537,-0.3822575906093191,0.048014889949239484,-0.29245463965883783,0.2964518860730391,-1.0435242814828596,0,0,0,0,0,0,0.3799787832050185,0.9851826753588141,-0.8947845566147771,-1.0376148214024379,-0.3380416704365194
7359,M22218,-0.42916200678983446,0.048014889949239484,0.646314445899097,-0.8397500498872194,-1.0121835857764498,0,0,0,0,0,0,-0.7457909522100372,1.0958187546027662,-1.0416386462713323,-0.9332181725023002,1.3318889527502387
7360,M22219,-0.4760664229703498,-0.015580990778216147,-0.15600564466495198,0.32635193701936205,-0.9651725422168353,0,0,0,0,0,0,0.5289355184715329,1.0958187546027662,-0.8140465939031647,-0.9523506260855923,1.3318889527502387
7361,L54540,-0.42916200678983446,0.048014889949239484,0.24242542071719478,-0.47098275488257374,-0.9181614986572209,0,0,0,0,0,0,-0.4008996449141669,1.0958187546027662,-0.9095476661569706,-0.8712852715137344,-0.3380416704365194
7362,L54541,-0.42916200678983446,-0.015580990778216147,-0.21058524266250633,-0.1420821944730255,-0.8868208029508112,0,0,0,0,0,0,-0.20227114333015897,0.9851826753588141,-0.8240770319653248,-0.8826340250367432,-0.3380416704365194
7363,L54542,-0.42916200678983446,-0.015580990778216147,0.2915470589149937,-0.4809494385313481,-0.8554801072444016,0,0,0,0,0,0,-0.38553643796118325,0.9851826753588141,-0.8617264931423059,-0.8036878966899496,-0.3380416704365194
7364,L54543,-0.42916200678983446,-0.015580990778216147,-0.7018016246404954,0.8944529049994909,-0.824139411537992,0,0,0,0,0,0,0.8928502630935565,0.9851826753588141,-0.5639920112267794,-0.8730479923925263,-0.3380416704365194
7365,L54544,-0.42916200678983446,-0.07917687150567178,-0.7563812226380499,1.1735200471651688,-0.7927987158315822,0,0,0,0,0,0,1.2282835351051562,0.874546596114862,-0.47209342024881973,-0.8508258258082056,-0.3380416704365194
7366,L54545,-0.3822575906093191,0.048014889949239484,2.81858244620176,-1.9460519349011554,-0.7614580201251726,0,0,0,0,0,0,-1.7507145216245232,0.9851826753588141,-1.0988545253583017,-0.43387301748991747,-0.3380416704365194
7367,H36780,-0.3822575906093191,0.048014889949239484,-0.05230440846959871,-0.3115158165021871,-0.730117324418763,0,0,0,0,0,0,-0.34733339347962067,0.9851826753588141,-0.7253266628744811,-0.7160866107697621,-2.0079722936232773
7368,M22227,-0.42916200678983446,0.048014889949239484,-0.9910734940275335,2.1103883101499434,-0.6517655851527389,0,0,0,0,0,0,2.2581747559718233,1.0958187546027662,-0.08532114130968217,-0.7544010325677731,1.3318889527502387
7369,M22228,-0.3822575906093191,0.11161077067665898,0.433454013708635,-0.9892503046188322,-0.6047545415931244,0,0,0,0,0,0,-1.1028830274164725,1.0958187546027032,-0.7894649569620963,-0.5331003388691035,1.3318889527502387
7370,M22229,-0.3822575906093191,0.048014889949239484,0.5753609685022764,-1.0291170392139288,-0.5577434980335099,0,0,0,0,0,0,-1.0910141203930737,0.9851826753588141,-0.7679913430825422,-0.46617636303272236,1.3318889527502387
7371,M22230,-0.3822575906093191,0.048014889949239484,-0.46710935325101177,0.6153857628338136,-0.5107324544738954,0,0,0,0,0,0,0.7004392728367719,0.9851826753588141,-0.2937352786505508,-0.5610265909937846,1.3318889527502387
7372,L54551,-0.3822575906093191,0.11161077067665898,-0.15600564466495198,0.40608540620955536,-0.46372141091428093,0,0,0,0,0,0,0.6469999093884944,1.0958187546027032,-0.30348316916166407,-0.47320744069531934,-0.3380416704365194
7373,L54552,-0.3822575906093191,0.11161077067665898,-0.36886607685541395,0.27651851877549105,-0.43238071520787125,0,0,0,0,0,0,0.29260176373671254,1.0958187546027032,-0.30959325995305026,-0.4745443357438413,-0.3380416704365194
7374,L54553,-0.3822575906093191,0.048014889949239484,0.06777070712502087,-0.1919156127168965,-0.4010400195014616,0,0,0,0,0,0,-0.08641265125142761,0.9851826753588141,-0.41720855845798616,-0.3796148843724963,-0.3380416704365194
7375,L54554,-0.42916200678983446,-0.015580990778216147,-0.8819142980324248,1.0439531597311038,-0.36969932379505194,0,0,0,0,0,0,0.9372415370593575,0.9851826753588141,-0.018110142604433544,-0.4953206750905012,-0.3380416704365194
7376,M22235,-0.4760664229703498,-0.07917687150567178,0.14418214432159696,0.06721816215123279,-0.3383586280886423,0,0,0,0,0,0,0.36318076594575255,0.9851826753588141,-0.2836342037006289,-0.3060361420723614,1.3318889527502387
7377,L54556,-0.42916200678983446,-0.015580990778216147,-0.3252023984573705,0.3163852533705877,-0.2913475845290278,0,0,0,0,0,0,0.38376590156445833,0.9851826753588141,-0.16114984032185728,-0.33613113505353365,-0.3380416704365194
7378,L54557,-0.42916200678983446,-0.015580990778216147,-1.045653092025088,1.2731868836529108,-0.2600068888226182,0,0,0,0,0,0,1.0925036291820527,0.9851826753588141,0.1812271546590579,-0.42705980420559814,-0.3380416704365194
7379,L54558,-0.42916200678983446,-0.015580990778216147,-0.8327926598346259,1.2432868327065878,-0.2286661931162085,0,0,0,0,0,0,1.2524703374110604,0.9851826753588141,0.20849299333507013,-0.36403758132564407,-0.3380416704365194
7380,M22239,-0.3822575906093191,0.048014889949239484,-1.0019894136270444,0.8745195377019429,-0.19732549740979885,0,0,0,0,0,0,0.6038482334424067,0.9851826753588141,0.12005560985743378,-0.36601816658271363,1.3318889527502387
7381,L54560,-0.3822575906093191,0.11161077067665898,1.1047830690785536,-1.5075178543550904,-0.15031445385018438,0,0,0,0,0,0,-1.6273793989701968,1.0958187546027032,-0.6640138442973335,0.05272707139322249,-0.3380416704365194
7382,L54561,-0.3353531744288304,0.1752066514041146,-0.24879096126079436,0.3163852533705877,-0.11897375814377473,0,0,0,0,0,0,0.44266144842234095,1.0958187546027662,0.006294902117230732,-0.16079982517144903,-0.3380416704365194
7383,L54562,-0.28844875824831506,0.23880253213153407,0.859174878089559,-1.1586839266479936,-0.08763306243736507,0,0,0,0,0,0,-1.1562345453357938,1.0958187546027032,-0.5016549577770874,0.07587021012208055,-0.3380416704365194
7384,M22243,-0.3353531744288304,0.23880253213153407,-0.7127175442400063,0.45591882445342635,-0.05629236673095542,0,0,0,0,0,0,0.27775586934313573,1.2064548338466554,0.1191020118726507,-0.1899639430817986,1.3318889527502387
7385,L54564,-0.3353531744288304,0.23880253213153407,0.4007062549101024,-0.37131591839483175,-0.009281323171340937,0,0,0,0,0,0,-0.1437269785881005,1.2064548338466554,-0.15034239649431846,0.07010670702400806,-0.3380416704365194
7386,M22245,-0.28844875824831506,0.3023984128589897,-0.9037461372314466,1.3927870874382007,0.022059372535068716,0,0,0,0,0,0,1.3872937031299752,1.2064548338466554,0.5628782592354727,-0.1582745789686853,1.3318889527502387
7387,M22246,-0.28844875824831506,0.36599429358644536,0.182387862919885,-0.8098499989408967,0.0690704160946832,0,0,0,0,0,0,-0.9610417799954001,1.3170909130906074,-0.2620193160455516,0.10526209533699313,1.3318889527502387
7388,H36801,-0.28844875824831506,0.36599429358644536,-0.6417640668431857,0.4658855081022007,0.11608145965429768,0,0,0,0,0,0,0.34811037742262174,1.3170909130906074,0.29608273415956693,-0.02143594355774796,-2.0079722936232773
7389,M22248,-0.28844875824831506,0.36599429358644536,0.8373430388905372,-0.8596834171847676,0.19443319892032182,0,0,0,0,0,0,-0.6712491405836449,1.3170909130906074,-0.1935368533605924,0.3737502327853455,1.3318889527502387
7390,L54569,-0.28844875824831506,0.36599429358644536,0.9082965162873579,-0.7400832133994774,0.2414442424799363,0,0,0,0,0,0,-0.4315967769771508,1.3170909130906074,-0.10781899006178076,0.44004042133946436,-0.3380416704365194
7391,M22250,-0.3353531744288304,0.3023984128589897,-0.27608076025957157,0.12701826404387812,0.27278493818634597,0,0,0,0,0,0,0.1453043329060358,1.3170909130906074,0.3022987802825959,0.20308320118365972,1.3318889527502387
7392,L54571,-0.3353531744288304,0.36599429358644536,0.733641802695184,-0.8596834171847676,0.3197959817459604,0,0,0,0,0,0,-0.7292955139949525,1.4277269923345595,-0.10509946988295558,0.4836826174789926,-0.3380416704365194
7393,M22252,-0.3353531744288304,0.3023984128589897,-0.2651648406600607,-0.0623487252828322,0.3511366774523701,0,0,0,0,0,0,-0.12334681587029207,1.3170909130906074,0.28714716785771266,0.2794545686962628,1.3318889527502387
7394,M22253,-0.3353531744288304,0.3023984128589897,0.2915470589149937,-0.4510493875850258,0.39814772101198453,0,0,0,0,0,0,-0.3388611802425236,1.3170909130906074,0.14421342547193156,0.4591332632176151,1.3318889527502387
7395,L54574,-0.3353531744288304,0.36599429358644536,-0.33611831805688136,-0.1919156127168965,0.44515876457159903,0,0,0,0,0,0,-0.36088112616751233,1.4277269923345595,0.3075259099769607,0.35046845308849256,-0.3380416704365194
7396,M22255,-0.3353531744288304,0.36599429358644536,0.17147194332037413,-0.1919156127168965,0.4764994602780087,0,0,0,0,0,0,-0.015941015800000454,1.4277269923345595,0.3343679273264032,0.507776437131244,1.3318889527502387
7397,L54576,-0.3353531744288304,0.36599429358644536,0.41162217450961325,-0.4809494385313481,0.5235105038376232,0,0,0,0,0,0,-0.3101649741168725,1.4277269923345595,0.22918960144924563,0.6163521209237984,-0.3380416704365194
7398,L54577,-0.3353531744288304,0.36599429358644536,1.0720353102800209,-1.377950966921026,0.5548511995440328,0,0,0,0,0,0,-1.4214987609401475,1.4277269923345595,-0.20374388364215676,0.8209069662739448,-0.3380416704365194
7399,M22258,-0.3353531744288304,0.4295901743138648,-0.23241708186152807,-0.21184898001444516,0.5861918952504425,0,0,0,0,0,0,-0.31965229124412947,1.5383630715784486,0.41800200243624475,0.5097570223883137,1.3318889527502387
7400,L54579,-0.3822575906093191,0.36599429358644536,0.5535291293032546,-0.4809494385313481,0.633202938810057,0,0,0,0,0,0,-0.22108960775541497,1.5383630715784486,0.31596701806448296,0.7667379594930918,-0.3380416704365194
7401,M22260,-0.3822575906093191,0.36599429358644536,0.5044074911054557,-0.5706495913703157,0.6645436345164666,0,0,0,0,0,0,-0.3953751372042629,1.5383630715784486,0.2927628004347676,0.7858010925923864,1.3318889527502387
7402,L54581,-0.28844875824831506,0.49318605504132046,-0.7181755040397618,1.193453414462717,0.7115546780760811,0,0,0,0,0,0,1.2911126095374035,1.5383630715784486,1.2917096671605974,0.49270418332494453,-0.3380416704365194
7403,M22262,-0.28844875824831506,0.49318605504132046,-0.4234456748529683,0.35625198796568436,0.7428953737824907,0,0,0,0,0,0,0.36516217065442796,1.5383630715784486,0.8655573232943174,0.6040328806248256,1.3318889527502387
7404,L54583,-0.28844875824831506,0.49318605504132046,-0.8982881774316911,0.8645528540531686,0.7899064173421052,0,0,0,0,0,0,0.6807325925076269,1.5383630715784486,1.198045153988596,0.510509644786,-0.3380416704365194
7405,L54584,-0.28844875824831506,0.49318605504132046,0.06777070712502087,-0.7699832643457997,0.8212471130485148,0,0,0,0,0,0,-0.9655902262724588,1.5383630715784486,0.2998264892109367,0.8199661882768368,-0.3380416704365194
7406,M22265,-0.28844875824831506,0.49318605504132046,-0.057762368269354145,-0.47098275488257374,0.8525878087549246,0,0,0,0,0,0,-0.5898651383130076,1.5383630715784486,0.4952787576475348,0.813598606675358,1.3318889527502387
7407,L54586,-0.28844875824831506,0.5567819357687399,0.024107028726977384,0.07718484580000713,0.8995988523145391,0,0,0,0,0,0,0.2910791079014741,1.6489991508223378,0.8550324270178258,0.8837113247756212,-0.3380416704365194
7408,H36821,-0.28844875824831506,0.5567819357687399,-0.619932227644164,0.7250192829703299,0.9309395480209487,0,0,0,0,0,0,0.7276616261988268,1.6489991508223378,1.2694590475156653,0.7179957563166094,-2.0079722936232773
7409,L54588,-0.2415443420678264,0.5567819357687399,-1.3567568006111477,1.1137199452725235,1.0092912872869728,0,0,0,0,0,0,0.5975331159718967,1.5383630715784486,1.5911041159385242,0.5573702919682664,-0.3380416704365194
7410,L54589,-0.28844875824831506,0.5567819357687399,2.9659473607951568,-2.2251190770668328,1.0406319829933826,0,0,0,0,0,0,-2.2665044251972675,1.6489991508223378,-0.4433442069298116,1.955505036638825,-0.3380416704365194
7411,L54590,-0.2415443420678264,0.6203778164961956,1.1266149082775754,-1.2284507121894128,1.071972678699792,0,0,0,0,0,0,-1.1402466590657883,1.6489991508224007,0.19422434200720873,1.4060807834014377,-0.3380416704365194
7412,L54591,-0.19463992588731105,0.6839736972236512,-0.6308481472436748,0.7848193848629745,1.1033133744062018,0,0,0,0,0,0,0.8019008587810358,1.6489991508224007,1.4907644168730416,0.8698967426075609,-0.3380416704365194
7413,L54592,-0.19463992588731105,0.6203778164961956,0.5262393303044774,-0.6304496932629611,1.1346540701126113,0,0,0,0,0,0,-0.47789137073700066,1.5383630715784486,0.6167742045976429,1.2781151699421722,-0.3380416704365194
7414,M22273,-0.1477355097067957,0.6839736972236512,0.41162217450961325,-0.47098275488257374,1.165994765819021,0,0,0,0,0,0,-0.29439182136209335,1.5383630715784486,0.7439206025686862,1.2724804048858092,1.3318889527502387
7415,L54594,-0.1477355097067957,0.6839736972236512,0.42799605390887957,-0.6503830605605098,1.2130058093786356,0,0,0,0,0,0,-0.5685284353910113,1.5383630715784486,0.6629707291937883,1.3260156243844,-0.3380416704365194
7416,L54595,-0.1477355097067957,0.7475695779510707,-0.281538720059327,-0.08228209258038018,1.2443465050850453,0,0,0,0,0,0,-0.16392168963366888,1.6489991508223378,1.0650358943333322,1.1160537812824538,-0.3380416704365194
7417,M22276,-0.1477355097067957,0.7475695779510707,-0.4834832326502781,0.24661846782916805,1.2756872007914548,0,0,0,0,0,0,0.16256109903873872,1.6489991508223378,1.3141015605810535,1.075927123974224,1.3318889527502387
7418,M22277,-0.1477355097067957,0.8111654586785263,-0.24879096126079436,0.10708489674632944,1.3226982443510693,0,0,0,0,0,0,0.13622696158057426,1.7596352300662899,1.2635961858314448,1.2012486561153017,1.3318889527502387
7419,M22278,-0.10083109352630702,0.8747613394059458,-0.619932227644164,-0.02248199068773485,1.3697092879106838,0,0,0,0,0,0,-0.31696812230380433,1.7596352300662899,1.2170464767964908,1.1136770789739703,1.3318889527502387
7420,L54599,-0.1477355097067957,0.8747613394059458,0.17147194332037413,-0.37131591839483175,1.4167203314702983,0,0,0,0,0,0,-0.29212735883789265,1.870271309310179,1.0131177818284895,1.4418204443652582,-0.3380416704365194
7421,L54600,-0.1477355097067957,0.8111654586785263,0.03502294832648825,0.007418060258587462,1.448061027176708,0,0,0,0,0,0,0.19332655540202145,1.7596352300662899,1.3084506095601183,1.423193040022519,-0.3380416704365194
7422,M22281,-0.1477355097067957,0.8747613394059458,-1.083858810623376,0.8545861704043942,1.4794017228831176,0,0,0,0,0,0,0.5063494569154936,1.870271309310179,1.9461251138287814,1.0417224165846324,1.3318889527502387
7423,L54602,-0.19463992588731105,0.7475695779510707,-1.034737172425577,0.4160520898583297,1.526412766442732,0,0,0,0,0,0,-0.03125541968134259,1.7596352300662899,1.6773870743394292,1.099951623142478,-0.3380416704365194
7424,L54603,-0.19463992588731105,0.8111654586785263,-0.7290914236392727,0.7349859666191036,1.5577534621491418,0,0,0,0,0,0,0.649254611298366,1.870271309310242,1.9436175043132413,1.2420586153372204,-0.3380416704365194
7425,M22284,-0.1477355097067957,0.8747613394059458,0.18784582271964043,-1.0091836719163807,1.5890941578555513,0,0,0,0,0,0,-1.265397255985207,1.870271309310179,0.6790759396034539,1.6193006892512636,1.3318889527502387
7426,M22285,-0.19463992588731105,0.8747613394059458,1.3667651394668143,-1.5772846398965097,1.6361052014151658,0,0,0,0,0,0,-1.6335578678401068,1.9809073885541313,0.2818494012755862,2.121705848485819,1.3318889527502387
7427,M22286,-0.19463992588731105,0.8747613394059458,0.8264271192910263,-1.0889171411065743,1.6831162449747803,1,1,0,0,0,0,-1.0572033523593147,1.9809073885541313,0.6811950462363047,1.9631500957311134,1.3318889527502387
7428,L54607,-0.19463992588731105,0.8747613394059458,0.5098654509052111,-0.7998833152921226,-1.7016788913174623,0,0,0,0,0,0,-0.7588604147958353,1.9809073885541313,-1.531152278459849,-1.6560921796275558,-0.3380416704365194
7429,M22288,-0.19463992588731105,0.8747613394059458,1.7651962048489611,-1.6570181090867036,-1.6703381956110526,0,0,0,0,0,0,-1.6073896608255256,1.9809073885541313,-1.5146938836113748,-1.6191740704357789,1.3318889527502387
7430,L54609,-0.19463992588731105,0.8747613394059458,0.26971521971597195,-0.6304496932629611,-1.623327152051438,0,0,0,0,0,0,-0.6320309922119232,1.9809073885541313,-1.4718172927400288,-1.57736391565904,-0.3380416704365194
7431,M22290,-0.19463992588731105,0.8747613394059458,-0.8546244990336477,0.6153857628338136,-1.5919864563450283,0,0,0,0,0,0,0.3809646052521927,1.9809073885541313,-1.417179660056361,-1.5601526297751054,1.3318889527502387
7432,M22291,-0.19463992588731105,0.8747613394059458,-1.0292792126258217,2.180155095691362,-1.544975412785414,0,0,0,0,0,0,2.3088030624935048,1.9809073885541313,-1.3128842952762245,-1.522204616249652,1.3318889527502387
7433,L54612,-0.1477355097067957,0.8747613394059458,-0.30882851905810416,0.3163852533705877,-1.4979643692257996,0,0,0,0,0,0,0.3963863758911477,1.870271309310179,-1.3332630373954724,-1.465044925730624,-0.3380416704365194
7434,M22293,-0.1477355097067957,0.8747613394059458,2.0326362350369775,-1.7965516801695425,-1.4666236735193898,0,0,0,0,0,0,-1.7573614999821994,1.870271309310179,-1.415131190311272,-1.3719277098694977,1.3318889527502387
7435,L54614,-0.19463992588731105,0.8747613394059458,-0.17783748386397372,-0.1719822454193478,-1.4196126299597753,0,0,0,0,0,0,-0.22388114345335225,1.9809073885541313,-1.2883026583351562,-1.3872871485380722,-0.3380416704365194
7436,L54615,-0.2415443420678264,0.8111654586785263,-0.19966932306299545,0.07718484580000713,-1.3882719342533656,0,0,0,0,0,0,0.12820373660258658,1.9809073885541941,-1.2436601452697678,-1.3582121569642909,-0.3380416704365194
7437,L54616,-0.19463992588731105,0.8747613394059458,-0.29245463965883783,0.12701826404387812,-1.356931238546956,0,0,0,0,0,0,0.1332402135960679,1.9809073885541313,-1.2110259031238666,-1.3321278491286845,-0.3380416704365194
7438,L54617,-0.28844875824831506,0.8111654586785263,1.0174557122824666,-0.9892503046188322,-1.3255905428405463,0,0,0,0,0,0,-0.7895673074731467,2.091543467798083,-1.2768594825177624,-1.245635690952456,-0.3380416704365194
7439,L54618,-0.2415443420678264,0.8111654586785263,0.5808189283020317,-1.2384173958381872,-1.2942498471341368,0,0,0,0,0,0,-1.4257153463300394,1.9809073885541941,-1.2786254047118046,-1.2320290702363879,-0.3380416704365194
7440,L54619,-0.19463992588731105,0.8111654586785263,-0.25970688086030524,0.14695163134142608,-1.262909151427727,0,0,0,0,0,0,0.18651364660076133,1.870271309310242,-1.1217408769930897,-1.2421102491948721,-0.3380416704365194
7441,L54620,-0.19463992588731105,0.8747613394059458,0.6244826067000753,-1.0291170392139288,-1.2315684557213173,0,0,0,0,0,0,-1.0650118438220768,1.9809073885541313,-1.2175244967979422,-1.1644118895600324,-0.3380416704365194
7442,M22301,-0.2415443420678264,0.8747613394059458,-1.111148609622153,1.4824872402771685,-1.2002277600149078,0,0,0,0,0,0,1.3048262726688793,2.091543467798083,-0.9118080465653446,-1.2324053814352312,1.3318889527502387
7443,L54622,-0.19463992588731105,0.9383572201334015,0.32975277751328175,-0.3015491328534128,-1.1532167164552933,0,0,0,0,0,0,-0.08027322483883155,2.091543467798083,-1.075014575738731,-1.101181705228086,-0.3380416704365194
7444,H36857,-0.1477355097067957,1.001953100860857,0.2642572599162165,-0.20188229636567082,-1.1218760207488836,0,0,0,0,0,0,0.0316029365938916,2.091543467798083,-1.0358817399187543,-1.0738694345330966,-2.0079722936232773
7445,L54624,-0.10083109352630702,1.0655489815882766,-1.3895045594096802,1.5123872912234915,-1.0435242814828596,0,0,0,0,0,0,1.0696930734964596,2.091543467798083,-0.7138128501693254,-1.1212153251033448,-0.3380416704365194
7446,L54625,-0.10083109352630702,1.0655489815882766,0.06777070712502087,0.13698494769265174,-1.0121835857764498,0,0,0,0,0,0,0.41380907246743476,2.091543467798083,-0.8893455162571271,-0.9794054206971629,-0.3380416704365194
7447,L54626,-0.10083109352630702,1.1291448623157323,-0.8819142980324248,1.103753261623749,-0.9808428900700402,0,0,0,0,0,0,1.0180008600129744,2.2021795470420353,-0.7025815850152167,-1.027909953642797,-0.3380416704365194
7448,M22307,-0.05392667734579168,1.1927407430431516,0.7445577222946949,-0.9095168354286386,-0.9495021943636306,0,0,0,0,0,0,-0.8050281205694158,2.2021795470419723,-1.0090044041254311,-0.8589462253621909,1.3318889527502387
7449,L54628,-0.05392667734579168,1.1291448623157323,-0.2869966798590824,-0.15204887812179985,-0.9024911508040161,0,0,0,0,0,0,-0.26940464868125563,2.091543467798083,-0.8394758734973735,-0.904578909685074,-0.3380416704365194
7450,L54629,-0.05392667734579168,1.1291448623157323,-0.6690538658419629,0.595452395536265,-0.8711504550976064,0,0,0,0,0,0,0.5062713720008657,2.091543467798083,-0.6719604941705238,-0.9118476575785194,-0.3380416704365194
7451,L54630,-0.05392667734579168,1.1291448623157323,-0.48894119245003353,0.10708489674632944,-0.8398097593911967,0,0,0,0,0,0,-0.03985452090470912,2.091543467798083,-0.734721368946786,-0.8657891474253663,-0.3380416704365194
7452,L54631,-0.05392667734579168,1.1291448623157323,-0.17783748386397372,0.3163852533705877,-0.8084690636847871,0,0,0,0,0,0,0.4973501705046607,2.091543467798083,-0.6634840676391208,-0.8048762478441913,-0.3380416704365194
7453,L54632,-0.05392667734579168,1.0655489815882766,0.20967766191866216,-0.6304496932629611,-0.7771283679783775,0,0,0,0,0,0,-0.6681062227698835,1.9809073885541313,-0.8309994469659704,-0.7335256639582597,-0.3380416704365194
7454,H36867,-0.05392667734579168,1.0655489815882766,-0.5926424286453867,0.7748527012142009,-0.7457876722719677,0,0,0,0,0,0,0.8205826746056947,1.9809073885541313,-0.5034915168588913,-0.7910517627498457,-2.0079722936232773
7455,L54634,-0.10083109352630702,1.001953100860857,-0.5162309914488107,0.7349859666191036,-0.6674359330059436,0,0,0,0,0,0,0.8293086638153307,1.9809073885541941,-0.42858109738761846,-0.7109965066590932,-0.3380416704365194
7456,M22315,-0.10083109352630702,1.0655489815882766,0.30792093831426,-0.04241535798528352,-0.636095237299534,0,0,0,0,0,0,0.31060033655837843,2.091543467798083,-0.5824988758203424,-0.5806739967439148,1.3318889527502387
7457,M22316,-0.10083109352630702,1.0655489815882766,-0.783671021636827,1.024019792433556,-0.5890841937399195,0,0,0,0,0,0,0.9985186738133841,2.091543467798083,-0.2723323016587584,-0.6738506301627533,1.3318889527502387
7458,L54637,-0.1477355097067957,1.001953100860857,-0.057762368269354145,-0.3314491837997351,-0.542073150180305,0,0,0,0,0,0,-0.38079277939755546,2.091543467798083,-0.5745875443910331,-0.534882865600466,-0.3380416704365194
7459,M22318,-0.1477355097067957,1.001953100860857,-0.5871844688456314,1.1436199962188458,-0.5107324544738954,0,0,0,0,0,0,1.3427560199492463,2.091543467798083,-0.1514725866985056,-0.5775842837428863,1.3318889527502387
7460,L54639,-0.19463992588731105,0.9383572201334015,0.2751731795157274,-0.7899166316433484,-0.46372141091428093,0,0,0,0,0,0,-0.8772176241426504,2.091543467798083,-0.6383020171520781,-0.4114032777484631,-0.3380416704365194
7461,L54640,-0.19463992588731105,0.9383572201334015,-0.5216889512485662,0.16688499863897477,-0.43238071520787125,0,0,0,0,0,0,0.020758894074981,2.091543467798083,-0.34106199345088356,-0.49700417255901036,-0.3380416704365194
7462,L54641,-0.19463992588731105,0.9383572201334015,1.1375308278770861,-1.1586839266479936,-0.4010400195014616,0,0,0,0,0,0,-1.0153595987332384,2.091543467798083,-0.7015573501426722,-0.2185140795624566,-0.3380416704365194
7463,L54642,-0.19463992588731105,0.8111654586785263,0.8864646770883361,-0.9493835700237356,-0.36969932379505194,0,0,0,0,0,0,-0.7933544258325866,1.870271309310242,-0.6185236885788047,-0.22259408519201995,-0.3380416704365194
7464,H36877,-0.1477355097067957,0.8747613394059458,-0.12325788586641936,0.6951192320240069,-0.3383586280886423,0,0,0,0,0,0,1.1024496951827454,1.870271309310179,-0.09005381278971565,-0.34825231682679947,-2.0079722936232773
7465,L54644,-0.1477355097067957,0.8111654586785263,-0.03047256927057697,0.23665178418039373,-0.2600068888226182,0,0,0,0,0,0,0.4910740954914647,1.7596352300662899,-0.15669971639287078,-0.2576009296107248,-0.3380416704365194
7466,M22325,-0.1477355097067957,0.8747613394059458,-0.821876740235115,1.2133867817602655,-0.2286661931162085,0,0,0,0,0,0,1.221997699477632,1.870271309310179,0.1985331921606721,-0.36217583118399865,1.3318889527502387
7467,H36880,-0.05392667734579168,1.001953100860857,1.4213447374643688,-1.6271180581403808,-0.18165514955659404,0,0,0,0,0,0,-1.6979291193362511,1.870271309310242,-0.7226424611395368,0.073919333643867,-2.0079722936232773
7468,H36881,-0.05392667734579168,1.001953100860857,-0.4234456748529683,0.16688499863897477,-0.1033034102905699,0,0,0,0,0,0,0.09384637416643371,1.870271309310242,-0.03252006770781852,-0.17831810177022947,-2.0079722936232773
7469,L54648,-0.05392667734579168,1.001953100860857,0.10597642572330891,-0.2218156636632188,-0.024951671024545763,0,0,0,0,0,0,-0.10612909219490098,1.870271309310242,-0.10644157075042777,-0.003095724077283644,-0.3380416704365194
7470,L54649,-0.05392667734579168,1.001953100860857,0.36250053631181434,-0.6404163769117354,0.00638902468186389,0,0,0,0,0,0,-0.5919636703936256,1.870271309310242,-0.24149930015078047,0.07853409729283913,-0.3380416704365194
7471,L54650,-0.007022261165303,1.001953100860857,-1.1384384086209303,1.4625538729796204,0.03772972038827355,0,0,0,0,0,0,1.2520799128379223,1.759635230066353,0.6093573313826653,-0.19192472248629747,-0.3380416704365194
7472,L54651,-0.05392667734579168,1.0655489815882766,-0.9583257352290009,1.3329869855455554,0.0690704160946832,0,0,0,0,0,0,1.2547445605495902,1.9809073885541313,0.5960422780395863,-0.12861531474406832,-0.3380416704365194
7473,M22332,-0.05392667734579168,1.001953100860857,0.4170801343093687,-0.7400832133994774,0.10041111180109286,0,0,0,0,0,0,-0.7170947460843868,1.870271309310242,-0.21112543841325346,0.1854064777643137,1.3318889527502387
7474,M22333,-0.05392667734579168,1.001953100860857,-1.2912612830140824,2.2798219321791042,0.14742215536070732,0,0,0,0,0,0,2.1465426098973106,1.870271309310242,1.0860856868863158,-0.1323091062485031,1.3318889527502387
7475,L54654,-0.05392667734579168,1.0655489815882766,2.4474411798183904,-1.7566849455744453,0.19443319892032182,0,0,0,0,0,0,-1.5172503875022667,1.9809073885541313,-0.5781547072229984,0.727235186540839,-0.3380416704365194
7476,H36889,-0.05392667734579168,1.001953100860857,-1.1002326900226422,1.3429536691943298,0.22577389462673148,0,0,0,0,0,0,1.1325514297716923,1.870271309310242,0.7886337525218362,-0.025109929209612036,-2.0079722936232773
7477,L54656,-0.10083109352630702,0.9383572201334015,-0.2651648406600607,0.18681836593652273,0.3041256338927556,0,0,0,0,0,0,0.24072409858098673,1.870271309310242,0.3585257429409013,0.23512907064304553,-0.3380416704365194
7478,M22337,-0.1477355097067957,0.8111654586785263,-0.12325788586641936,0.027351427556136138,0.3354663295991652,0,0,0,0,0,0,0.1097366542931547,1.7596352300662899,0.3145895987531298,0.2981512935229996,1.3318889527502387
7479,L54658,-0.1477355097067957,0.8111654586785263,-0.33611831805688136,-0.04241535798528352,0.3824773731587797,0,0,0,0,0,0,-0.14434189729079328,1.7596352300662899,0.3243021708203623,0.29188274118437435,-0.3380416704365194
7480,M22339,-0.1477355097067957,0.8111654586785263,-0.09596808686764219,-0.5806162750190901,0.4138180688651894,0,0,0,0,0,0,-0.77743486386288,1.7596352300662899,0.09473228559486739,0.37999897927140003,1.3318889527502387
7481,M22340,-0.10083109352630702,0.8747613394059458,0.16055602372086325,-0.4610160712338001,0.46082911242480384,0,0,0,0,0,0,-0.4371115240727272,1.7596352300662899,0.189350396751652,0.4894758293559211,1.3318889527502387
7482,H36895,-0.10083109352630702,0.8747613394059458,-0.1887534034634846,-0.3812826020436061,0.5078401559844183,0,0,0,0,0,0,-0.5400274415519299,1.7596352300662899,0.26659183351906107,0.44675460536093026,-2.0079722936232773
7483,M22342,-0.10083109352630702,1.001953100860857,-0.16692156426446284,0.7549193339166522,0.5861918952504425,0,0,0,0,0,0,1.1542590360381715,1.9809073885541941,0.918181804676777,0.5271069492402432,1.3318889527502387
7484,L54663,-0.10083109352630702,1.001953100860857,0.7118099634961622,-1.1088505084041227,0.633202938810057,0,0,0,0,0,0,-1.1492654667052786,1.9809073885541941,-0.015567214645012742,0.80952850397208,-0.3380416704365194
7485,M22344,-0.05392667734579168,1.001953100860857,-1.247597604616039,1.3429536691943298,0.6645436345164666,0,0,0,0,0,0,0.9918228923840651,1.870271309310242,1.316715125428236,0.3057963526152882,1.3318889527502387
7486,L54665,-0.05392667734579168,1.001953100860857,0.29700501871474916,-0.11218214352670319,0.7115546780760811,0,0,0,0,0,0,0.1939121922617279,1.870271309310242,0.5791953803084232,0.7763636038424498,-0.3380416704365194
7487,L54666,-0.05392667734579168,1.0655489815882766,0.5153234107049666,-0.8098499989408967,0.7428953737824907,0,0,0,0,0,0,-0.7717053832520787,1.9809073885541313,0.22092508558112794,0.8697481987132806,-0.3380416704365194
7488,L54667,-0.05392667734579168,1.0655489815882766,0.9082965162873579,-0.6304496932629611,0.7742360694889004,0,0,0,0,0,0,-0.2483217217317975,1.9809073885541313,0.3438332702864698,1.0147864570884861,-0.3380416704365194
7489,L54668,-0.05392667734579168,1.0655489815882766,0.024107028726977384,0.35625198796568436,0.8055767651953101,0,0,0,0,0,1,0.7133232837503292,1.9809073885541313,0.9270114156469884,0.7919111981104461,-0.3380416704365194
7490,M22349,-0.10083109352630702,1.001953100860857,1.148446747476597,-1.1885839775943163,0.8369174609017197,0,0,0,0,0,0,-1.0611075980906957,1.9809073885541941,0.07089233597529677,1.1529916963268014,1.3318889527502387
7491,M22350,-0.007022261165303,1.1291448623157323,0.9082965162873579,-0.9892503046188322,0.8839285044613342,0,0,0,0,0,0,-0.8481309934438619,1.9809073885541941,0.2171106936419966,1.133116523272108,1.3318889527502387
7492,L54671,-0.007022261165303,1.1291448623157323,-1.2039339262179956,1.7914544333891687,0.9309395480209487,0,0,0,0,0,0,1.6133007279052933,1.9809073885541941,1.904343394717741,0.5399807534111954,-0.3380416704365194
7493,M22352,-0.05392667734579168,1.0655489815882766,-1.209391886017751,1.1436199962188458,0.9622802437273583,0,0,0,0,0,0,0.7708230627592421,1.9809073885541313,1.554973347848419,0.5644409813360047,1.3318889527502387
7494,L54673,-0.10083109352630702,1.0655489815882766,-0.5053150718492998,1.4226871383845239,1.0092912872869728,0,0,0,0,0,0,1.8137447037543948,2.091543467798083,1.7805169304714976,0.8246304665572356,-0.3380416704365194
7495,L54674,-0.10083109352630702,1.1291448623157323,-0.5708105894463651,0.8246861194580719,1.0406319829933826,0,0,0,0,0,0,0.90928713762267,2.2021795470420353,1.4479584628894575,0.8325131958803725,-0.3380416704365194
7496,L54675,-0.05392667734579168,1.1927407430431516,0.3734164559113252,-0.5905829586678644,1.071972678699792,0,0,0,0,0,0,-0.506899916521162,2.2021795470419723,0.5943116742894251,1.16419190595553,-0.3380416704365194
7497,L54676,-0.10083109352630702,1.1291448623157323,-0.41798771505321286,0.45591882445342635,1.1033133744062018,0,0,0,0,0,0,0.5123034316558497,2.2021795470420353,1.2821383688688885,0.9390290710055745,-0.3380416704365194
7498,M22357,-0.05392667734579168,1.1291448623157323,-0.3142864788578596,0.5157189263460716,1.1346540701126113,0,0,0,0,0,0,0.6816793720974864,2.091543467798083,1.3519276139774392,1.0020810026643847,1.3318889527502387
7499,M22358,-0.10083109352630702,1.1291448623157323,1.1320728680773307,-1.1387505593504452,1.1816651136722258,0,0,0,0,0,0,-0.9839987448959209,2.2021795470420353,0.32094691865168196,1.5290058073814612,1.3318889527502387
7500,L54679,-0.05392667734579168,1.1291448623157323,1.1211569484778199,-1.3580175996234776,1.2286761572318403,0,0,0,0,0,0,-1.3644870126476565,2.091543467798083,0.20584411004400704,1.5772330583911056,-0.3380416704365194
7501,L54680,-0.10083109352630702,1.1291448623157323,-0.7127175442400063,1.1436199962188458,1.26001685293825,0,0,0,0,0,0,1.2273660373582809,2.2021795470420353,1.899893270788755,0.9829386461548072,-0.3380416704365194
7502,L54681,-0.10083109352630702,1.0655489815882766,0.5426132097037437,-0.9095168354286386,1.2913575486446596,0,0,0,0,0,0,-0.9162600814564604,2.091543467798083,0.5465611381625222,1.4459004499948216,-0.3380416704365194
7503,H36916,-0.05392667734579168,1.0655489815882766,0.6244826067000753,-0.9992169882676066,1.3226982443510693,0,0,0,0,0,0,-1.01655039368131,1.9809073885541313,0.5069691625720945,1.507051019806845,-2.0079722936232773
7504,M22363,-0.05392667734579168,1.0655489815882766,0.5753609685022764,-1.0988838247553485,1.4010499836170935,0,0,0,0,0,0,-1.2034759186855046,1.9809073885541313,0.4898397172898844,1.571350720177609,1.3318889527502387
7505,L54684,-0.007022261165303,1.1291448623157323,0.2642572599162165,0.20675173323407142,1.448061027176708,0,0,0,0,0,0,0.6674971994782446,1.9809073885541941,1.4504307539611168,1.5067935437234259,-0.3380416704365194
7506,L54685,0.03988215501521234,1.1927407430431516,0.029564988526732817,-0.052382041634057866,1.4794017228831176,0,0,0,0,0,0,0.09888285115991437,1.9809073885541313,1.2936875000179249,1.4518223999134596,-0.3380416704365194
7507,L54686,0.03988215501521234,1.1927407430431516,-0.16146360446470742,0.18681836593652273,1.5107424185895273,0,0,0,0,0,0,0.3182428975775563,1.9809073885541313,1.4952851776897904,1.4113887518903843,-0.3380416704365194
7508,L54687,0.03988215501521234,1.1927407430431516,1.1429887876768416,-1.1586839266479936,1.5420831142959368,0,0,0,0,0,0,-1.0125973448782868,1.9809073885541313,0.5378374825239535,1.9312428672397224,-0.3380416704365194
7509,M22368,0.03988215501521234,1.1927407430431516,1.0338295916817328,-1.2384173958381872,1.5734238100023465,0,0,0,0,0,0,-1.2029293242831107,1.9809073885541313,0.49877528359173834,1.924508877365686,1.3318889527502387
7510,L54689,0.08678657119572769,1.1927407430431516,-0.9201200166307129,2.010721473662201,1.620434853561961,1,0,0,0,1,0,2.201787686996352,1.870271309310179,2.9688412932864208,1.224312571433877,-0.3380416704365194
7511,L54690,0.03988215501521234,1.1291448623157323,-0.09051012706788675,-0.10221545987792885,1.6517755492683708,1,1,0,0,0,0,-0.06009803502191977,1.870271309310242,1.4089669008450043,1.5736085873706682,-0.3380416704365194
7512,L54691,-0.007022261165303,1.1291448623157323,0.32975277751328175,-0.3812826020436061,-1.7016788913174623,0,0,0,0,0,0,-0.20528717315765022,1.9809073885541941,-1.531152278459849,-1.6560921796275558,-0.3380416704365194
7513,M22372,0.03988215501521234,1.1291448623157323,0.520781370504722,-0.5507162240727678,-1.6703381956110526,0,0,0,0,0,0,-0.35342401682057517,1.870271309310242,-1.5068531890698273,-1.6236898048218975,1.3318889527502387
7514,L54693,-0.007022261165303,1.1291448623157323,3.932006245351869,-2.494219535583736,-1.623327152051438,0,0,0,0,0,0,-2.558297990546355,1.9809073885541941,-1.504840037768619,-1.5441395979716976,-0.3380416704365194
7515,L54694,-0.007022261165303,1.1291448623157323,0.520781370504722,-0.760016580697026,-1.5919864563450283,0,0,0,0,0,0,-0.6887596826888897,1.9809073885541941,-1.4512972768452574,-1.5426838678077517,-0.3380416704365194
7516,M22375,-0.007022261165303,1.1927407430431516,-1.122064529221664,1.8313211679842654,-1.5606457606386188,0,0,0,0,0,0,1.7501933438618398,2.091543467798083,-1.3458364034170534,-1.5371085203091008,1.3318889527502387
7517,M22376,-0.05392667734579168,1.0655489815882766,-1.6624025493974521,1.751587698794072,-1.5136347170790043,0,0,0,0,0,0,1.0903270121868076,1.9809073885541313,-1.287455015682016,-1.5092119769632757,1.3318889527502387
7518,L54697,-0.05392667734579168,1.0655489815882766,-0.5216889512485662,0.7349859666191036,-1.4666236735193898,0,0,0,0,0,0,0.8246918932379724,1.9809073885541313,-1.280567919125251,-1.44144625239264,-0.3380416704365194
7519,L54698,-0.10083109352630702,0.9383572201334015,-0.2215011622620172,0.08715152944878075,-1.43528297781298,0,0,0,0,0,0,0.12695437796854364,1.870271309310242,-1.2861835517023055,-1.4035675593511843,-0.3380416704365194
7520,L54699,-0.10083109352630702,1.001953100860857,2.502020777815945,-1.88625183300851,-1.4039422821065706,0,0,0,0,0,0,-1.7491333021033135,1.9809073885541941,-1.390231687375276,-1.279969136383757,-0.3380416704365194
7521,L54700,-0.10083109352630702,1.001953100860857,-0.06322032806910959,-0.44108270393625143,-1.3726015864001608,0,0,0,0,0,0,-0.548528936632012,1.9809073885541941,-1.2678532793281467,-1.33811911953132,-0.3380416704365194
7522,M22381,-0.10083109352630702,1.001953100860857,-0.40161383565394654,0.07718484580000713,-1.341260890693751,0,0,0,0,0,0,-0.018781354569579994,1.9809073885541941,-1.2005363252912555,-1.3219575438336322,1.3318889527502387
7523,L54702,-0.1477355097067957,0.9383572201334015,-1.1275224890214195,1.402753771086975,-1.2942498471341368,0,0,0,0,0,0,1.184614546599659,1.9809073885541313,-1.03528132637278,-1.312619084346549,-0.3380416704365194
7524,M22383,-0.1477355097067957,0.9383572201334015,-1.0784008508236205,0.625352446482588,-1.262909151427727,0,0,0,0,0,0,0.20958773887322393,1.9809073885541313,-1.0742728884172332,-1.2837025395933332,1.3318889527502387
7525,L54704,-0.10083109352630702,0.9383572201334015,0.5371552499039883,-0.879616784482316,-1.2158981078681126,0,0,0,0,0,0,-0.8712734100166226,1.870271309310242,-1.1906471610046188,-1.1529343979953142,-0.3380416704365194
7526,H36939,-0.1477355097067957,0.9383572201334015,-0.8600824588334031,0.9143862722970396,-1.1845574121617028,0,0,0,0,0,0,0.7814328505342711,1.9809073885541313,-0.9588875322585114,-1.2041325268905627,-2.0079722936232773
7527,L54706,-0.1477355097067957,0.8747613394059458,0.6517724056988524,-0.8497167335359936,-1.1062056728956788,0,0,0,0,0,0,-0.7589189784818059,1.870271309310179,-1.1097326060736021,-1.03141558954781,-0.3380416704365194
7528,L54707,-0.1477355097067957,0.8111654586785263,-0.38523995625468027,0.525685609994846,-1.074864977189269,0,0,0,0,0,0,0.6388009933525942,1.7596352300662899,-0.8925948130941648,-1.0738001140490991,-0.3380416704365194
7529,M22388,-0.1477355097067957,0.8111654586785263,1.1320728680773307,-1.3281175486771548,-1.0435242814828596,0,0,0,0,0,0,-1.3081682679724855,1.7596352300662899,-1.1365746234230447,-0.9290589434624541,1.3318889527502387
7530,L54709,-0.1477355097067957,0.8747613394059458,-0.40161383565394654,-0.42114933663870274,-0.996513237923245,0,0,0,0,0,0,-0.7347224155615719,1.870271309310179,-0.9637614775140682,-1.002350500900314,-0.3380416704365194
7531,M22390,-0.1477355097067957,0.8747613394059458,0.4170801343093687,-0.0623487252828322,-0.9651725422168353,0,0,0,0,0,0,0.3561433630149377,1.870271309310179,-0.8787853015367543,-0.9034796848674005,1.3318889527502387
7532,H36945,-0.1477355097067957,0.8747613394059458,-0.8928302176319357,1.6718542296038787,-0.9181614986572209,0,0,0,0,0,0,1.7741458914238633,1.870271309310179,-0.5298743944378829,-0.9742757048813526,-2.0079722936232773
7533,M22392,-0.19463992588731105,0.8111654586785263,0.4825756519064339,-0.779949947994574,-0.8398097593911967,0,0,0,0,0,0,-0.7426285131676185,1.870271309310242,-0.9076051517435241,-0.7688394990918104,1.3318889527502387
7534,L54713,-0.19463992588731105,0.7475695779510707,-0.19966932306299545,-0.20188229636567082,-0.7927987158315822,0,0,0,0,0,0,-0.28283525399720616,1.7596352300662899,-0.7547822450711063,-0.7922401139040874,-0.3380416704365194
7535,L54714,-0.19463992588731105,0.7475695779510707,-0.6690538658419629,0.7349859666191036,-0.7614580201251726,0,0,0,0,0,0,0.7000390876493048,1.7596352300662899,-0.5288148411214575,-0.8135512112701562,-0.3380416704365194
7536,L54715,-0.19463992588731105,0.7475695779510707,0.4825756519064339,-0.819816682589671,-0.730117324418763,0,0,0,0,0,0,-0.8062286761318157,1.7596352300662899,-0.8370035824257143,-0.6559164306599882,-0.3380416704365194
7537,L54716,-0.1477355097067957,0.8111654586785263,5.667637461674097,-2.733419943154317,-0.6987766287123534,1,0,0,1,0,0,-2.6999635469095153,1.7596352300662899,-1.248604727413086,-0.021554778673172136,-0.3380416704365194
7538,L54717,-0.1477355097067957,0.8111654586785263,-1.285803323214327,2.4691889215058147,-0.6674359330059436,0,0,0,0,0,0,2.3946867079695595,1.7596352300662899,-0.022984087859990267,-0.8031531386705408,-0.3380416704365194
7539,M22398,-0.10083109352630702,0.8747613394059458,-0.494399152249789,-0.1420821944730255,-0.636095237299534,0,0,0,0,0,0,-0.3976786421857783,1.7596352300662899,-0.6065154176593173,-0.6796636478922524,1.3318889527502387
7540,L54719,-0.10083109352630702,0.8111654586785263,-0.29245463965883783,-0.3015491328534128,-0.5890841937399195,0,0,0,0,0,0,-0.4908632271795149,1.6489991508224007,-0.6058443672255812,-0.6105709311993801,-0.3380416704365194
7541,M22400,-0.10083109352630702,0.8111654586785263,0.25334134031670563,-0.869650100833542,-0.5577434980335099,0,0,0,0,0,0,-1.0136319699971026,1.6489991508224007,-0.726739400629715,-0.5088282665437157,1.3318889527502387
7542,M22401,-0.05392667734579168,0.9383572201334015,-0.06867828786886501,0.0971182130975551,-0.5107324544738954,0,0,0,0,0,0,0.25337385475066104,1.7596352300662899,-0.4333137688676516,-0.5060851559626743,1.3318889527502387
7543,M22402,-0.007022261165303,1.001953100860857,-0.7618391824378052,0.9941197414872329,-0.46372141091428093,0,0,0,0,0,0,0.9770941253624293,1.759635230066353,-0.13886390223304387,-0.5600462012915352,1.3318889527502387
7544,L54723,-0.05392667734579168,0.9383572201334015,-0.5162309914488107,0.5057522426972973,-0.41671036735466643,0,0,0,0,0,0,0.5046901524796567,1.7596352300662899,-0.22790169925665502,-0.48188240412128414,-0.3380416704365194
7545,L54724,-0.10083109352630702,0.8747613394059458,-0.6308481472436748,0.42601877350710404,-0.38536967164825675,0,0,0,0,0,0,0.30118134373142247,1.7596352300662899,-0.2198490940518222,-0.47071190327141166,-0.3380416704365194
7546,L54725,-0.10083109352630702,0.8747613394059458,1.912561119442358,-1.7267848946281228,-0.3540289759418471,0,0,0,0,0,0,-1.6751868879509566,1.7596352300662899,-0.8447030031917383,-0.045618889546567544,-0.3380416704365194
7547,H36960,-0.10083109352630702,0.9383572201334015,-0.4725673130507672,0.28648520242426473,-0.3226882802354375,0,0,0,0,0,0,0.22760583292354641,1.870271309310242,-0.2009184081316893,-0.3889929555647208,-2.0079722936232773
7548,L54727,-0.1477355097067957,0.8747613394059458,-0.6035583482448976,0.0971182130975551,-0.24433654096941335,0,0,0,0,0,0,-0.13785108876237237,1.870271309310179,-0.1877446285641339,-0.33910201293913805,-0.3380416704365194
7549,L54728,-0.10083109352630702,0.8747613394059458,-0.24879096126079436,0.3662186716144587,-0.2129958452630037,0,0,0,0,0,0,0.5156220405275235,1.7596352300662899,-0.06826233291523397,-0.24962907395101971,-0.3380416704365194
7550,L54729,-0.05392667734579168,0.8747613394059458,0.018649068927221946,0.16688499863897477,-0.18165514955659404,0,0,0,0,0,0,0.4227400345779695,1.6489991508223378,-0.10598243097997671,-0.1729507157235709,-0.3380416704365194
7551,M22410,-0.05392667734579168,0.8747613394059458,0.0732286669247763,-0.5606829077215421,-0.15031445385018438,0,0,0,0,0,0,-0.6439194204639787,1.6489991508223378,-0.331843879597983,-0.13256658233192214,1.3318889527502387
7552,M22411,-0.10083109352630702,0.8111654586785263,-0.2706228004598161,-0.26168239825831613,-0.1033034102905699,0,0,0,0,0,0,-0.4182442565758282,1.6489991508224007,-0.18742676256920626,-0.15003534429927584,1.3318889527502387
7553,L54732,-0.05392667734579168,0.8111654586785263,-0.08505216726813132,0.07718484580000713,-0.05629236673095542,0,0,0,0,0,0,0.21162770726787064,1.5383630715784486,-0.021818579211922307,-0.07038610818622265,-0.3380416704365194
7554,L54733,-0.05392667734579168,0.8111654586785263,-0.19421136326324,-0.032448674336509185,-0.024951671024545763,0,0,0,0,0,0,-0.029410663573264925,1.5383630715784486,-0.03463917434066924,-0.06137444526655606,-0.3380416704365194
7555,M22414,-0.05392667734579168,0.8747613394059458,-0.9255779764304684,1.024019792433556,0.00638902468186389,0,0,0,0,0,0,0.8711231355984207,1.6489991508223378,0.40140233381224777,-0.17620877847145036,1.3318889527502387
7556,L54735,-0.05392667734579168,0.8111654586785263,-1.1384384086209303,2.050588208257298,0.05340006824147837,0,0,0,0,0,0,2.0191470716823487,1.5383630715784486,0.8620254789062329,-0.17873402467421406,-0.3380416704365194
7557,L54736,-0.05392667734579168,0.8747613394059458,-0.37978199645492483,-0.29158244920463844,0.08474076394788803,0,0,0,0,0,0,-0.5341320304975444,1.6489991508223378,-0.04142031556579148,0.004569140867575634,-0.3380416704365194
7558,M22417,-0.007022261165303,0.9383572201334015,1.1429887876768416,-1.2583507631357356,0.11608145965429768,0,0,0,0,0,0,-1.1834080956262059,1.6489991508224007,-0.41268779764123786,0.3542018562980687,1.3318889527502387
7559,M22418,-0.05392667734579168,0.8747613394059458,-0.8437085794341368,0.8147194358092976,0.16309250321391217,0,0,0,0,0,0,0.66052812084773,1.6489991508223378,0.4904401308358591,-0.02276293567998458,1.3318889527502387
7560,M22419,-0.007022261165303,0.8747613394059458,-1.0129053332265552,1.6220208113600076,0.21010354677352663,0,0,0,0,0,0,1.5862638262154798,1.5383630715784486,0.8904215077864328,-0.01903943539669377,1.3318889527502387
7561,M22420,-0.05392667734579168,0.8111654586785263,-0.8928302176319357,1.3828204037894265,0.2571145903331411,0,0,0,0,0,0,1.384375279445767,1.5383630715784486,0.8440130725270018,0.048449007237952195,1.3318889527502387
7562,L54741,-0.05392667734579168,0.6839736972236512,-0.8327926598346259,0.9442863232433619,0.3041256338927556,0,0,0,0,0,0,0.8460383567742977,1.3170909130906074,0.702103565013765,0.10330131593249424,-0.3380416704365194
7563,M22422,-0.05392667734579168,0.6839736972236512,-1.0401951322253324,1.8711879025793627,0.3354663295991652,0,0,0,0,0,0,1.8882572335378007,1.3170909130906074,1.1639981740874608,0.08187138345100137,1.3318889527502387
7564,M22423,-0.007022261165303,0.7475695779510707,1.5850835314570317,-1.6470514254379294,0.3824773731587797,0,0,0,0,0,0,-1.6645673395616014,1.3170909130906074,-0.4319716680001796,0.7554981381592218,1.3318889527502387
7565,M22424,-0.05392667734579168,0.7475695779510707,-0.8709983784329139,2.5190223397496854,0.4294884167183942,1,0,0,1,0,0,2.942032677666191,1.4277269923344966,1.6006047773424714,0.20383582358134616,1.3318889527502387
7566,M22425,-0.05392667734579168,0.7475695779510707,1.323101461068771,-1.4277843851648968,0.4764994602780087,0,0,0,0,0,0,-1.3913287020509009,1.4277269923344966,-0.2743807714038475,0.7982193621542127,1.3318889527502387
7567,L54746,-0.05392667734579168,0.6203778164961956,0.395248295110347,-0.5208161731264447,0.5235105038376232,0,0,0,0,0,0,-0.38341838465190864,1.2064548338466554,0.2091287253249257,0.6121334743262402,-0.3380416704365194
7568,M22427,-0.10083109352630702,0.6203778164961956,4.526923863525211,-2.5141529028812846,0.5548511995440328,0,0,0,0,0,0,-2.4460411651548233,1.3170909130906074,-0.7835314583901144,1.723578503035977,1.3318889527502387
7569,L54748,-0.10083109352630702,0.6203778164961956,0.47165973230692304,-0.6204830096141867,0.6018622431036473,0,0,0,0,0,0,-0.49480651536820913,1.3170909130906074,0.21848811295334974,0.7123807971128171,-0.3380416704365194
7570,L54749,-0.10083109352630702,0.6203778164961956,-1.5587013132020988,3.176823460568782,0.633202938810057,1,0,0,1,0,0,2.948650374180882,1.3170909130906074,2.2472854848007495,0.19570552110107553,-0.3380416704365194
7571,H36984,-0.10083109352630702,0.6203778164961956,1.2903537022702383,-1.2384173958381872,0.6645436345164666,0,0,0,0,0,0,-1.076773384087862,1.3170909130906074,-0.0645538963077452,1.0011303217409913,-2.0079722936232773
7572,L54751,-0.05392667734579168,0.6839736972236512,0.3570425765120589,-0.8995501517798646,0.7428953737824907,0,0,0,0,0,0,-1.002797688092521,1.3170909130906074,0.17133799037242087,0.8249473601983667,-0.3380416704365194
7573,L54752,-0.05392667734579168,0.6839736972236512,0.7390997624949394,-1.1287838757016708,0.7742360694889004,0,0,0,0,0,0,-1.1679277613012795,1.3170909130906074,0.06481756362779144,0.966281924142852,-0.3380416704365194
7574,L54753,-0.05392667734579168,0.6839736972236512,0.3515846167123035,-0.28161576555586415,0.8055767651953101,0,0,0,0,0,0,-0.0345349860957025,1.3170909130906074,0.5653505503071319,0.886979290449786,-0.3380416704365194
7575,L54754,-0.007022261165303,0.6839736972236512,-0.29245463965883783,-0.25171571460954184,0.8369174609017197,0,0,0,0,0,0,-0.41829305964747043,1.2064548338467183,0.60872159939281,0.7294633449550422,-0.3380416704365194
7576,L54755,-0.007022261165303,0.7475695779510707,-0.37978199645492483,0.6552524974289103,0.8682581566081293,0,0,0,0,0,0,0.8298650188320522,1.3170909130906074,1.1622322518934185,0.732929369154914,-0.3380416704365194
7577,M22436,-0.05392667734579168,0.6839736972236512,-0.3470342376563922,0.42601877350710404,0.8995988523145391,0,0,0,0,0,0,0.5255193034565745,1.3170909130906074,1.0602325859655375,0.771927092866614,1.3318889527502387
7578,L54757,-0.007022261165303,0.7475695779510707,-0.057762368269354145,-0.7899166316433484,0.9466098958741535,0,0,0,0,0,0,-1.0677448158340435,1.3170909130906074,0.37886916661626835,0.9045074699748518,-0.3380416704365194
7579,L54758,-0.007022261165303,0.7475695779510707,0.7227258830956731,-1.0988838247553485,0.9779505915805632,0,0,0,0,0,0,-1.1273138450805895,1.3170909130906074,0.214249899687648,1.1769666808636288,-0.3380416704365194
7580,L54759,-0.007022261165303,0.7475695779510707,-0.5708105894463651,1.6818209132526523,1.0092912872869728,0,0,0,0,0,0,2.1146839647292426,1.3170909130906074,1.9393792910475398,0.8040719915888533,-0.3380416704365194
7581,L54760,-0.007022261165303,0.8111654586785263,-0.24879096126079436,1.123686628921298,1.0406319829933826,0,0,0,0,0,0,1.6246230405262982,1.4277269923345595,1.6333802932638957,0.9347609097765897,-0.3380416704365194
7582,M22441,-0.007022261165303,0.7475695779510707,-0.9528677754292455,1.6120541277112335,1.071972678699792,0,0,0,0,0,0,1.6332709448213076,1.3170909130906074,1.9758632435764534,0.7382571434964311,1.3318889527502387
7583,H36996,-0.007022261165303,0.7475695779510707,-0.281538720059327,0.5356522936436197,1.1189837222594066,0,0,0,0,0,0,0.7371587039404099,1.3170909130906074,1.3487136355842817,0.9980901233713895,-2.0079722936232773
7584,L54763,-0.05392667734579168,0.6839736972236512,-0.3306603582571259,0.6652191810776846,1.1973354615254308,0,0,0,0,0,0,0.8851588990027357,1.3170909130906074,1.51365076850783,1.0553290373007003,-0.3380416704365194
7585,L54764,-0.007022261165303,0.7475695779510707,-0.3743240366551694,-0.26168239825831613,1.2286761572318403,0,0,0,0,0,0,-0.4874177303215709,1.3170909130906074,0.9323445006729959,1.0698269213824496,-0.3380416704365194
7586,L54765,-0.007022261165303,0.6839736972236512,-0.783671021636827,1.0838198943262005,1.26001685293825,0,0,0,0,0,0,1.0803321431144715,1.2064548338467183,1.859842155427876,0.9586071562717073,-0.3380416704365194
7587,L54766,-0.007022261165303,0.6839736972236512,0.2642572599162165,-0.44108270393625143,1.2913575486446596,0,0,0,0,0,0,-0.34062785143597335,1.2064548338467183,0.8636148088808709,1.3494360450492477,-0.3380416704365194
7588,L54767,-0.007022261165303,0.6839736972236512,-0.7400073432387835,1.4127204547357495,1.3226982443510693,0,0,0,0,0,0,1.572550163084004,1.2064548338467183,2.1565524024708584,1.0292348265388087,-0.3380416704365194
7589,L54768,-0.007022261165303,0.6839736972236512,2.578432215012521,-1.9759519858474777,1.354038940057479,0,0,0,0,0,0,-1.897270145766237,1.2064548338467183,-0.14684587055011475,2.2311529897914837,-0.3380416704365194
7590,L54769,-0.007022261165303,0.6203778164961956,1.4268026972641241,-1.3879176505698,1.3853796357638886,0,0,0,0,0,0,-1.2734985658778224,1.0958187546027662,0.2778584171170506,1.859387234113238,-0.3380416704365194
7591,M22450,-0.007022261165303,0.6203778164961956,-0.5871844688456314,0.6153857628338136,1.4167203314702983,0,0,0,0,0,0,0.6014471223176068,1.0958187546027662,1.7089264447250239,1.16789560038625,1.3318889527502387
7592,M22451,0.03988215501521234,0.6839736972236512,-1.334924961412126,2.1303216774474913,1.4637313750299128,1,0,0,0,1,0,1.9077589409660491,1.0958187546027662,2.8421893535297085,0.9364146984662427,1.3318889527502387
7593,M22452,0.03988215501521234,0.7475695779510707,0.056854787525509994,-0.3314491837997351,1.5107424185895273,0,0,0,0,0,0,-0.30577269766906884,1.2064548338466554,1.1187905659199788,1.492592747430237,1.3318889527502387
7594,L54773,0.03988215501521234,0.7475695779510707,-1.4768319162057673,2.7482560636714917,1.5577534621491418,1,0,0,0,1,0,2.520745042021524,1.2064548338466554,3.42755724241084,0.9598648279099465,-0.3380416704365194
7595,L54774,0.08678657119572769,0.8111654586785263,-0.05230440846959871,-0.1420821944730255,-1.7016788913174623,0,0,0,0,0,0,-0.09329388435298663,1.2064548338466554,-1.531152278459849,-1.6560921796275558,-0.3380416704365194
7596,H37009,0.03988215501521234,0.7475695779510707,-0.783671021636827,0.525685609994846,-1.6703381956110526,0,0,0,0,0,0,0.3167397629709752,1.2064548338466554,-1.4992244051915649,-1.6284234035862937,-2.0079722936232773
7597,L54776,0.03988215501521234,0.6839736972236512,0.03502294832648825,-0.2716490819070898,-1.5919864563450283,0,0,0,0,0,0,-0.22946421484922752,1.0958187546027662,-1.4391830505941277,-1.5488533908835234,-0.3380416704365194
7598,L54777,0.03988215501521234,0.6203778164961956,2.9113677627976027,-2.0955521896327682,-1.5606457606386188,0,0,0,0,0,0,-2.0205174228916074,0.9851826753588141,-1.4710756054185308,-1.4712441575852517,-0.3380416704365194
7599,L54778,0.03988215501521234,0.6839736972236512,-0.2706228004598161,0.26655183512671676,-1.529305064932209,0,0,0,0,0,0,0.3530687695014752,1.0958187546027662,-1.3656500504342075,-1.4936742856215648,-0.3380416704365194
7600,L54779,0.03988215501521234,0.6203778164961956,1.1921104258746404,-1.1586839266479936,-1.4979643692257996,0,0,0,0,0,0,-0.9877370601837178,0.9851826753588141,-1.401215723422219,-1.4296419642605054,-0.3380416704365194
7601,M22460,-0.007022261165303,0.6203778164961956,0.29700501871474916,-0.4510493875850258,-1.4666236735193898,0,0,0,0,0,0,-0.3354059227702513,1.0958187546027662,-1.3436113414525601,-1.4191646682506072,1.3318889527502387
7602,L54781,-0.007022261165303,0.7475695779510707,-1.034737172425577,2.200088462988911,-1.4196126299597753,0,0,0,0,0,0,2.3291441827540007,1.3170909130906074,-1.1369984447496146,-1.4152728182204655,-0.3380416704365194
7603,L54782,-0.007022261165303,0.7475695779510707,0.897380596687847,-1.1188171920528969,-1.3882719342533656,0,0,0,0,0,0,-1.0703313786310833,1.3170909130906074,-1.3284244105837966,-1.3184023932971922,-0.3380416704365194
7604,L54783,-0.007022261165303,0.7475695779510707,-0.7345493834390281,0.3662186716144587,-1.356931238546956,0,0,0,0,0,0,0.13687116212625197,1.3170909130906074,-1.1923777647547802,-1.3497748637691744,-0.3380416704365194
7605,L54784,-0.007022261165303,0.8111654586785263,0.5371552499039883,-0.5307828567752191,-1.3255905428405463,0,0,0,0,0,0,-0.3113557690649441,1.4277269923345595,-1.237867920473309,-1.2665506712671106,-0.3380416704365194
7606,H37019,-0.007022261165303,0.8111654586785263,2.6493856924093415,-1.9560186185499293,-1.2942498471341368,0,0,0,0,0,0,-1.832215651267101,1.4277269923345595,-1.344741531656747,-1.1344456346205696,-2.0079722936232773
7607,M22466,-0.007022261165303,0.8111654586785263,-1.0401951322253324,1.65192086230633,-1.2158981078681126,0,0,0,0,0,0,1.598366987982761,1.4277269923345595,-0.9125497338868424,-1.241654714585746,1.3318889527502387
7608,M22467,0.03988215501521234,0.8111654586785263,-0.3961558758541911,0.11705158039510377,-1.168887064308498,0,0,0,0,0,0,0.042505542798773485,1.3170909130906074,-1.0376123436689157,-1.161817322873271,1.3318889527502387
7609,L54788,0.03988215501521234,0.8747613394059458,0.5535291293032546,-1.278284130433284,-1.1218760207488836,0,0,0,0,0,0,-1.5032439059409373,1.4277269923344966,-1.1770142416666125,-1.0544497960875292,-0.3380416704365194
7610,L54789,0.03988215501521234,0.8111654586785263,-0.27608076025957157,0.18681836593652273,-1.090535325042474,0,0,0,0,0,0,0.23256422500239987,1.3170909130906074,-0.9553910063143078,-1.080633133185989,-0.3380416704365194
7611,M22470,0.03988215501521234,0.8111654586785263,-0.18329544366372916,0.34628530431691,-1.0591946293360643,0,0,0,0,0,0,0.5372710831080307,1.3170909130906074,-0.9026958880440866,-1.0442200732347648,1.3318889527502387
7612,L54791,0.03988215501521234,0.8747613394059458,0.3843323755108361,-0.7201498461019287,-1.0121835857764498,0,0,0,0,0,0,-0.7046792446585949,1.4277269923344966,-1.0229905079022459,-0.954133152816955,-0.3380416704365194
7613,M22472,0.03988215501521234,0.8747613394059458,1.1047830690785536,-1.2284507121894128,-0.9808428900700402,0,0,0,0,0,0,-1.1510223772844,1.4277269923344966,-1.082749314948636,-0.8620953559209316,1.3318889527502387
7614,L54793,0.03988215501521234,0.8111654586785263,-0.35795015725590307,0.6353191301313617,-0.9338318465104257,0,0,0,0,0,0,0.819225949214039,1.3170909130906074,-0.7298827421351103,-0.940358182354036,-0.3380416704365194
7615,L54794,0.03988215501521234,0.8747613394059458,-0.5926424286453867,0.7549193339166522,-0.9024911508040161,0,0,0,0,0,0,0.7926282751690059,1.4277269923344966,-0.67556297544637,-0.9328616671560277,-0.3380416704365194
7616,L54795,0.03988215501521234,0.8747613394059458,-0.5380628306478324,0.7050859156727813,-0.8711504550976064,0,0,0,0,0,0,0.7686171639210126,1.4277269923344966,-0.6513698413879909,-0.8992511353435568,-0.3380416704365194
7617,M22476,0.08678657119572769,0.8747613394059458,-0.3961558758541911,0.04728479485368411,-0.8398097593911967,0,0,0,0,0,0,-0.05779453004040512,1.3170909130905446,-0.746376455427465,-0.856529911348566,1.3318889527502387
7618,L54797,0.03988215501521234,0.8747613394059458,0.08414458652428716,0.5356522936436197,-0.7927987158315822,0,0,0,0,0,0,1.0334031094232714,1.4277269923344966,-0.6031954839345179,-0.7623728882274782,-0.3380416704365194
7619,M22478,0.03988215501521234,0.8747613394059458,-1.247597604616039,1.1436199962188458,-0.7614580201251726,0,0,0,0,0,0,0.735704372405471,1.4277269923344966,-0.44193146917457793,-0.8765338224449688,1.3318889527502387
7620,L54799,0.08678657119572769,0.9383572201334015,-0.44527751405199,0.7050859156727813,-0.7144469765655581,0,0,0,0,0,0,0.8466044724053483,1.4277269923344966,-0.4853731551480177,-0.7458449042572325,-0.3380416704365194
7621,L54800,0.03988215501521234,0.9383572201334015,0.6026507675010535,-0.3015491328534128,-0.6831062808591485,0,0,0,0,0,0,0.09981010952111735,1.5383630715784486,-0.6840394019777729,-0.5933596453154455,-0.3380416704365194
7622,L54801,0.03988215501521234,0.9383572201334015,-0.27608076025957157,-0.15204887812179985,-0.6517655851527389,0,0,0,0,0,0,-0.26190849687700385,1.5383630715784486,-0.6224793542934595,-0.6674830485612745,-0.3380416704365194
7623,M22482,0.08678657119572769,1.001953100860857,-0.36886607685541395,-0.8397500498872194,-0.6204248894463292,0,0,0,0,0,0,-1.3176653457140701,1.5383630715784486,-0.763505900709675,-0.6495884607636508,1.3318889527502387
7624,L54803,0.08678657119572769,1.0655489815882766,1.0556614308807546,-0.9992169882676066,-0.5734138458867147,0,0,0,0,0,0,-0.7859949226289333,1.6489991508223378,-0.7708168185930101,-0.41973163875444064,-0.3380416704365194
7625,L54804,0.08678657119572769,1.0655489815882766,-0.18329544366372916,0.5555856609411683,-0.542073150180305,0,0,0,0,0,0,0.8461652447605679,1.6489991508223378,-0.3419802729917855,-0.5517376461381283,-0.3380416704365194
7626,L54805,0.08678657119572769,1.0655489815882766,0.08414458652428716,-0.5008828058288968,-0.5107324544738954,0,0,0,0,0,0,-0.5460985436642278,1.6489991508223378,-0.5943658729643064,-0.485011728827454,-0.3380416704365194
7627,H37040,0.03988215501521234,1.001953100860857,-1.034737172425577,1.3529203528431042,-0.47939175876748574,0,0,0,0,0,0,1.2082840363461562,1.6489991508224007,-0.0573136153121719,-0.6125416135301643,-2.0079722936232773
7628,L54807,0.03988215501521234,1.0655489815882766,-0.5216889512485662,0.48581887539974866,-0.4010400195014616,0,0,0,0,0,0,0.47208970062262456,1.7596352300662899,-0.21787126119449504,-0.4683847155943549,-0.3380416704365194
7629,L54808,0.03988215501521234,1.0655489815882766,0.42799605390887957,-0.7201498461019287,-0.36969932379505194,0,0,0,0,0,0,-0.6791454775753631,1.7596352300662899,-0.5494761307917518,-0.293300978869404,-0.3380416704365194
7630,M22489,0.03988215501521234,1.0655489815882766,-1.4822898760055228,2.399422135964395,-0.3383586280886423,0,0,0,0,0,0,2.0806389419516,1.7596352300662899,0.4353786768256209,-0.5627794089462912,1.3318889527502387
7631,L54810,0.03988215501521234,1.001953100860857,-0.0359305290703324,-0.2218156636632188,-0.2913475845290278,0,0,0,0,0,0,-0.20180263384239297,1.6489991508224007,-0.33279747758276557,-0.2888941766724242,-0.3380416704365194
7632,L54811,0.03988215501521234,1.001953100860857,-0.5271469110483216,0.9343196395945875,-0.2600068888226182,0,0,0,0,0,0,1.1019616644663226,1.6489991508224007,0.0707510621997732,-0.34050822847165746,-0.3380416704365194
7633,L54812,0.03988215501521234,1.001953100860857,1.1102410288783089,-1.3081841813796065,-0.2286661931162085,0,0,0,0,0,0,-1.2845085388403166,1.6489991508224007,-0.6414100402135925,-0.03264605611276179,-0.3380416704365194
7634,L54813,-0.007022261165303,0.9383572201334015,-0.5435207904475878,0.4658855081022007,-0.19732549740979885,0,0,0,0,0,0,0.4264685892514381,1.6489991508224007,-0.018957785257573703,-0.28616096901766813,-0.3380416704365194
7635,M22494,-0.05392667734579168,0.8111654586785263,-0.1887534034634846,0.07718484580000713,-0.1659848017033892,0,0,0,0,0,0,0.13614887666594705,1.5383630715784486,-0.12244082582845062,-0.19453909502562933,1.3318889527502387
7636,L54815,-0.05392667734579168,0.8747613394059458,-0.07959420746837588,-0.1420821944730255,-0.11897375814377473,0,0,0,0,0,0,-0.11208306693525773,1.6489991508223378,-0.15779458815317696,-0.12979376297202472,-0.3380416704365194
7637,L54816,-0.007022261165303,0.9383572201334015,0.8919226368880916,-1.0191503555651549,-0.08763306243736507,0,0,0,0,0,0,-0.9068118067865188,1.6489991508224007,-0.45072576170090844,0.08199021856642555,-0.3380416704365194
7638,H37051,-0.007022261165303,0.8747613394059458,-0.5216889512485662,1.2432868327065878,-0.05629236673095542,0,0,0,0,0,0,1.5440003661732804,1.5383630715784486,0.41206850386426297,-0.15357068898314505,-2.0079722936232773
7639,L54818,0.03988215501521234,0.9383572201334015,0.6572303654986078,-0.4012159693411548,0.022059372535068716,0,0,0,0,0,0,-0.026297027602489143,1.5383630715784486,-0.1364269296052655,0.15327148196835977,-0.3380416704365194
7640,L54819,0.03988215501521234,0.8747613394059458,-0.407071795453702,0.18681836593652273,0.05340006824147837,0,0,0,0,0,0,0.13464574205936453,1.4277269923344966,0.12231599026580743,-0.030110906983712726,-0.3380416704365194
7641,L54820,-0.007022261165303,0.8111654586785263,0.3679584961115698,-0.4809494385313481,0.08474076394788803,0,0,0,0,0,0,-0.33757277915116746,1.4277269923345595,-0.1179200650117025,0.1592330435921392,-0.3380416704365194
7642,M22501,-0.007022261165303,0.8747613394059458,-1.0292792126258217,1.7316543314965234,0.11608145965429768,0,0,0,0,0,0,1.714967286750454,1.5383630715784486,0.8163940494121805,-0.1029964444438733,1.3318889527502387
7643,M22502,-0.007022261165303,0.8747613394059458,0.34612665691254807,-0.819816682589671,0.16309250321391217,0,0,0,0,0,0,-0.8835815446848019,1.5383630715784486,-0.19883461994271937,0.23413877801451075,1.3318889527502387
7644,H37057,-0.007022261165303,0.8747613394059458,-0.619932227644164,1.0738532106774268,0.21010354677352663,0,0,0,0,0,0,1.2151555088333876,1.5383630715784486,0.6534347493459604,0.06794786909380222,-2.0079722936232773
7645,L54824,-0.007022261165303,0.8747613394059458,-0.6363061070434303,0.4658855081022007,0.2884552860395508,0,0,0,0,0,0,0.3524636114131114,1.5383630715784486,0.46935501983899414,0.13483223322504195,-0.3380416704365194
7646,L54825,-0.007022261165303,0.8747613394059458,0.6626883252983633,-1.0590170901602516,0.3197959817459604,0,0,0,0,0,0,-1.0934542739751876,1.5383630715784486,-0.1962210550955366,0.46707541009846415,-0.3380416704365194
7647,L54826,-0.007022261165303,0.8747613394059458,2.1581693104313526,-1.5972180071940585,0.3511366774523701,0,0,0,0,0,0,-1.3302662988121028,1.5383630715784486,-0.42536711899446156,0.8554483731572382,-0.3380416704365194
7648,L54827,-0.007022261165303,0.8747613394059458,1.022913672082222,-0.819816682589671,0.3824773731587797,0,0,0,0,0,0,-0.49991131666199007,1.5383630715784486,-0.04209136599952774,0.619837950976241,-0.3380416704365194
7649,L54828,-0.007022261165303,0.8747613394059458,0.06231274732526543,-1.1088505084041227,0.4138180688651894,0,0,0,0,0,0,-1.4837812409700035,1.5383630715784486,-0.15797118037258118,0.41876893567853707,-0.3380416704365194
7650,H37063,-0.007022261165303,0.9383572201334015,0.6626883252983633,-1.0889171411065743,0.44515876457159903,0,0,0,0,0,0,-1.1421206970168516,1.6489991508224007,-0.12795050307386263,0.5987447179884499,-2.0079722936232773
7651,L54830,-0.05392667734579168,0.8747613394059458,-1.0784008508236205,1.7715210660916207,0.5235105038376232,0,0,0,0,0,0,1.7170658188310726,1.6489991508223378,1.362629102473335,0.2324552805460016,-0.3380416704365194
7652,M22511,-0.007022261165303,0.9383572201334015,-0.3524921974561476,-0.730116529750703,0.5548511995440328,0,0,0,0,0,0,-1.1499682309369277,1.6489991508224007,0.12683675108255602,0.44871538476542916,1.3318889527502387
7653,L54832,-0.05392667734579168,0.8747613394059458,-1.0620269714243542,1.1137199452725235,0.6018622431036473,0,0,0,0,0,0,0.8668675077512162,1.6489991508223378,1.1218632705376121,0.3033206210439512,-0.3380416704365194
7654,L54833,-0.007022261165303,0.9383572201334015,-0.2651648406600607,0.4658855081022007,0.633202938810057,0,0,0,0,0,0,0.6484835227664189,1.6489991508224007,0.815899591197849,0.5454075570155661,-0.3380416704365194
7655,M22514,-0.05392667734579168,0.9383572201334015,-0.003182770271799793,0.15691831499020042,0.6645436345164666,0,0,0,0,0,0,0.3914670262696075,1.7596352300662899,0.6820780073333258,0.6467342987672459,1.3318889527502387
7656,L54835,-0.007022261165303,0.9383572201334015,0.3024629785145046,-0.7400832133994774,0.7115546780760811,0,0,0,0,0,0,-0.7837109388760752,1.6489991508224007,0.23653583777646153,0.7778886544903935,-0.3380416704365194
7657,L54836,0.03988215501521234,1.001953100860857,0.0022751895279556423,0.7848193848629745,0.7428953737824907,0,0,0,0,0,0,1.3431074020650697,1.6489991508224007,1.102473444847028,0.7245316876649389,-0.3380416704365194
7658,L54837,0.03988215501521234,1.001953100860857,0.6572303654986078,-0.9892503046188322,0.7742360694889004,0,0,0,0,0,0,-0.9828274711765066,1.6489991508224007,0.14294196149222133,0.9428119888465775,-0.3380416704365194
7659,M22518,-0.007022261165303,1.001953100860857,-0.9910734940275335,1.5422873421698138,0.8055767651953101,0,0,0,0,0,0,1.5020882882469044,1.759635230066353,1.599474587138284,0.4972001118584925,1.3318889527502387
7660,L54839,0.03988215501521234,1.001953100860857,-0.06867828786886501,0.24661846782916805,0.8525878087549246,0,0,0,0,0,0,0.4770871351587927,1.6489991508224007,0.9097760150331358,0.8103702527063346,-0.3380416704365194
7661,M22520,0.03988215501521234,1.001953100860857,-1.6078229513998976,1.2931202509504587,0.8839285044613342,0,0,0,0,0,0,0.5870111737258247,1.6489991508224007,1.5516180956797387,0.3798504353771198,1.3318889527502387
7662,L54841,0.03988215501521234,1.001953100860857,0.18784582271964043,-0.7400832133994774,0.9309395480209487,0,0,0,0,0,0,-0.8503271316677636,1.6489991508224007,0.3972347574343079,0.9642221154754996,-0.3380416704365194
7663,M22522,0.03988215501521234,1.001953100860857,0.6408564860993415,-0.9493835700237356,0.9622802437273583,0,0,0,0,0,0,-0.9268796298458171,1.6489991508224007,0.2941049013022395,1.1351466231606044,1.3318889527502387
7664,L54843,0.03988215501521234,1.001953100860857,-0.8491665392338922,1.4824872402771685,1.0092912872869728,0,0,0,0,0,0,1.561569471964495,1.6489991508224007,1.8171774752198149,0.7166984729732288,-0.3380416704365194
7665,H37078,0.03988215501521234,1.0655489815882766,-0.4725673130507672,1.0339864760823294,1.0406319829933826,0,0,0,0,0,0,1.2920008254412931,1.7596352300662899,1.5777537441515643,0.8637074136792184,-2.0079722936232773
7666,L54845,0.03988215501521234,1.001953100860857,-0.2378750416612835,0.05725147850245845,1.1189837222594066,0,0,0,0,0,0,0.07117246708143823,1.6489991508224007,1.043562280453778,1.0123503372222904,-0.3380416704365194
7667,M22526,0.08678657119572769,1.0655489815882766,-0.6363061070434303,1.0838198943262005,1.1503244179658163,0,0,0,0,0,0,1.2142087292435266,1.6489991508223378,1.7342497689875902,0.9104294198934898,1.3318889527502387
7668,L54847,0.08678657119572769,1.0655489815882766,-0.06867828786886501,0.396118722560781,1.1973354615254308,0,0,0,0,0,0,0.7008004155669243,1.6489991508223378,1.3372351413230072,1.1432670227145898,-0.3380416704365194
7669,L54848,0.08678657119572769,1.1291448623157323,-0.008640730071555228,-0.29158244920463844,1.2286761572318403,0,0,0,0,0,0,-0.2885549739936792,1.7596352300662899,0.9125308536558419,1.1939006848115736,-0.3380416704365194
7670,L54849,0.13369098737621637,1.1291448623157323,-1.1166065694219085,1.8412878516330398,1.26001685293825,1,0,0,0,1,0,1.7689239627581397,1.6489991508224007,2.367156283332339,0.8444363191279314,-0.3380416704365194
7671,L54850,0.03988215501521234,1.001953100860857,-0.08505216726813132,-0.23178234731199313,1.2913575486446596,0,0,0,0,0,0,-0.24980533510972272,1.6489991508224007,1.0052770872869419,1.228382674137155,-0.3380416704365194
7672,M22531,0.03988215501521234,1.001953100860857,-0.46165139345125633,1.1137199452725235,1.3226982443510693,0,0,0,0,0,0,1.415511639153532,1.6489991508224007,1.9520586124007637,1.126709329965488,1.3318889527502387
7673,M22532,0.03988215501521234,1.0655489815882766,3.2770510693812165,-2.2649858116619295,1.3697092879106838,0,0,0,0,0,0,-2.2521758433630996,1.7596352300662899,-0.3404968983487901,2.4995321950506972,1.3318889527502387
7674,M22533,0.03988215501521234,1.001953100860857,-0.3524921974561476,-0.08228209258038018,1.4167203314702983,0,0,0,0,0,0,-0.21353489226519332,1.6489991508224007,1.216940521464848,1.252634940609972,1.3318889527502387
7675,L54854,0.03988215501521234,1.001953100860857,-0.17237952406421828,0.7250192829703299,1.4637313750299128,0,0,0,0,0,0,1.1054364431672523,1.6489991508224007,1.8362494349154719,1.3624980048196216,-0.3380416704365194
7676,L54855,0.03988215501521234,1.001953100860857,-0.5107730316490553,0.545618977292394,1.4950720707363225,0,0,0,0,0,0,0.5655768646605438,1.6489991508224007,1.7399007200085255,1.2671328246917213,-0.3380416704365194
7677,L54856,0.08678657119572769,1.0655489815882766,-0.5053150718492998,0.9143862722970396,1.526412766442732,0,0,0,0,0,0,1.0929428568268331,1.6489991508223378,2.0411670463121365,1.2978318961762998,-0.3380416704365194
7678,L54857,0.08678657119572769,1.0655489815882766,-0.6144742678444085,1.2632202000041364,1.5577534621491418,0,0,0,0,0,0,1.4849291282574861,1.6489991508223378,2.332968029655681,1.28531459735162,-0.3380416704365194
7679,M22538,0.08678657119572769,1.0655489815882766,-0.8273347000348705,1.2133867817602655,1.5890941578555513,0,0,0,0,0,0,1.2169124194125092,1.6489991508223378,2.3330386665434424,1.2324923885455743,1.3318889527502387
7680,L54859,0.13369098737621637,1.0655489815882766,0.5153234107049666,-0.7500498970482516,1.6361052014151658,0,0,0,0,0,0,-0.6759537566899595,1.5383630715784486,0.9062441706450513,1.7926514138762786,-0.3380416704365194
7681,L54860,0.13369098737621637,1.0655489815882766,-0.7945869412363379,0.37618535526323305,1.6674458971215755,0,0,0,0,0,0,0.10367531279518583,1.5383630715784486,1.7871921163649773,1.3140429865054144,-0.3380416704365194
7682,L54861,0.13369098737621637,1.1291448623157323,-0.532604870848077,0.37618535526323305,1.6987865928279853,0,0,0,0,0,0,0.30841395894880563,1.6489991508224007,1.8180604363168367,1.4448210310297187,-0.3380416704365194
7683,M22542,0.13369098737621637,1.0655489815882766,-0.7018016246404954,0.9143862722970396,1.7301272885343948,0,0,0,0,0,0,0.9204142379571059,1.5383630715784486,2.266604673603572,1.4061699097380058,1.3318889527502387
7684,L54863,0.13369098737621637,1.0655489815882766,-0.09051012706788675,0.35625198796568436,1.7771383320940093,0,0,0,0,0,0,0.6241600718599155,1.5383630715784486,1.8795498471133878,1.6943450646416298,-0.3380416704365194
7685,M22544,0.13369098737621637,1.1291448623157323,-0.7290914236392727,0.24661846782916805,1.808479027800419,0,0,0,0,0,0,-0.02367142234813527,1.6489991508224007,1.8232522475673205,1.4649932918729724,1.3318889527502387
7686,L54865,0.1805954035567317,1.0655489815882766,-0.783671021636827,0.35625198796568436,1.8554900713600335,0,0,0,0,0,0,0.08493493328455629,1.4277269923344966,1.9563674625542264,1.4843139010556863,-0.3380416704365194
7687,M22546,0.13369098737621637,1.0655489815882766,-0.19966932306299545,-0.3015491328534128,1.886830767066443,0,0,0,0,0,0,-0.42963489349713196,1.5383630715784486,1.4532915479154653,1.7546340798668278,1.3318889527502387
7688,M22547,0.13369098737621637,1.0655489815882766,3.0369008381919778,-2.0955521896327682,1.9338418106260575,1,1,0,0,0,0,-1.9780880324058245,1.5383630715784486,0.017490848827458327,3.1617210698993414,1.3318889527502387
7689,L54868,0.08678657119572769,1.0655489815882766,0.06777070712502087,-0.012515307038961216,-1.7016788913174623,0,0,0,0,0,0,0.18643556168613343,1.6489991508223378,-1.531152278459849,-1.6560921796275558,-0.3380416704365194
7690,L54869,0.08678657119572769,1.0655489815882766,-0.5926424286453867,-0.07231540893160583,-1.6703381956110526,0,0,0,0,0,0,-0.36747930145354607,1.6489991508223378,-1.5034626184572664,-1.6277301987463193,-0.3380416704365194
7691,M22550,0.03988215501521234,1.001953100860857,0.1987617423191513,-0.34141586744850944,-1.6389974999046428,0,0,0,0,0,0,-0.2282831805154849,1.6489991508224007,-1.4795873503938146,-1.5936245206195812,1.3318889527502387
7692,M22551,0.03988215501521234,0.9383572201334015,-0.9310359362302237,1.6120541277112335,-1.5919864563450283,0,0,0,0,0,0,1.6551737633743546,1.5383630715784486,-1.3924567493397693,-1.5611231165510695,1.3318889527502387
7693,H37106,0.03988215501521234,1.001953100860857,-0.1887534034634846,-0.37131591839483175,-1.544975412785414,0,0,0,0,0,0,-0.5253279563732799,1.6489991508224007,-1.4032995116111888,-1.5069541097702164,-2.0079722936232773
7694,L54873,0.08678657119572769,1.001953100860857,2.3109921848245047,-1.8463850984134134,-1.4666236735193898,0,0,0,0,0,0,-1.7441944312531166,1.5383630715784486,-1.4177800736023354,-1.3643519712612064,-0.3380416704365194
7695,H37108,0.08678657119572769,1.0655489815882766,-0.2215011622620172,-0.32148250015096075,-1.43528297781298,0,0,0,0,0,0,-0.4733234032312846,1.6489991508223378,-1.3108005070872546,-1.4035675593511843,-2.0079722936232773
7696,L54875,0.08678657119572769,1.0655489815882766,-0.2869966798590824,0.7748527012142009,-1.356931238546956,0,0,0,0,0,0,1.081308204547318,1.6489991508223378,-1.1605205283742577,-1.3319099847504068,-0.3380416704365194
7697,H37110,0.08678657119572769,0.9383572201334015,-1.411336398608702,2.0206881573109756,-1.3255905428405463,0,0,0,0,0,0,1.6863491655394327,1.4277269923344966,-1.0208714012693951,-1.3513989436799716,-2.0079722936232773
7698,L54877,0.03988215501521234,0.8747613394059458,-0.7672971422375607,0.5157189263460716,-1.2472388035745223,0,0,0,0,0,0,0.3163102959405231,1.4277269923344966,-1.0692223509422725,-1.2540333724424308,-0.3380416704365194
7699,L54878,0.08678657119572769,0.9383572201334015,-0.6635959060422074,-0.13211551082425116,-1.2158981078681126,0,0,0,0,0,0,-0.5003212624637848,1.4277269923344966,-1.1085317789816531,-1.2204723552613868,-0.3380416704365194
7700,M22559,0.13369098737621637,0.9383572201334015,-0.5435207904475878,0.06721816215123279,-1.1845574121617028,0,0,0,0,0,0,-0.13613322064056488,1.3170909130906074,-1.0579557673442828,-1.185178325980407,1.3318889527502387
7701,M22560,0.13369098737621637,1.001953100860857,-1.0511110518248434,2.249921881232782,-1.1375463686020884,0,0,0,0,0,0,2.376775980676849,1.4277269923345595,-0.7364872911408282,-1.1755229728521928,1.3318889527502387
7702,H37115,0.1805954035567317,1.0655489815882766,-0.3961558758541911,-0.12214882717547682,-1.090535325042474,0,0,0,0,0,0,-0.30138042122126524,1.4277269923344966,-0.9980910049662498,-1.0891298439388175,-2.0079722936232773
7703,M22562,0.13369098737621637,1.0655489815882766,0.8755487574888252,-0.9095168354286386,-1.0121835857764498,0,0,0,0,0,0,-0.7328776594534943,1.5383630715784486,-1.0525167269866327,-0.9149175647269773,1.3318889527502387
7704,H37117,0.13369098737621637,1.0655489815882766,1.7651962048489611,-1.6271180581403808,-0.9651725422168353,0,0,0,0,0,0,-1.5528083055008195,1.5383630715784486,-1.1394000989335122,-0.7885166136207966,-2.0079722936232773
7705,M22564,0.08678657119572769,1.001953100860857,0.48803361170618936,-0.8098499989408967,-0.8868208029508112,0,0,0,0,0,0,-0.7872247600343182,1.5383630715784486,-0.9471264904461899,-0.8167201476814675,1.3318889527502387
7706,L54885,0.03988215501521234,0.9383572201334015,-1.2257657654170173,0.9741863741896849,-0.8398097593911967,0,0,0,0,0,0,0.53740773170863,1.5383630715784486,-0.5657226149769409,-0.9393183750940745,-0.3380416704365194
7707,L54886,0.03988215501521234,0.9383572201334015,0.9137544760871134,-0.869650100833542,-0.8084690636847871,0,0,0,0,0,0,-0.6451492578693635,1.5383630715784486,-0.9030490724828951,-0.6919828881912252,-0.3380416704365194
7708,H37121,0.03988215501521234,0.8747613394059458,0.7554736418942057,-1.2384173958381872,-0.7771283679783775,0,0,0,0,0,0,-1.3398219402396574,1.4277269923344966,-0.9581105264931329,-0.675098398874707,-2.0079722936232773
7709,L54888,0.03988215501521234,0.8747613394059458,0.9192124358868687,-0.760016580697026,-0.6987766287123534,0,0,0,0,0,0,-0.45861415743830763,1.4277269923344966,-0.8010494065550137,-0.5729497142413434,-0.3380416704365194
7710,L54889,0.03988215501521234,0.8747613394059458,-0.5216889512485662,0.15691831499020042,-0.6674359330059436,0,0,0,0,0,0,0.006654806370367116,1.4277269923344966,-0.5637801005634945,-0.7116500997939262,-0.3380416704365194
7711,M22570,0.03988215501521234,0.8747613394059458,-0.821876740235115,1.193453414462717,-0.636095237299534,0,0,0,0,0,0,1.194863191644534,1.4277269923344966,-0.2846937570170544,-0.7200675871364719,1.3318889527502387
7712,L54891,-0.007022261165303,0.8747613394059458,-1.2639714840153053,1.552254025818588,-0.5890841937399195,0,0,0,0,0,0,1.244495915504715,1.5383630715784486,-0.13942899733513736,-0.7357241135936069,-0.3380416704365194
7713,L54892,0.03988215501521234,0.9383572201334015,-0.22695912206177263,-0.23178234731199313,-0.5577434980335099,0,0,0,0,0,0,-0.34522510078467433,1.5383630715784486,-0.5617316308184054,-0.5724446650007907,-0.3380416704365194
7714,M22573,0.03988215501521234,0.8747613394059458,2.9004518431980917,-2.105518873281542,-0.5264028023271002,0,0,0,0,0,0,-2.044430927996316,1.4277269923344966,-1.0331622197399293,-0.1171774348844915,1.3318889527502387
7715,L54894,0.03988215501521234,0.9383572201334015,-0.29245463965883783,0.30641856972181336,-0.47939175876748574,0,0,0,0,0,0,0.3944928167114278,1.5383630715784486,-0.3465716706962954,-0.5074913714951937,-0.3380416704365194
7716,L54895,0.03988215501521234,0.9383572201334015,-1.3021772026135934,0.9642196905409106,-0.44805106306107606,0,0,0,0,0,0,0.45678505735561215,1.5383630715784486,-0.1297164252679049,-0.6246033777457181,-0.3380416704365194
7717,M22576,0.03988215501521234,0.9383572201334015,-0.8873722578321803,0.8246861194580719,-0.41671036735466643,0,0,0,0,0,0,0.6364194034564524,1.5383630715784486,-0.13522610251331674,-0.537101121088384,1.3318889527502387
7718,L54897,0.03988215501521234,1.001953100860857,-0.9583257352290009,1.303086934599233,-0.36969932379505194,0,0,0,0,0,0,1.2147748448745772,1.6489991508224007,0.05994361837223471,-0.5071051573700652,-0.3380416704365194
7719,H37132,0.08678657119572769,1.0655489815882766,-0.619932227644164,0.4658855081022007,-0.3383586280886423,0,0,0,0,0,0,0.36552331338458116,1.6489991508223378,-0.16072601899528702,-0.42665378422789885,-2.0079722936232773
7720,H37133,0.08678657119572769,1.0655489815882766,-0.03047256927057697,-0.660349744209284,-0.2600068888226182,0,0,0,0,0,0,-0.8573547739842502,1.6489991508223378,-0.4491364317262704,-0.2576009296107248,-2.0079722936232773
7721,H37134,0.03988215501521234,1.001953100860857,-0.3524921974561476,0.1768516822877491,-0.18165514955659404,0,0,0,0,0,0,0.16103844320350097,1.6489991508224007,-0.10255654192353478,-0.23827041750172567,-2.0079722936232773
7722,L54901,0.03988215501521234,1.001953100860857,-0.6308481472436748,0.24661846782916805,-0.1033034102905699,0,0,0,0,0,0,0.05082158620661475,1.6489991508224007,-0.0037002175010485707,-0.21670184405223794,-0.3380416704365194
7723,L54902,0.03988215501521234,1.0655489815882766,-0.7181755040397618,1.4725205566283948,-0.07196271458416025,0,0,0,0,0,0,1.676188366023513,1.7596352300662899,0.4780433570336822,-0.20495697347781533,-0.3380416704365194
7724,L54903,0.03988215501521234,1.001953100860857,1.0338295916817328,-0.969316937321284,-0.04062201887775059,0,0,0,0,0,0,-0.7470110290010938,1.6489991508224007,-0.4005382529462272,0.15990644257954287,-0.3380416704365194
7725,M22584,0.03988215501521234,1.001953100860857,-0.4725673130507672,0.14695163134142608,-0.009281323171340937,0,0,0,0,0,0,0.02891876765356716,1.6489991508224007,0.048005984340508914,-0.10101585918680372,1.3318889527502387
7726,L54905,0.08678657119572769,1.0655489815882766,1.1102410288783089,-1.2982174977308325,0.03772972038827355,0,0,0,0,0,0,-1.2674860274514959,1.6489991508223378,-0.47657886262168736,0.26095590239523286,-0.3380416704365194
7727,M22586,0.1805954035567317,1.1927407430431516,1.2030263454741514,-1.0889171411065743,0.0690704160946832,0,0,0,0,0,0,-0.8618934596469799,1.6489991508223378,-0.3737668724845464,0.31452083067267966,1.3318889527502387
7728,M22587,0.13369098737621637,1.1927407430431516,0.6353985262995862,-0.8995501517798646,0.11608145965429768,0,0,0,0,0,0,-0.8489801668904376,1.7596352300662899,-0.26519797599482786,0.24736908753173556,1.3318889527502387
7729,L54908,0.13369098737621637,1.1291448623157323,-0.658137946242452,0.7050859156727813,0.16309250321391217,0,0,0,0,0,0,0.6676924117648136,1.6489991508224007,0.44420828779583227,0.017304304070533037,-0.3380416704365194
7730,H37143,0.13369098737621637,1.1927407430431516,-1.1548122880201965,1.9210213208232336,0.19443319892032182,0,0,0,0,0,0,1.8327974229235338,1.7596352300662899,0.9987784936128664,-0.06361250660704469,-2.0079722936232773
7731,L54910,0.08678657119572769,1.1927407430431516,-0.3743240366551694,0.42601877350710404,0.27278493818634597,0,0,0,0,0,0,0.5039483457906945,1.870271309310179,0.43580249815219135,0.18062336436849066,-0.3380416704365194
7732,L54911,0.08678657119572769,1.2563366237706073,0.13872418452184151,-0.9792836209700579,0.3041256338927556,0,0,0,0,0,0,-1.245719857499046,1.9809073885541313,-0.1704032726186387,0.3289295884178609,-0.3380416704365194
7733,L54912,0.08678657119572769,1.2563366237706073,-0.6035583482448976,0.27651851877549105,0.3354663295991652,0,0,0,0,0,0,0.11338712405199608,1.9809073885541313,0.4293745413658772,0.18486181681861957,-0.3380416704365194
7734,L54913,0.08678657119572769,1.2563366237706073,-0.3252023984573705,0.0971182130975551,0.3668070253055749,0,0,0,0,0,0,0.06574556551481878,1.9809073885541313,0.3756198697792306,0.2798506857476767,-0.3380416704365194
7735,L54914,0.08678657119572769,1.2563366237706073,0.7063520036964067,-1.0490504065114776,0.39814772101198453,0,0,0,0,0,0,-1.054275168060779,1.9809073885541313,-0.139746863330065,0.5599846645075982,-0.3380416704365194
7736,L54915,0.08678657119572769,1.2563366237706073,-0.7345493834390281,1.5123872912234915,0.4294884167183942,0,0,0,0,0,0,1.7150648928937398,1.9809073885541313,1.1154706321951795,0.23750577295152903,-0.3380416704365194
7737,H37150,0.08678657119572769,1.319932504498063,-1.0183632930263107,0.6951192320240069,0.46082911242480384,0,0,0,0,0,0,0.3517022834954918,2.091543467798083,0.7547280463962247,0.1942894026422708,-2.0079722936232773
7738,M22597,0.03988215501521234,1.2563366237706073,2.425609340619369,-2.0556854550376715,0.539180851690828,0,0,0,0,0,0,-2.107201438742594,2.091543467798083,-0.5563985457923977,1.1549029610998736,1.3318889527502387
7739,M22598,0.03988215501521234,1.2563366237706073,-1.5150376348040553,2.0804882592036202,0.5861918952504425,0,0,0,0,0,0,1.6486731942316046,2.091543467798083,1.6039953479550322,0.16998762153802702,1.3318889527502387
7740,L54919,0.03988215501521234,1.1927407430431516,0.19330378251939587,-0.879616784482316,0.633202938810057,0,0,0,0,0,0,-1.0625131265539924,1.9809073885541313,0.10546909253464458,0.6693525824029805,-0.3380416704365194
7741,L54920,0.03988215501521234,1.2563366237706073,-0.47802527285052265,0.5157189263460716,0.6645436345164666,0,0,0,0,0,0,0.5496182602335239,2.091543467798083,0.8740690682696013,0.5166395561566304,-0.3380416704365194
7742,L54921,0.03988215501521234,1.2563366237706073,-0.34157627785663675,-0.09224877622915452,0.6958843302228762,0,0,0,0,0,0,-0.22032827983779613,2.091543467798083,0.5762992679101939,0.5832961529833072,-0.3380416704365194
7743,M22602,0.03988215501521234,1.1927407430431516,-1.1875600468187293,1.7914544333891687,0.727225025929286,0,0,0,0,0,0,1.630254914993815,1.9809073885541313,1.6385014676266183,0.37465139907731215,1.3318889527502387
7744,L54923,0.03988215501521234,1.1927407430431516,0.9246703956866241,-1.1487172429992196,0.7742360694889004,0,0,0,0,0,0,-1.1063968485747153,1.9809073885541313,0.053656935361444176,1.019480444147741,-0.3380416704365194
7745,L54924,-0.007022261165303,1.0655489815882766,-1.236681685016528,1.950921371769556,0.8055767651953101,0,0,0,0,0,0,1.784599509369635,1.870271309310242,1.8311635789966298,0.4258990426039876,-0.3380416704365194
7746,L54925,-0.007022261165303,1.0655489815882766,-0.4398195542522346,-0.032448674336509185,0.8369174609017197,0,0,0,0,0,0,-0.20334481090628873,1.870271309310242,0.7345965333841428,0.6861479453829304,-0.3380416704365194
7747,M22606,-0.007022261165303,1.0655489815882766,-0.17783748386397372,0.545618977292394,0.8682581566081293,0,0,0,0,0,0,0.8358873178727071,1.870271309310242,1.0985177791323733,0.7930203258544051,1.3318889527502387
7748,M22607,0.03988215501521234,1.1291448623157323,-1.1438963684206858,1.5323206585210394,0.9152692001677438,0,0,0,0,0,0,1.3376902611127799,1.870271309310242,1.7305413323801013,0.5451005663007202,1.3318889527502387
7749,L54928,-0.007022261165303,1.0655489815882766,-0.13963176526568566,0.7449526502678779,0.9622802437273583,0,0,0,0,0,0,1.1626531643606408,1.870271309310242,1.3148079294586705,0.894406485163797,-0.3380416704365194
7750,L54929,-0.007022261165303,1.001953100860857,0.7281838428954285,-0.6902497951556064,0.993620939433768,0,0,0,0,0,0,-0.45458302372065645,1.759635230066353,0.47352259621693393,1.1952375798600956,-0.3380416704365194
7751,L54930,-0.007022261165303,1.0655489815882766,-0.5271469110483216,1.123686628921298,1.0249616351401776,0,0,0,0,0,0,1.3697538791817465,1.870271309310242,1.6152972499969032,0.8320774671238172,-0.3380416704365194
7752,M22611,-0.007022261165303,1.0655489815882766,-0.7782130618370716,0.26655183512671676,1.0563023308465873,0,0,0,0,0,0,-0.03362724896315613,1.870271309310242,1.1168833699504133,0.7805030270297253,1.3318889527502387
7753,M22612,-0.007022261165303,1.0655489815882766,1.5905414912567872,-1.5673179562477357,1.1033133744062018,0,0,0,0,0,0,-1.5192317922109428,1.870271309310242,-0.0012279264293893952,1.5913546312740117,1.3318889527502387
7754,M22613,0.03988215501521234,1.1291448623157323,0.2751731795157274,0.20675173323407142,1.1503244179658163,0,0,0,0,0,0,0.6756961155141448,1.870271309310242,1.1685895717919708,1.211418961410354,1.3318889527502387
7755,M22614,-0.007022261165303,1.0655489815882766,-0.34157627785663675,-0.0025486233901868775,1.1973354615254308,0,0,0,0,0,0,-0.09049258804072105,1.870271309310242,1.0758786566047516,1.0516649545751215,1.3318889527502387
7756,M22615,-0.007022261165303,1.1291448623157323,-0.9746996146282673,0.7648860175654266,1.2443465050850453,0,0,0,0,0,0,0.4813818054633125,1.9809073885541941,1.6294246275492414,0.8796115132934872,1.3318889527502387
7757,L54936,0.03988215501521234,1.1291448623157323,-0.9419518558297346,1.7914544333891687,1.2913575486446596,1,0,0,0,1,0,1.8845677213216454,1.870271309310242,2.374679111878959,0.9314236236184273,-0.3380416704365194
7758,M22617,-0.05392667734579168,1.0655489815882766,0.9956238730834448,-1.1586839266479936,1.3226982443510693,0,0,0,0,0,0,-1.0871781989619922,1.9809073885541313,0.3979058078680442,1.637017024375751,1.3318889527502387
7759,L54938,-0.007022261165303,1.1291448623157323,0.81005323989176,-0.9095168354286386,1.3697092879106838,0,0,0,0,0,0,-0.7689528900114546,1.9809073885541941,0.6009515417390241,1.6222121495791557,-0.3380416704365194
7760,L54939,-0.007022261165303,1.1291448623157323,-1.4659159966062565,1.9210213208232336,1.4010499836170935,1,0,0,0,1,0,1.5034352530242328,1.9809073885541941,2.6087344394773213,0.838019222895026,-0.3380416704365194
7761,M22620,-0.007022261165303,1.0655489815882766,-0.16146360446470742,-0.6902497951556064,1.432390679323503,0,0,0,0,0,0,-0.9796064684481173,1.870271309310242,0.7998650176759451,1.3365721438045808,1.3318889527502387
7762,H37175,-0.007022261165303,1.001953100860857,0.9519601946854014,-0.9095168354286386,1.4794017228831176,0,0,0,0,0,0,-0.6907898904692074,1.759635230066353,0.6770981067461268,1.7915620919848902,-2.0079722936232773
7763,M22622,-0.05392667734579168,0.9383572201334015,-0.7672971422375607,0.38615203891200667,-1.7016788913174623,0,0,0,0,0,0,0.13866711516268668,1.7596352300662899,-1.531152278459849,-1.6560921796275558,1.3318889527502387
7764,L54943,-0.007022261165303,1.001953100860857,-1.8588891021886478,3.6552242757099433,-1.6546678477578478,1,0,0,1,0,0,3.1254150996691568,1.759635230066353,-1.4499904944216662,-1.6204416450003034,-0.3380416704365194
7765,M22624,-0.007022261165303,1.0655489815882766,0.07868662672453174,-0.12214882717547682,-1.623327152051438,0,0,0,0,0,0,0.027249702603402634,1.870271309310242,-1.4628110895504132,-1.579096927758976,1.3318889527502387
7766,H37179,-0.05392667734579168,1.001953100860857,-0.619932227644164,1.6220208113600076,-1.5763161084918236,0,0,0,0,0,0,1.9812173244019833,1.870271309310242,-1.3723605547715683,-1.543040373154024,-2.0079722936232773
7767,L54946,-0.05392667734579168,0.8747613394059458,-1.2148498458175063,1.2731868836529108,-1.4979643692257996,0,0,0,0,0,0,0.9330444728981243,1.6489991508223378,-1.2891856194321774,-1.4864154406544048,-0.3380416704365194
7768,H37181,-0.10083109352630702,0.8747613394059458,-1.209391886017751,1.4625538729796204,-1.4666236735193898,0,0,0,0,0,0,1.1827990723345676,1.7596352300662899,-1.2418942230757255,-1.4601627830719475,-2.0079722936232773
7769,M22628,-0.10083109352630702,0.8747613394059458,2.2891603456254828,-1.8962185166572845,-1.3882719342533656,0,0,0,0,0,0,-1.8482035375371066,1.7596352300662899,-1.3835211830379153,-1.267897469241918,1.3318889527502387
7770,L54949,-0.05392667734579168,0.9383572201334015,0.06231274732526543,-0.10221545987792885,-1.341260890693751,0,0,0,0,0,0,0.046214576243584736,1.7596352300662899,-1.2151581610579256,-1.302597322945777,-0.3380416704365194
7771,L54950,-0.05392667734579168,0.9383572201334015,0.040480908126243685,-0.7699832643457997,-1.3099201949873416,0,0,0,0,0,0,-0.9813048153412675,1.7596352300662899,-1.2468388052190438,-1.272848932384592,-0.3380416704365194
7772,L54951,-0.05392667734579168,1.001953100860857,0.9192124358868687,-1.0390837228627032,-1.2785794992809318,0,0,0,0,0,0,-0.9256790742834171,1.870271309310242,-1.2498408729489157,-1.1991414520427475,-0.3380416704365194
7773,H37186,-0.05392667734579168,0.9383572201334015,-0.41798771505321286,0.10708489674632944,-1.2472388035745223,0,0,0,0,0,0,0.012169553465942787,1.7596352300662899,-1.1112159807165976,-1.2356535412568252,-2.0079722936232773
7774,L54953,-0.05392667734579168,0.8747613394059458,1.1921104258746404,-1.5075178543550904,-1.168887064308498,0,0,0,0,0,0,-1.588649281314897,1.6489991508223378,-1.2333471596565608,-1.063837770206039,-0.3380416704365194
7775,L54954,-0.05392667734579168,0.9383572201334015,0.5098654509052111,-0.7998833152921226,-1.1375463686020884,0,0,0,0,0,0,-0.7588604147958353,1.7596352300662899,-1.125555268932221,-1.0735624438182507,-0.3380416704365194
7776,L54955,-0.05392667734579168,0.9383572201334015,0.6681462850981187,-0.6304496932629611,-1.1062056728956788,0,0,0,0,0,0,-0.3926226439636396,1.7596352300662899,-1.0802063869892153,-1.0302866559512804,-0.3380416704365194
7777,M22636,-0.05392667734579168,0.9383572201334015,-0.5216889512485662,0.7349859666191036,-1.074864977189269,0,0,0,0,0,0,0.8246918932379724,1.7596352300662899,-0.8629273202342547,-1.083703040334447,1.3318889527502387
7778,L54957,-0.05392667734579168,0.9383572201334015,0.8428009986902927,-1.4277843851648968,-1.0278539336296546,0,0,0,0,0,0,-1.6112158216422794,1.7596352300662899,-1.142366848219503,-0.9343173973199738,-0.3380416704365194
7779,L54958,-0.007022261165303,1.001953100860857,-0.1287158456661748,-0.09224877622915452,-0.996513237923245,0,0,0,0,0,0,-0.07186933590203337,1.759635230066353,-0.9113135883510128,-0.9800689167582811,-0.3380416704365194
7780,L54959,0.03988215501521234,1.0655489815882766,1.4759243354619231,-1.3081841813796065,-0.9651725422168353,0,0,0,0,0,0,-1.1092469479586233,1.7596352300662899,-1.0862811593367205,-0.8131848029975982,-0.3380416704365194
7781,L54960,-0.007022261165303,1.001953100860857,1.497756174660945,-1.6370847417891552,-0.9338318465104257,0,0,0,0,0,0,-1.6833955646011858,1.759635230066353,-1.1244603971719145,-0.7753754304401399,-0.3380416704365194
7782,L54961,-0.007022261165303,1.0655489815882766,-0.15054768486519654,0.007418060258587462,-0.9024911508040161,0,0,0,0,0,0,0.060582200535067264,1.870271309310242,-0.8106560232906035,-0.8919526786712555,-0.3380416704365194
7783,M22642,-0.007022261165303,1.001953100860857,-0.12325788586641936,-0.3513825510972838,-0.8711504550976064,0,0,0,0,0,0,-0.45329462262930104,1.759635230066353,-0.8497888591105802,-0.8593621482661755,1.3318889527502387
7784,L54963,-0.05392667734579168,0.9383572201334015,0.6899781242971404,-1.1088505084041227,-0.824139411537992,0,0,0,0,0,0,-1.1605096944116562,1.7596352300662899,-0.9615364155495748,-0.7316342050377582,-0.3380416704365194
7785,L54964,-0.05392667734579168,0.9383572201334015,-0.7509232628382944,2.010721473662201,-0.7927987158315822,0,0,0,0,0,0,2.3836376925497516,1.7596352300662899,-0.30002196166134115,-0.8502514560836555,-0.3380416704365194
7786,L54965,-0.10083109352630702,0.9383572201334015,-0.8600824588334031,0.21671841688284574,-0.7614580201251726,0,0,0,0,0,0,-0.16349222260321683,1.870271309310242,-0.639008386029695,-0.8343473564693867,-0.3380416704365194
7787,L54966,-0.05392667734579168,0.9383572201334015,-0.407071795453702,0.625352446482588,-0.730117324418763,0,0,0,0,0,0,0.7642444087018657,1.7596352300662899,-0.5194907719369143,-0.7559954036997141,-0.3380416704365194
7788,L54967,-0.05392667734579168,0.9383572201334015,-0.8873722578321803,0.7549193339166522,-0.6987766287123534,0,0,0,0,0,0,0.5422685176441989,1.7596352300662899,-0.45747158448214986,-0.7827333046701535,-0.3380416704365194
7789,M22648,-0.10083109352630702,0.9383572201334015,0.03502294832648825,0.0971182130975551,-0.6674359330059436,0,0,0,0,0,0,0.3292235886970654,1.870271309310242,-0.5777662043403091,-0.6449836000409641,1.3318889527502387
7790,L54969,-0.10083109352630702,0.9383572201334015,-0.24879096126079436,-0.1420821944730255,-0.6204248894463292,0,0,0,0,0,0,-0.22857599894533848,1.870271309310242,-0.5929178167651918,-0.6345558186624928,-0.3380416704365194
7791,L54970,-0.1477355097067957,0.8747613394059458,1.0283716318819773,-1.0590170901602516,-0.5890841937399195,0,0,0,0,0,0,-0.9018436540933357,1.870271309310179,-0.7964226904066227,-0.44041885176453244,-0.3380416704365194
7792,L54971,-0.1477355097067957,0.8747613394059458,-0.6690538658419629,0.7748527012142009,-0.5577434980335099,0,0,0,0,0,0,0.7554012921202885,1.870271309310179,-0.3013287440849324,-0.6310006681260528,-0.3380416704365194
7793,H37206,-0.1477355097067957,0.8747613394059458,-0.3033705592583487,0.04728479485368411,-0.5264028023271002,0,0,0,0,0,0,0.009241369167407034,1.870271309310179,-0.46100342887023443,-0.553153764596933,-2.0079722936232773
7794,L54973,-0.1477355097067957,0.9383572201334015,-0.5817265090458759,0.08715152944878075,-0.44805106306107606,0,0,0,0,0,0,-0.13587944466802523,1.9809073885541313,-0.37835827018905627,-0.5200284761724442,-0.3380416704365194
7795,M22654,-0.10083109352630702,1.001953100860857,-0.6854277452412292,1.5821540767649103,-0.41671036735466643,0,0,0,0,0,0,1.8601466642718574,1.9809073885541941,0.08487843975211135,-0.5070556427386385,1.3318889527502387
7796,H37209,-0.1477355097067957,1.001953100860857,0.7281838428954285,-1.0291170392139288,-0.36969932379505194,0,0,0,0,0,0,-1.0101181488388598,2.091543467798083,-0.6425402304177796,-0.24700479848540252,-2.0079722936232773
7797,L54976,-0.1477355097067957,0.9383572201334015,-0.4725673130507672,1.2432868327065878,-0.2913475845290278,0,0,0,0,0,0,1.5900314233462616,1.9809073885541313,0.13446553496081842,-0.3601952459269291,-0.3380416704365194
7798,L54977,-0.19463992588731105,0.8747613394059458,-0.3524921974561476,-0.09224877622915452,-0.2600068888226182,0,0,0,0,0,0,-0.22794155901398908,1.9809073885541313,-0.2639265120151173,-0.31135401348759323,-0.3380416704365194
7799,L54978,-0.19463992588731105,0.9383572201334015,1.4813822952616786,-1.1586839266479936,-0.2286661931162085,0,0,0,0,0,0,-0.841337605871259,2.091543467798083,-0.5916110343416005,0.030653448703182012,-0.3380416704365194
7800,L54979,-0.19463992588731105,0.8747613394059458,-0.909204097031202,0.19678504958529708,-0.19732549740979885,0,0,0,0,0,0,-0.22729735846831134,1.9809073885541313,-0.11050319179672514,-0.34985659088502585,-0.3380416704365194
7801,M22660,-0.1477355097067957,0.8747613394059458,-0.09051012706788675,0.06721816215123279,-0.1659848017033892,0,0,0,0,0,0,0.19277996099962827,1.870271309310179,-0.12590203332877353,-0.17707033305827563,1.3318889527502387
7802,L54981,-0.19463992588731105,0.8747613394059458,-0.8600824588334031,0.9642196905409106,-0.11897375814377473,0,0,0,0,0,0,0.8489274986155203,1.9809073885541313,0.23816048619498054,-0.2728217273113045,-0.3380416704365194
7803,L54982,-0.2415443420678264,0.8111654586785263,-0.6090163080446531,1.8213544843354916,-0.08763306243736507,0,0,0,0,0,0,2.271146612414336,1.9809073885541941,0.5860471584213074,-0.19851016846605385,-0.3380416704365194
7804,M22663,-0.28844875824831506,0.8111654586785263,-0.1287158456661748,0.12701826404387812,-0.05629236673095542,0,0,0,0,0,0,0.253881406695741,2.091543467798083,-0.0032763961744784907,-0.07870456626591489,1.3318889527502387
7805,M22664,-0.2415443420678264,0.8747613394059458,-0.3306603582571259,0.495785559048523,-0.009281323171340937,0,0,0,0,0,0,0.6395818424988704,2.091543467798083,0.1815097022101044,-0.07320844217754681,1.3318889527502387
7806,L54985,-0.2415443420678264,0.8747613394059458,0.9028385564876025,-1.1088505084041227,0.03772972038827355,0,0,0,0,0,0,-1.0508784742744772,2.091543467798083,-0.40209226447698426,0.21918535932363542,-0.3380416704365194
7807,L54986,-0.19463992588731105,0.9383572201334015,-1.045653092025088,0.8645528540531686,0.0690704160946832,0,0,0,0,0,0,0.5526538112896732,2.091543467798083,0.40846602258841685,-0.14651980546797733,-0.3380416704365194
7808,M22667,-0.19463992588731105,0.9383572201334015,-0.48894119245003353,0.9044195886482652,0.10041111180109286,0,0,0,0,0,0,1.0931575903420587,2.091543467798083,0.4590420342257873,-0.0036403850229777784,1.3318889527502387
7809,L54988,-0.2415443420678264,0.8747613394059458,0.47165973230692304,-0.32148250015096075,0.14742215536070732,0,0,0,0,0,0,-0.018390929996441895,2.091543467798083,-0.0016517477559594754,0.2451310261912469,-0.3380416704365194
7810,M22669,-0.19463992588731105,0.8747613394059458,-0.019556649671066097,-0.4510493875850258,0.17876285106711698,0,0,0,0,0,0,-0.5358108561620387,1.9809073885541313,-0.030824782401537874,0.17040354444201164,1.3318889527502387
7811,L54990,-0.1477355097067957,0.9383572201334015,3.6973139739623853,-2.284919178959478,0.22577389462673148,0,0,0,0,0,0,-2.1662043523580894,1.9809073885541313,-0.7926436169113724,1.0455647519833473,-0.3380416704365194
7812,M22671,-0.19463992588731105,0.8747613394059458,-0.407071795453702,-0.09224877622915452,0.2571145903331411,0,0,0,0,0,0,-0.2660079548949539,1.9809073885541313,0.19062186073136256,0.15861906216244764,1.3318889527502387
7813,L54992,-0.19463992588731105,0.9383572201334015,0.6845201644973851,-0.7899166316433484,0.3041256338927556,0,0,0,0,0,0,-0.64296288025979,2.091543467798083,-0.08450881710042282,0.4556870448703141,-0.3380416704365194
7814,L54993,-0.19463992588731105,0.9383572201334015,-0.46710935325101177,0.1768516822877491,0.3354663295991652,0,0,0,0,0,0,0.07556474352924258,2.091543467798083,0.38346056432077824,0.21704632724600026,-0.3380416704365194
7815,L54994,-0.19463992588731105,0.8747613394059458,2.1090476722335536,-1.5274512216526388,0.3668070253055749,0,0,0,0,0,0,-1.2196004535561074,1.9809073885541313,-0.3842917687610382,0.8628557620186785,-0.3380416704365194
7816,M22675,-0.2415443420678264,0.8111654586785263,0.8864646770883361,-1.1487172429992196,0.39814772101198453,0,0,0,0,0,0,-1.1258009498596793,1.9809073885541941,-0.1870735781303978,0.6037754045414067,1.3318889527502387
7817,L54996,-0.28844875824831506,0.7475695779510707,-0.041388488870087836,-0.4012159693411548,0.44515876457159903,0,0,0,0,0,0,-0.4748167772235388,1.9809073885541313,0.20591474693176867,0.4237303017474964,-0.3380416704365194
7818,H37231,-0.28844875824831506,0.8111654586785263,1.3340173806682818,-1.4477177524624456,0.4764994602780087,0,0,0,0,0,0,-1.421176660667309,2.091543467798083,-0.28419929880272254,0.8009723756615394,-2.0079722936232773
7819,L54998,-0.28844875824831506,0.7475695779510707,3.282509029180972,-2.3247859135545745,0.5548511995440328,0,0,0,0,0,0,-2.3759404330478766,1.9809073885541313,-0.6869001959321214,1.3984456272354346,-0.3380416704365194
7820,L54999,-0.28844875824831506,0.7475695779510707,-0.9364938960299792,0.625352446482588,0.5861918952504425,0,0,0,0,0,0,0.32683223818659524,1.9809073885541313,0.8511473981909328,0.3232453087300712,-0.3380416704365194
7821,M22680,-0.28844875824831506,0.7475695779510707,0.9028385564876025,-1.068983773809026,0.6175325909568521,0,0,0,0,0,0,-0.9842720420971178,1.9809073885541313,-0.004830407705235879,0.8442778723073658,1.3318889527502387
7822,L55001,-0.2415443420678264,0.8111654586785263,1.4268026972641241,-1.5473845889501874,0.6645436345164666,0,0,0,0,0,0,-1.5549165981957658,1.9809073885541941,-0.2298795321139825,1.0385138684681796,-0.3380416704365194
7823,H37236,-0.2415443420678264,0.8111654586785263,-0.6963436648407401,0.18681836593652273,0.6958843302228762,0,0,0,0,0,0,-0.08159090777317264,1.9809073885541941,0.7276034814957354,0.48481155107552226,-2.0079722936232773
7824,L55003,-0.19463992588731105,0.8111654586785263,-0.30882851905810416,1.3230203018967819,0.7742360694889004,0,0,0,0,0,0,1.8593462938969245,1.870271309310242,1.4375748403884892,0.6658667523505379,-0.3380416704365194
7825,L55004,-0.2415443420678264,0.8111654586785263,-0.03047256927057697,-0.18194892906812216,0.8055767651953101,0,0,0,0,0,0,-0.1381927102638682,1.9809073885541941,0.6218600605164845,0.7760665160538894,-0.3380416704365194
7826,M22685,-0.2415443420678264,0.7475695779510707,0.20967766191866216,-0.44108270393625143,0.8369174609017197,0,0,0,0,0,0,-0.3752780323019798,1.870271309310242,0.5000114291275679,0.8770565583118674,1.3318889527502387
7827,L55006,-0.28844875824831506,0.6839736972236512,-1.3130931222131041,2.4193555032619436,0.8839285044613342,0,0,0,0,0,0,2.299667127482074,1.870271309310242,2.2101304818381005,0.46808550857956965,-0.3380416704365194
7828,M22687,-0.28844875824831506,0.6839736972236512,-0.4834832326502781,0.43598545715587766,0.9152692001677438,0,0,0,0,0,0,0.431836927132087,1.870271309310242,1.0817415182889718,0.7452089977487454,1.3318889527502387
7829,M22688,-0.28844875824831506,0.6839736972236512,0.11689234532281978,-0.42114933663870274,0.9622802437273583,0,0,0,0,0,0,-0.4036911806121049,1.870271309310242,0.6123240806686565,0.9735308661837266,1.3318889527502387
7830,L55009,-0.28844875824831506,0.7475695779510707,0.6736042448978742,-1.1586839266479936,1.0092912872869728,0,0,0,0,0,0,-1.2501511764041635,1.9809073885541313,0.19800341550245942,1.194683015988116,-0.3380416704365194
7831,H37244,-0.2415443420678264,0.7475695779510707,-0.24879096126079436,-0.4111826529899291,1.0406319829933826,0,0,0,0,0,0,-0.6225631963133249,1.870271309310242,0.6815482306751128,0.9347609097765897,-2.0079722936232773
7832,M22691,-0.19463992588731105,0.8747613394059458,-0.041388488870087836,0.26655183512671676,1.1189837222594066,0,0,0,0,0,0,0.527705681066148,1.9809073885541313,1.1770659983233736,1.076521299551345,1.3318889527502387
7833,L55012,-0.19463992588731105,0.8747613394059458,-0.30882851905810416,-0.29158244920463844,1.165994765819021,0,0,0,0,0,0,-0.4871834755776879,1.9809073885541313,0.8602595567121907,1.0332653175369453,-0.3380416704365194
7834,L55013,-0.19463992588731105,0.8747613394059458,0.34612665691254807,-0.12214882717547682,1.1973354615254308,0,0,0,0,0,0,0.21234023211384725,1.9809073885541313,0.9974717111892752,1.2825021662865812,-0.3380416704365194
7835,L55014,-0.19463992588731105,0.8747613394059458,-0.3142864788578596,0.5655523445899426,1.2286761572318403,0,0,0,0,0,0,0.7540543273429618,1.9809073885541313,1.4805220681475972,1.0901972407514102,-0.3380416704365194
7836,L55015,-0.1477355097067957,0.9383572201334015,0.045938867925999126,-0.5208161731264447,1.26001685293825,0,0,0,0,0,0,-0.6001821076581824,1.9809073885541313,0.7851372265776326,1.243098422597182,-0.3380416704365194
7837,L55016,-0.1477355097067957,0.8747613394059458,0.34612665691254807,-0.4909161221801224,1.2913575486446596,0,0,0,0,0,0,-0.3669327070511529,1.870271309310179,0.8298856949746637,1.3778079288567695,-0.3380416704365194
7838,L55017,-0.10083109352630702,0.9383572201334015,0.7882214006927383,-0.8895834681310903,1.3226982443510693,0,0,0,0,0,0,-0.7480846965772235,1.870271309310242,0.5819502189311292,1.5643889629990093,-0.3380416704365194
7839,L55018,-0.10083109352630702,1.001953100860857,-0.9201200166307129,0.9243529559458139,1.354038940057479,0,0,0,0,0,0,0.7421073354049365,1.9809073885541941,1.8572992274684552,0.9933367187544224,-0.3380416704365194
7840,L55019,-0.05392667734579168,1.001953100860857,-0.909204097031202,0.7449526502678779,1.3853796357638886,0,0,0,0,0,0,0.5103122663328452,1.870271309310242,1.7668133742457293,1.0244121014378442,-0.3380416704365194
7841,L55020,-0.10083109352630702,1.001953100860857,0.3570425765120589,-0.8895834681310903,1.4167203314702983,0,0,0,0,0,0,-0.9871221414810257,1.9809073885541941,0.6476425245495016,1.5088236436119222,-0.3380416704365194
7842,L55021,-0.1477355097067957,0.9383572201334015,-0.37978199645492483,0.7250192829703299,1.448061027176708,0,0,0,0,0,0,0.9303700645721275,1.9809073885541313,1.8195791294037127,1.2719159380875444,-0.3380416704365194
7843,L55022,-0.1477355097067957,0.9383572201334015,0.646314445899097,-0.879616784482316,1.4794017228831176,0,0,0,0,0,0,-0.810562388893648,1.9809073885541313,0.6986070390695615,1.6789856259730553,-0.3380416704365194
7844,M22703,-0.1477355097067957,1.0655489815882766,-0.7672971422375607,0.8545861704043942,1.5107424185895273,0,0,0,0,0,0,0.7809155379748629,2.2021795470419723,1.9803840043932015,1.1860476642672926,1.3318889527502387
7845,L55024,-0.1477355097067957,1.0655489815882766,-0.2051272828627509,0.26655183512671676,1.5577534621491418,0,0,0,0,0,0,0.40296502994852484,2.2021795470419723,1.5983443969340976,1.4398002474030474,-0.3380416704365194
7846,L55025,-0.10083109352630702,1.1291448623157323,1.4049708580651024,-1.6669847927354777,1.5890941578555513,0,0,0,0,0,0,-1.7750379725310266,2.2021795470420353,0.1895623074149372,2.083054727194106,-0.3380416704365194
7847,M22706,-0.10083109352630702,1.001953100860857,0.3679584961115698,-0.4909161221801224,1.620434853561961,0,0,0,0,0,0,-0.35326784699131936,1.9809073885541941,1.089476257498877,1.7197757793424033,1.3318889527502387
7848,L55027,-0.10083109352630702,1.001953100860857,-1.1930180066184846,1.093786577974975,1.6674458971215755,0,0,0,0,0,0,0.7213562693426459,1.9809073885541941,2.3339216276404633,1.158616558456879,-0.3380416704365194
7849,H37262,-0.10083109352630702,1.001953100860857,0.03502294832648825,-0.2218156636632188,1.6987865928279853,0,0,0,0,0,0,-0.15396586301864731,1.9809073885541941,1.3582142969882296,1.6683102714374503,-2.0079722936232773
7850,M22709,-0.05392667734579168,1.0655489815882766,-0.909204097031202,0.7947860685117489,1.7771383320940093,1,1,0,0,0,0,0.5773676867693133,1.9809073885541313,2.224540406941485,1.3645776193395447,1.3318889527502387
7851,M22710,-0.05392667734579168,1.0655489815882766,-0.5107730316490553,-0.3115158165021871,-1.7016788913174623,0,0,0,0,0,0,-0.6490535036007445,1.9809073885541313,-1.531152278459849,-1.6560921796275558,1.3318889527502387
7852,L55031,-0.007022261165303,1.0655489815882766,-0.9146620568309575,0.7250192829703299,-1.6546678477578478,0,0,0,0,0,0,0.4788830881952288,1.870271309310242,-1.4811413619245717,-1.6153020262582078,-0.3380416704365194
7853,L55032,-0.05392667734579168,1.0655489815882766,-0.13963176526568566,-0.24174903096076747,-1.623327152051438,0,0,0,0,0,0,-0.3012925756923097,1.9809073885541313,-1.464930196183264,-1.5810775130160455,-0.3380416704365194
7854,L55033,-0.05392667734579168,1.0655489815882766,-1.2203078056172618,1.65192086230633,-1.5919864563450283,0,0,0,0,0,0,1.416380333828764,1.9809073885541313,-1.3914678329111054,-1.5647971022029334,-0.3380416704365194
7855,L55034,-0.05392667734579168,1.1291448623157323,0.056854787525509994,-0.2716490819070898,-1.5606457606386188,0,0,0,0,0,0,-0.2149404207284899,2.091543467798083,-1.4129061283467785,-1.5178572316103844,-0.3380416704365194
7856,M22715,-0.05392667734579168,1.1291448623157323,0.28063113931548284,-0.779949947994574,-1.529305064932209,0,0,0,0,0,0,-0.8585553295466487,2.091543467798083,-1.406442853116584,-1.4826721345185434,1.3318889527502387
7857,L55036,-0.007022261165303,1.1291448623157323,-0.5871844688456314,0.22668510053162008,-1.4822940213725946,0,0,0,0,0,0,0.05595566934338134,1.9809073885541941,-1.3224909120118145,-1.457419672490906,-0.3380416704365194
7858,L55037,0.03988215501521234,1.1927407430431516,-0.5926424286453867,0.3163852533705877,-1.450953325666185,0,0,0,0,0,0,0.17763148756187025,1.9809073885541313,-1.2875962894575395,-1.4291963325776647,-0.3380416704365194
7859,L55038,0.03988215501521234,1.1927407430431516,-1.0401951322253324,1.1735200471651688,-1.4196126299597753,0,0,0,0,0,0,0.965879179499038,1.9809073885541313,-1.202478839704702,-1.4154510708936017,-0.3380416704365194
7860,M22719,0.03988215501521234,1.1927407430431516,-0.9310359362302237,0.48581887539974866,-1.3882719342533656,0,0,0,0,0,0,0.1441330591866201,1.9809073885541313,-1.2146990212874744,-1.3847519994090232,1.3318889527502387
7861,L55040,0.03988215501521234,1.2563366237706073,-0.6854277452412292,0.4658855081022007,-1.341260890693751,0,0,0,0,0,0,0.31328450549870285,2.091543467798083,-1.1688556811301372,-1.3338014436709082,-0.3380416704365194
7862,L55041,0.03988215501521234,1.2563366237706073,-0.23241708186152807,0.2964518860730391,-1.3099201949873416,0,0,0,0,0,0,0.42603912222098606,2.091543467798083,-1.1523619678377823,-1.2852275902412769,-0.3380416704365194
7863,M22722,0.03988215501521234,1.2563366237706073,-0.8655404186331586,1.4127204547357495,-1.2785794992809318,0,0,0,0,0,0,1.4510988389950692,2.091543467798083,-1.0152557686923407,-1.286574388216084,1.3318889527502387
7864,M22723,0.03988215501521234,1.1927407430431516,-0.16146360446470742,0.45591882445342635,-1.2315684557213173,0,0,0,0,0,0,0.716446680335434,1.9809073885541313,-1.0596510526505634,-1.2071925311127354,1.3318889527502387
7865,L55044,0.03988215501521234,1.1927407430431516,-1.1493543282204413,1.950921371769556,-1.1845574121617028,0,0,0,0,0,0,1.8775205577765028,1.9809073885541313,-0.8376746328594502,-1.2214527449636363,-0.3380416704365194
7866,L55045,0.03988215501521234,1.1927407430431516,-0.8600824588334031,1.0539198433798782,-1.1532167164552933,0,0,0,0,0,0,0.9704178651617684,1.9809073885541313,-0.9068987828659072,-1.1767410327852905,-0.3380416704365194
7867,L55046,0.03988215501521234,1.1927407430431516,-0.5981003884451422,0.9442863232433619,-1.1218760207488836,0,0,0,0,0,0,1.0533733263392857,1.9809073885541313,-0.8856017612057573,-1.1317619415972404,-0.3380416704365194
7868,L55047,0.03988215501521234,1.2563366237706073,-0.4343615944524792,-0.18194892906812216,-1.090535325042474,0,0,0,0,0,0,-0.41338347064025854,2.091543467798083,-1.0063555208343677,-1.0918333428147176,-0.3380416704365194
7869,H37282,-0.007022261165303,1.1927407430431516,-0.5598946698468542,0.675185864726459,-1.0591946293360643,0,0,0,0,0,1,0.7081599187705784,2.091543467798083,-0.8549100334733029,-1.072235451696014,-2.0079722936232773
7870,M22729,0.03988215501521234,1.2563366237706073,1.3012696218697493,-1.2184840285406389,-0.9808428900700402,0,0,0,0,0,0,-1.0366767804265795,2.091543467798083,-1.0811246665301173,-0.8456961099923954,1.3318889527502387
7871,M22730,0.08678657119572769,1.319932504498063,-1.3512988408113922,1.2333201490578134,-0.9338318465104257,0,0,0,0,0,0,0.7539664818140049,2.091543467798083,-0.6260465171254249,-1.0286724789667687,1.3318889527502387
7872,L55051,0.08678657119572769,1.3835283852254825,-1.2694294438150606,1.4725205566283948,-0.8868208029508112,0,0,0,0,0,0,1.1369437062194974,2.2021795470419723,-0.5265544607130834,-0.9825347454033327,-0.3380416704365194
7873,L55052,0.08678657119572769,1.447124265952938,-0.04684644866984327,-0.2716490819070898,-0.8554801072444016,0,0,0,0,0,0,-0.2839284428019926,2.3128156262859245,-0.8216753777814272,-0.8368428938932944,-0.3380416704365194
7874,L55053,0.13369098737621637,1.5107201466803575,-0.38523995625468027,-0.13211551082425116,-0.824139411537992,0,0,0,0,0,0,-0.30817380879386874,2.3128156262859245,-0.7677087955314956,-0.8408832878177164,-0.3380416704365194
7875,L55054,0.13369098737621637,1.447124265952938,0.040480908126243685,-0.20188229636567082,-0.7927987158315822,0,0,0,0,0,0,-0.12006724945593217,2.2021795470420353,-0.7547822450711063,-0.7669678460238796,-0.3380416704365194
7876,L55055,0.13369098737621637,1.447124265952938,1.950766838040646,-1.587251323545284,-0.7614580201251726,0,0,0,0,0,0,-1.4003865521477052,2.2021795470420353,-1.0225666865756757,-0.5283469342521365,-0.3380416704365194
7877,H37290,0.13369098737621637,1.3835283852254825,-1.122064529221664,0.9044195886482652,-0.730117324418763,0,0,0,0,0,0,0.5383642719128179,2.091543467798083,-0.4581779533597668,-0.8364269709893097,-2.0079722936232773
7878,L55057,0.13369098737621637,1.447124265952938,-0.658137946242452,1.3828204037894265,-0.6517655851527389,0,0,0,0,0,0,1.6101773313201886,2.2021795470420353,-0.25806365033089695,-0.7139277728395562,-0.3380416704365194
7879,L55058,0.13369098737621637,1.447124265952938,-0.6690538658419629,0.9044195886482652,-0.6204248894463292,0,0,0,0,0,0,0.9353284566509816,2.2021795470420353,-0.3370356908484672,-0.6871700660165462,-0.3380416704365194
7880,M22739,0.1805954035567317,1.447124265952938,-0.03047256927057697,0.03731811120490977,-0.5890841937399195,0,0,0,0,0,0,0.1914232356079725,2.091543467798083,-0.5205856436972206,-0.5768217584189145,1.3318889527502387
7881,H37294,0.13369098737621637,1.5107201466803575,-0.4561934336515009,0.7250192829703299,-0.542073150180305,0,0,0,0,0,0,0.8658719250897144,2.3128156262859245,-0.297549670589682,-0.5883784733939155,-2.0079722936232773
7882,L55061,0.1805954035567317,1.5107201466803575,-0.25970688086030524,-0.08228209258038018,-0.46372141091428093,0,0,0,0,0,0,-0.14865608882396902,2.2021795470419723,-0.44020086542441644,-0.48807173304962653,-0.3380416704365194
7883,H37296,0.13369098737621637,1.447124265952938,0.7063520036964067,-1.2583507631357356,-0.43238071520787125,0,0,0,0,0,0,-1.3965799125596088,2.2021795470420353,-0.7501555289227153,-0.3165233410085448,-2.0079722936232773
7884,H37297,0.13369098737621637,1.447124265952938,-0.5162309914488107,0.545618977292394,-0.3540289759418471,0,0,0,0,0,0,0.5611455457554254,2.2021795470420353,-0.15217895557612252,-0.42460387848683184,-2.0079722936232773
7885,L55064,0.1805954035567317,1.5107201466803575,-0.4125297552534574,1.9110546371744592,-0.275677236675823,1,0,0,1,0,0,2.6043447037447196,2.2021795470419723,0.36830895189589574,-0.33588356189639995,-0.3380416704365194
7886,L55065,0.13369098737621637,1.447124265952938,0.26971521971597195,-0.3613492347460581,-0.24433654096941335,0,0,0,0,0,0,-0.21300781909145744,2.2021795470420353,-0.33883693148639044,-0.1917464698131612,-0.3380416704365194
7887,M22746,0.08678657119572769,1.3835283852254825,3.457163742773146,-2.135418924227865,-0.2129958452630037,0,0,0,0,0,0,-1.9209201142840777,2.2021795470419723,-0.9104306272539917,0.38915918608534683,1.3318889527502387
7888,L55067,0.13369098737621637,1.5107201466803575,0.26971521971597195,-0.20188229636567082,-0.1659848017033892,0,0,0,0,0,0,0.035302209424375244,2.3128156262859245,-0.21935463583749049,-0.11301820584464538,-0.3380416704365194
7889,L55068,0.13369098737621637,1.447124265952938,0.1987617423191513,-0.6703164278580577,-0.13464410599697954,0,0,0,0,0,0,-0.736235310782482,2.2021795470420353,-0.3585799416157827,-0.09440070442819132,-0.3380416704365194
7890,M22749,0.13369098737621637,1.5107201466803575,-0.9255779764304684,2.1701884120425885,-0.1033034102905699,0,0,0,0,0,0,2.4100303936938863,2.3128156262859245,0.6915786687372734,-0.2712471620319342,1.3318889527502387
7891,L55070,0.1805954035567317,1.5107201466803575,1.235774104272684,-1.4277843851648968,-0.05629236673095542,0,0,0,0,0,0,-1.4313081783402424,2.2021795470419723,-0.5817925069427256,0.1812472487244676,-0.3380416704365194
7892,L55071,0.1805954035567317,1.5743160274078132,-0.1287158456661748,-0.07231540893160583,-0.024951671024545763,0,0,0,0,0,0,-0.04225563202950829,2.3128156262859245,-0.0497554683216708,-0.04865908791616935,-0.3380416704365194
7893,M22752,0.2274998197372204,1.6379119081352689,0.07868662672453174,0.06721816215123279,0.00638902468186389,0,0,0,0,0,0,0.31562705293753146,2.3128156262859876,0.031830137043082,0.02240431110748721,1.3318889527502387
7894,L55073,0.2274998197372204,1.7015077888626884,-0.6799697854414738,0.38615203891200667,0.05340006824147837,0,0,0,0,0,0,0.20706950037648217,2.4234517055298768,0.20142930455890104,-0.085567294181661,-0.3380416704365194
7895,M22754,0.1805954035567317,1.6379119081352689,0.2587993001164611,-0.4311160202874771,0.08474076394788803,0,0,0,0,0,0,-0.3285930139689911,2.4234517055298768,-0.09778855199962065,0.13665437166154598,1.3318889527502387
7896,L55075,0.1805954035567317,1.6379119081352689,-0.6472220266429412,1.004086425136007,0.1317518075075025,0,0,0,0,0,0,1.0932551964853434,2.4234517055298768,0.5349766885696049,-0.0085027218290836,-0.3380416704365194
7897,L55076,0.1805954035567317,1.6379119081352689,-0.8982881774316911,1.3628870364918784,0.16309250321391217,0,0,0,0,0,0,1.35226285830516,2.4234517055298768,0.721599346035992,-0.03454741795954859,-0.3380416704365194
7898,L55077,0.1805954035567317,1.5743160274078132,-0.5817265090458759,1.0738532106774268,0.19443319892032182,0,0,0,0,0,0,1.249795929085065,2.3128156262859245,0.6355282982983719,0.06220417184830044,-0.3380416704365194
7899,L55078,0.1805954035567317,1.5743160274078132,-0.6417640668431857,0.7349859666191036,0.22577389462673148,0,0,0,0,0,0,0.7231229405360949,2.3128156262859245,0.5236394680838534,0.07720710517060252,-0.3380416704365194
7900,L55079,0.2274998197372204,1.5107201466803575,-0.9637836950287564,1.2532535163553622,0.2571145903331411,0,0,0,0,0,0,1.1430343295604513,2.091543467798083,0.786620601220628,0.03235675202426185,-0.3380416704365194
7901,L55080,0.1805954035567317,1.5107201466803575,1.5523357726584992,-1.6071846908428324,0.2884552860395508,0,0,0,0,0,0,-1.6070187574810448,2.2021795470419723,-0.463616993717417,0.6391585601589547,-0.3380416704365194
7902,L55081,0.1805954035567317,1.5107201466803575,-0.9583257352290009,0.45591882445342635,0.3197959817459604,0,0,0,0,0,0,0.0822995674158741,2.2021795470419723,0.4963029925200792,0.0876645953279299,-0.3380416704365194
7903,M22762,0.13369098737621637,1.447124265952938,-0.6035583482448976,0.7250192829703299,0.3511366774523701,0,0,0,0,0,0,0.7414826560879147,2.2021795470420353,0.6526577435805819,0.19902300140666707,1.3318889527502387
7904,L55083,0.1805954035567317,1.447124265952938,-0.5762685492461205,0.48581887539974866,0.39814772101198453,0,0,0,0,0,0,0.42836214843115733,2.091543467798083,0.5890845445950599,0.24814151578199267,-0.3380416704365194
7905,M22764,0.1805954035567317,1.5107201466803575,1.4759243354619231,-1.477617803408768,0.4294884167183942,0,0,0,0,0,0,-1.4097469812886905,2.2021795470419723,-0.32552187814331146,0.7829589527484916,1.3318889527502387
7906,M22765,0.1805954035567317,1.5107201466803575,-0.4125297552534574,0.37618535526323305,0.4764994602780087,0,0,0,0,0,0,0.40225250510254823,2.2021795470419723,0.614195958194341,0.36049021448926466,1.3318889527502387
7907,L55086,0.2274998197372204,1.5107201466803575,-0.9201200166307129,1.103753261623749,0.5235105038376232,0,0,0,0,0,0,0.983155466860399,2.091543467798083,1.0266094273909723,0.2732355309890643,-0.3380416704365194
7908,L55087,0.1805954035567317,1.447124265952938,1.7324484460504286,-1.3580175996234776,0.5548511995440328,0,0,0,0,0,0,-1.0769783569887594,2.091543467798083,-0.19357217180447323,0.9934555538698466,-0.3380416704365194
7909,L55088,0.13369098737621637,1.447124265952938,0.9519601946854014,-1.3081841813796065,0.5861918952504425,0,0,0,0,0,0,-1.36036803340105,2.2021795470420353,-0.14921220629013146,0.8235015329607059,-0.3380416704365194
7910,L55089,0.13369098737621637,1.3835283852254825,0.26971521971597195,-0.1420821944730255,0.6175325909568521,0,0,0,0,0,0,0.12841847011781224,2.091543467798083,0.4812926538707199,0.674264433840513,-0.3380416704365194
7911,M22770,0.1805954035567317,1.3835283852254825,0.6736042448978742,-1.4178177015161229,0.6488732866632618,0,0,0,0,0,0,-1.6724343947103342,1.9809073885541313,-0.16962626685326015,0.8156782211952811,1.3318889527502387
7912,L55091,0.13369098737621637,1.319932504498063,-0.15600564466495198,-0.3015491328534128,0.6958843302228762,0,0,0,0,0,0,-0.40082155999954044,1.9809073885541941,0.46282110772103774,0.6348111755196869,-0.3380416704365194
7913,L55092,0.13369098737621637,1.319932504498063,-0.23241708186152807,0.40608540620955536,0.727225025929286,0,0,0,0,0,0,0.5868745251252269,1.9809073885541941,0.8775655942138049,0.643268274567374,-0.3380416704365194
7914,L55093,0.13369098737621637,1.319932504498063,-0.7945869412363379,0.19678504958529708,0.7585657216356956,0,0,0,0,0,0,-0.14141371299225752,1.9809073885541941,0.7922009153538018,0.5127972207579155,-0.3380416704365194
7915,H37328,0.13369098737621637,1.319932504498063,-0.27608076025957157,0.3163852533705877,0.7899064173421052,0,0,0,0,0,0,0.4216273245445258,1.9809073885541941,0.8891853622506032,0.6900100866342161,-2.0079722936232773
7916,H37329,0.1805954035567317,1.319932504498063,-0.07413624766862045,-0.4809494385313481,0.8682581566081293,0,0,0,0,0,0,-0.6150768051234008,1.870271309310242,0.5019186250971338,0.8238778441595491,-2.0079722936232773
7917,L55096,0.1805954035567317,1.319932504498063,-0.15600564466495198,-0.28161576555586415,0.9466098958741535,0,0,0,0,0,0,-0.3713054622702992,1.870271309310242,0.6832788344252747,0.8743827682148234,-0.3380416704365194
7918,L55097,0.2274998197372204,1.319932504498063,-0.3634081170556585,0.24661846782916805,0.9779505915805632,0,0,0,0,0,0,0.25360810949454404,1.759635230066353,1.0295761766769633,0.8399800022995249,-0.3380416704365194
7919,L55098,0.1805954035567317,1.319932504498063,-0.19421136326324,0.13698494769265174,1.0092912872869728,0,0,0,0,0,0,0.22031465402019196,1.870271309310242,0.9923152183826713,0.9222832226570512,-0.3380416704365194
7920,L55099,0.1805954035567317,1.2563366237706073,-0.24333300146103892,0.007418060258587462,1.0406319829933826,0,0,0,0,0,0,-0.005789976898409839,1.7596352300662899,0.9411387931993266,0.9364939218765255,-0.3380416704365194
7921,L55100,0.1805954035567317,1.2563366237706073,-0.8655404186331586,0.9343196395945875,1.071972678699792,0,0,0,0,0,0,0.8036187269028425,1.7596352300662899,1.5507704530265984,0.7663022307365365,-0.3380416704365194
7922,L55101,0.13369098737621637,1.1927407430431516,-0.6635959060422074,0.7748527012142009,1.1033133744062018,0,0,0,0,0,0,0.7600571051549602,1.7596352300662899,1.484442415418371,0.8592609997770972,-0.3380416704365194
7923,L55102,0.13369098737621637,1.1927407430431516,-0.42890363465272374,-0.02248199068773485,1.1346540701126113,0,0,0,0,0,0,-0.18134438620995663,1.7596352300662899,1.0067251434860567,0.9644399798537773,-0.3380416704365194
7924,M22783,0.1805954035567317,1.2563366237706073,-0.494399152249789,0.5057522426972973,1.165994765819021,0,0,0,0,0,0,0.5222592582708712,1.7596352300662899,1.3773215751277668,0.9716493101895105,1.3318889527502387
7925,H37338,0.13369098737621637,1.1927407430431516,-0.8273347000348705,0.6552524974289103,1.2130058093786356,0,0,0,0,0,0,0.4576927944881578,1.7596352300662899,1.5235399327944665,0.9023684378972167,-2.0079722936232773
7926,M22785,0.13369098737621637,1.1927407430431516,0.8537169182898036,-1.168650610296768,1.2913575486446596,0,0,0,0,0,0,-1.1755605617061298,1.7596352300662899,0.371169745850244,1.5537136084634042,1.3318889527502387
7927,L55106,0.13369098737621637,1.1927407430431516,-1.122064529221664,1.7117209641989755,1.338368592204274,1,0,0,0,1,0,1.5938283023200306,1.7596352300662899,2.3812130239969154,0.9086666990146979,-0.3380416704365194
7928,L55107,0.13369098737621637,1.1927407430431516,-0.3524921974561476,0.20675173323407142,1.3697092879106838,0,0,0,0,0,0,0.20425844344988828,1.7596352300662899,1.3762620218113415,1.2087847830184515,-0.3380416704365194
7929,L55108,0.08678657119572769,1.0655489815882766,-0.2378750416612835,0.3662186716144587,1.4010499836170935,0,0,0,0,0,0,0.5241332962219345,1.6489991508223378,1.51781834488577,1.279194588907275,-0.3380416704365194
7930,M22789,0.08678657119572769,1.001953100860857,0.7008940438966513,-1.068983773809026,1.432390679323503,0,0,0,0,0,0,-1.089725719301719,1.5383630715784486,0.5314448441815204,1.6495046144215746,1.3318889527502387
7931,L55110,0.08678657119572769,1.001953100860857,-0.46710935325101177,0.8047527521605232,1.4794017228831176,0,0,0,0,0,0,0.9702714559468416,1.5383630715784486,1.9102768932897234,1.2688856426442279,-0.3380416704365194
7932,L55111,0.13369098737621637,1.0655489815882766,-0.22695912206177263,-0.15204887812179985,1.5107424185895273,0,0,0,0,0,0,-0.22817581375787208,1.5383630715784486,1.249115623840298,1.3870275532284284,-0.3380416704365194
7933,L55112,0.13369098737621637,1.1291448623157323,-0.34157627785663675,0.19678504958529708,1.5420831142959368,0,0,0,0,0,0,0.1980311715083353,1.6489991508224007,1.5321223146575118,1.3736685056694942,-0.3380416704365194
7934,L55113,0.1805954035567317,1.1291448623157323,2.114505632033309,-1.8065183638183164,1.5734238100023465,0,0,0,0,0,0,-1.7441163463384888,1.5383630715784486,0.07802666163922747,2.334311772905953,-0.3380416704365194
7935,M22794,0.1805954035567317,1.1927407430431516,0.43891197350839045,-1.1586839266479936,1.6047645057087563,0,0,0,0,0,0,-1.3689280921671023,1.6489991508223378,0.5778179609970704,1.7310156006762731,1.3318889527502387
7936,M22795,0.1805954035567317,1.1927407430431516,-1.0074473734268,0.43598545715587766,1.6517755492683708,0,0,0,0,0,0,0.016737520971658138,1.6489991508223378,1.817106838332053,1.2175785815598403,1.3318889527502387
7937,L55116,0.1805954035567317,1.0655489815882766,-0.27608076025957157,0.6452858137801359,1.6987865928279853,0,0,0,0,0,0,0.9015567310745359,1.4277269923344966,2.0249911990147087,1.545820976213982,-0.3380416704365194
7938,L55117,0.1805954035567317,1.0655489815882766,0.20421970211890675,-0.8497167335359936,1.7301272885343948,0,0,0,0,0,0,-1.0102352762108016,1.4277269923344966,0.8975558334503632,1.7661808919155435,-0.3380416704365194
7939,L55118,0.1805954035567317,1.0655489815882766,0.7663895614937165,-0.8596834171847676,1.7614679842408045,0,0,0,0,0,0,-0.7109650802861184,1.4277269923344966,0.9119304401098675,2.022854838305476,-0.3380416704365194
7940,L55119,0.1805954035567317,1.1291448623157323,-0.6745118256417183,0.34628530431691,1.792808679947214,0,0,0,0,0,0,0.15602148743867553,1.5383630715784486,1.8870373572161268,1.4731434002058137,-0.3380416704365194
7941,M22800,0.13369098737621637,1.0655489815882766,-0.04684644866984327,0.007418060258587462,-1.7016788913174623,0,0,0,0,0,0,0.1347628694313064,1.5383630715784486,-1.531152278459849,-1.6560921796275558,1.3318889527502387
7942,M22801,0.13369098737621637,1.0655489815882766,-0.22695912206177263,-0.10221545987792885,-1.6546678477578478,0,0,0,0,0,0,-0.15502000936612048,1.5383630715784486,-1.4899356544509024,-1.6115587201223462,1.3318889527502387
7943,L55122,0.1805954035567317,1.0655489815882766,-0.5926424286453867,0.5854857118874907,-1.6076568041982333,0,0,0,0,0,0,0.555015879957157,1.4277269923344966,-1.4340971946752858,-1.5710062369838467,-0.3380416704365194
7944,L55123,0.1805954035567317,1.0655489815882766,1.159362667076108,-1.0889171411065743,-1.5763161084918236,0,0,0,0,0,0,-0.8845380848889898,1.4277269923344966,-1.4492134886562877,-1.5172135414018368,-0.3380416704365194
7945,L55124,0.1805954035567317,1.0655489815882766,-0.6908857050409846,0.9044195886482652,-1.544975412785414,0,0,0,0,0,0,0.9161976525672147,1.4277269923344966,-1.3580919034437067,-1.5160648019527365,-0.3380416704365194
7946,L55125,0.1805954035567317,1.0655489815882766,0.6244826067000753,-0.7699832643457997,-1.5136347170790043,0,0,0,0,0,0,-0.6450126092687644,1.4277269923344966,-1.3946818113042625,-1.4594200636005463,-0.3380416704365194
7947,L55126,0.1805954035567317,1.001953100860857,-0.13417380546593025,-0.4311160202874771,-1.4822940213725946,0,0,0,0,0,0,-0.5787770804358864,1.3170909130906074,-1.3551251541577156,-1.445912472147332,-0.3380416704365194
7948,L55127,0.1805954035567317,1.0655489815882766,-0.6253901874439194,0.5555856609411683,-1.450953325666185,0,0,0,0,0,0,0.4864378036854505,1.4277269923344966,-1.2740340070072946,-1.430147013501058,-0.3380416704365194
7949,L55128,0.1805954035567317,1.0655489815882766,-0.33611831805688136,-0.052382041634057866,-1.4196126299597753,0,0,0,0,0,0,-0.1587778458825747,1.4277269923344966,-1.2806738744568937,-1.392456476059024,-0.3380416704365194
7950,M22809,0.13369098737621637,0.9383572201334015,0.15509806392110784,-0.3513825510972838,-1.3882719342533656,0,0,0,0,0,0,-0.2720985782359084,1.3170909130906074,-1.2740340070072946,-1.3453383527933385,1.3318889527502387
7951,L55130,0.1805954035567317,1.001953100860857,0.1496401041213524,-0.39124928569238043,-1.341260890693751,0,0,0,0,0,0,-0.3368700149195191,1.3170909130906074,-1.2387155631264493,-1.298953046072769,-0.3380416704365194
7952,M22811,0.2274998197372204,1.1291448623157323,1.650579049054097,-1.5374179053014132,-1.3099201949873416,0,0,0,0,0,0,-1.4392826002465884,1.4277269923345595,-1.3148268096896711,-1.1998148510301512,1.3318889527502387
7953,M22812,0.2274998197372204,1.1927407430431516,-0.3306603582571259,0.0971182130975551,-1.262909151427727,0,0,0,0,0,0,0.06175347425448156,1.5383630715784486,-1.126685459136408,-1.2457149143627386,1.3318889527502387
7954,L55133,0.2744042359177357,1.2563366237706073,-0.5107730316490553,-0.3115158165021871,-1.2158981078681126,0,0,0,0,0,0,-0.6490535036007445,1.5383630715784486,-1.128239470667165,-1.2118766152457048,-0.3380416704365194
7955,L55134,0.2744042359177357,1.1927407430431516,-0.4725673130507672,0.19678504958529708,-1.1845574121617028,0,0,0,0,0,0,0.09987843382141694,1.4277269923344966,-1.0428041549194003,-1.1809299706039926,-0.3380416704365194
7956,M22815,0.2274998197372204,1.1927407430431516,-1.2585135242155499,1.6120541277112335,-1.1532167164552933,0,0,0,0,0,0,1.326631485078643,1.5383630715784486,-0.8376746328594502,-1.2020430094443544,1.3318889527502387
7957,H37370,0.2274998197372204,1.1927407430431516,-0.15054768486519654,-0.1919156127168965,-1.1062056728956788,0,0,0,0,0,0,-0.23477398904390584,1.5383630715784486,-1.021153948820442,-1.0867333357777633,-2.0079722936232773
7958,H37371,0.2274998197372204,1.1927407430431516,3.2715931095814614,-2.334752597203349,-1.0278539336296546,0,0,0,0,0,0,-2.4000686716678117,1.5383630715784486,-1.280567919125251,-0.7448249028498417,-2.0079722936232773
7959,L55138,0.2744042359177357,1.319932504498063,-0.8928302176319357,0.9941197414872329,-0.9495021943636306,0,0,0,0,0,0,0.8602010081648829,1.6489991508224007,-0.6852049106258409,-1.0015483638712008,-0.3380416704365194
7960,L55139,0.2744042359177357,1.319932504498063,0.24242542071719478,-0.760016580697026,-0.9181614986572209,0,0,0,0,0,0,-0.8495462825214882,1.6489991508224007,-0.9607594097841963,-0.8712852715137344,-0.3380416704365194
7961,H37374,0.3213086520982511,1.3835283852254825,-0.2706228004598161,0.26655183512671676,-0.8868208029508112,0,0,0,0,0,0,0.3530687695014752,1.6489991508223378,-0.7487781096113624,-0.8882984988719621,-2.0079722936232773
7962,L55141,0.2744042359177357,1.3835283852254825,-1.5095796750042998,1.901087953525685,-0.8084690636847871,0,0,0,0,0,0,1.4325341505423528,1.7596352300662899,-0.34339301074701933,-0.94260614662081,-0.3380416704365194
7963,L55142,0.2744042359177357,1.3835283852254825,-0.9201200166307129,0.7050859156727813,-0.7771283679783775,0,0,0,0,0,0,0.44749295251492494,1.7596352300662899,-0.551771829644007,-0.8544701026812137,-0.3380416704365194
7964,L55143,0.2744042359177357,1.3835283852254825,-0.16692156426446284,-0.0025486233901868775,-0.7457876722719677,0,0,0,0,0,0,0.034130935704960945,1.7596352300662899,-0.6715366728439536,-0.7439336394841604,-0.3380416704365194
7965,L55144,0.2274998197372204,1.319932504498063,-0.6417640668431857,0.027351427556136138,-0.7144469765655581,0,0,0,0,0,0,-0.26302120691044684,1.759635230066353,-0.6366773687335592,-0.7683047410724015,-0.3380416704365194
7966,L55145,0.3213086520982511,1.447124265952938,-0.41798771505321286,-0.4610160712338001,-0.6831062808591485,0,0,0,0,0,0,-0.802334191014763,1.7596352300662899,-0.720770583613852,-0.7137297143138492,-0.3380416704365194
7967,L55146,0.2744042359177357,1.3835283852254825,0.3352107373130372,-0.4012159693411548,-0.6517655851527389,0,0,0,0,0,0,-0.2330365996934417,1.7596352300662899,-0.6816377477938755,-0.5931714897160238,-0.3380416704365194
7968,M22827,0.2744042359177357,1.3835283852254825,0.4825756519064339,-0.730116529750703,-0.6204248894463292,0,0,0,0,0,0,-0.6631283094623728,1.7596352300662899,-0.7366992018041133,-0.5429933622281661,1.3318889527502387
7969,L55148,0.2274998197372204,1.3835283852254825,1.4759243354619231,-1.6669847927354777,-0.5734138458867147,0,0,0,0,0,0,-1.745599959716414,1.870271309310242,-0.9411929918742081,-0.36482981542847187,-0.3380416704365194
7970,L55149,0.2274998197372204,1.319932504498063,0.9301283554863796,-1.1088505084041227,-0.542073150180305,0,0,0,0,0,0,-1.0368231896415057,1.759635230066353,-0.7784456024712725,-0.4022430709345163,-0.3380416704365194
7971,M22830,0.2274998197372204,1.319932504498063,-1.3294670016123704,0.8645528540531686,-0.5107324544738954,0,0,0,0,0,0,0.30598356598102083,1.759635230066353,-0.22663023527694462,-0.6799409298282422,1.3318889527502387
7972,L55151,0.2744042359177357,1.319932504498063,-0.7400073432387835,0.6153857628338136,-0.46372141091428093,0,0,0,0,0,0,0.4754571125659414,1.6489991508224007,-0.2448898707633416,-0.5569168765853652,-0.3380416704365194
7973,L55152,0.3213086520982511,1.3835283852254825,-0.783671021636827,1.4924539239259427,-0.43238071520787125,0,0,0,0,0,0,1.6393908500052472,1.6489991508223378,0.039423602477463425,-0.535506749956443,-0.3380416704365194
7974,L55153,0.3213086520982511,1.447124265952938,0.771847521293472,-1.0191503555651549,-0.4010400195014616,0,0,0,0,0,0,-0.970587660808627,1.7596352300662899,-0.6605173183531299,-0.2735842526352763,-0.3380416704365194
7975,L55154,0.3682130682787398,1.447124265952938,-0.06867828786886501,-0.15204887812179985,-0.36969932379505194,0,0,0,0,0,0,-0.11948161259622501,1.6489991508224007,-0.37835827018905627,-0.36990011368657,-0.3380416704365194
7976,M22835,0.3682130682787398,1.447124265952938,0.040480908126243685,-0.1620155617705742,-0.3383586280886423,0,0,0,0,0,0,-0.05962952553415448,1.6489991508224007,-0.3543064099062006,-0.32240567922204144,1.3318889527502387
7977,H37390,0.3682130682787398,1.5107201466803575,-0.7945869412363379,0.7848193848629745,-0.2913475845290278,0,0,0,0,0,0,0.6619336493110267,1.7596352300662899,-0.011752822705881377,-0.41277978450212643,-2.0079722936232773
7978,L55157,0.3682130682787398,1.5107201466803575,-0.8873722578321803,1.901087953525685,-0.2129958452630037,0,0,0,0,0,0,2.089033070274069,1.7596352300662899,0.4484465010615337,-0.3597000996126617,-0.3380416704365194
7979,L55158,0.3682130682787398,1.5107201466803575,-0.3306603582571259,1.3529203528431042,-0.18165514955659404,0,0,0,0,0,0,1.8819128342243066,1.7596352300662899,0.3016983667366212,-0.2344280821030107,-0.3380416704365194
7980,M22839,0.3682130682787398,1.5107201466803575,-0.6144742678444085,-0.3314491837997351,-0.15031445385018438,0,0,0,0,0,0,-0.7451760335073444,1.7596352300662899,-0.25142378288129796,-0.2560956848153519,1.3318889527502387
7981,M22840,0.3682130682787398,1.5107201466803575,-0.19421136326324,-0.032448674336509185,-0.1033034102905699,0,0,0,0,0,0,-0.029410663573264925,1.7596352300662899,-0.1045696932247429,-0.13589396556379904,1.3318889527502387
7982,L55161,0.2744042359177357,1.447124265952938,-0.5216889512485662,-0.3513825510972838,-0.05629236673095542,0,0,0,0,0,0,-0.712653666564941,1.870271309310242,-0.18128135333393913,-0.15357068898314505,-0.3380416704365194
7983,L55162,0.2744042359177357,1.447124265952938,-0.2869966798590824,0.26655183512671676,-0.024951671024545763,0,0,0,0,0,0,0.3405947043897133,1.870271309310242,0.07873303051684438,-0.0793878681796039,-0.3380416704365194
7984,L55163,0.2744042359177357,1.3835283852254825,0.32975277751328175,-0.6902497951556064,0.00638902468186389,0,0,0,0,0,0,-0.6897162228930775,1.7596352300662899,-0.2607478520658412,0.0720575835022216,-0.3380416704365194
7985,L55164,0.2744042359177357,1.447124265952938,0.05139682772575456,-0.5008828058288968,0.03772972038827355,0,0,0,0,0,0,-0.5665372700680068,1.870271309310242,-0.1629510809597805,0.04770628776655111,-0.3380416704365194
7986,L55165,0.2744042359177357,1.3835283852254825,-0.003182770271799793,-0.5806162750190901,0.0690704160946832,0,0,0,0,0,0,-0.7208525826008411,1.7596352300662899,-0.17022668039923447,0.06721505254868647,-0.3380416704365194
7987,L55166,0.3213086520982511,1.447124265952938,0.25334134031670563,-0.5407495404239934,0.10041111180109286,0,0,0,0,0,0,-0.502458837001716,1.7596352300662899,-0.1298930174873091,0.15124138207986343,-0.3380416704365194
7988,H37401,0.2744042359177357,1.3835283852254825,-0.281538720059327,0.03731811120490977,0.1317518075075025,0,0,0,0,0,0,0.010480967187120218,1.7596352300662899,0.13414766896589064,0.06912631732175863,-2.0079722936232773
7989,L55168,0.3213086520982511,1.447124265952938,-0.2979125994585933,-0.5008828058288968,0.21010354677352663,0,0,0,0,0,0,-0.784550351708322,1.7596352300662899,-0.027363574901214965,0.13922913249573643,-0.3380416704365194
7990,L55169,0.3213086520982511,1.5107201466803575,-0.6035583482448976,-0.20188229636567082,0.2414442424799363,0,0,0,0,0,0,-0.5565814434529852,1.870271309310179,0.1286733101643596,0.09989470929033456,-0.3380416704365194
7991,M22850,0.3213086520982511,1.5107201466803575,1.4650084158624121,-1.477617803408768,0.27278493818634597,0,0,0,0,0,0,-1.414646809681574,1.870271309310179,-0.41417117228423334,0.6011214202969334,1.3318889527502387
7992,L55171,0.3213086520982511,1.447124265952938,-0.0359305290703324,-0.09224877622915452,0.3197959817459604,0,0,0,0,0,0,-0.007156462904393192,1.7596352300662899,0.24571863318548132,0.30355829127479955,-0.3380416704365194
7993,M22852,0.3213086520982511,1.447124265952938,1.699700687251896,-1.3978843342185745,0.3511366774523701,0,0,0,0,0,0,-1.1646872373442343,1.7596352300662899,-0.3328327960266467,0.7464765723132699,1.3318889527502387
7994,L55173,0.3213086520982511,1.447124265952938,0.29700501871474916,-0.7998833152921226,0.39814772101198453,0,0,0,0,0,0,-0.8802922176561129,1.7596352300662899,-0.0214300763292332,0.46046025533985174,-0.3380416704365194
7995,L55174,0.2744042359177357,1.447124265952938,-0.6363061070434303,0.35625198796568436,0.4294884167183942,0,0,0,0,0,0,0.19957334857223108,1.870271309310242,0.5582868615309629,0.2617481364980607,-0.3380416704365194
7996,L55175,0.2744042359177357,1.3835283852254825,1.284895742470483,-1.1088505084041227,0.46082911242480384,0,0,0,0,0,0,-0.8541044894128745,1.7596352300662899,-0.12745604485953077,0.7709962177957913,-0.3380416704365194
7997,M22856,0.2744042359177357,1.3835283852254825,-0.22695912206177263,0.15691831499020042,0.4921698081312135,0,0,0,0,0,0,0.22539017347098797,1.7596352300662899,0.5208493110172667,0.4221359306155554,1.3318889527502387
7998,M22857,0.2744042359177357,1.3835283852254825,6.38263019544206,-3.0124870853199943,0.539180851690828,1,0,0,1,0,0,-3.2807689025240827,1.7596352300662899,-1.041250143388643,2.1815888437333175,1.3318889527502387
7999,L55178,0.2274998197372204,1.319932504498063,-0.9910734940275335,1.1735200471651688,0.5861918952504425,0,0,0,0,0,0,1.0112953179693278,1.759635230066353,1.134754502554121,0.3087870363534633,-0.3380416704365194
8000,M22859,0.2274998197372204,1.319932504498063,0.4170801343093687,-0.8895834681310903,0.6175325909568521,0,0,0,0,0,0,-0.9538384466210026,1.759635230066353,0.08925792679333637,0.7138365272767633,1.3318889527502387
8001,M22860,0.1805954035567317,1.2563366237706073,-0.532604870848077,1.3329869855455554,0.6645436345164666,0,0,0,0,0,0,1.6605323406406745,1.7596352300662899,1.3113820404022283,0.5016861374657551,1.3318889527502387
8002,L55181,0.1805954035567317,1.2563366237706073,-0.909204097031202,1.024019792433556,0.7115546780760811,0,0,0,0,0,0,0.8858226207770707,1.7596352300662899,1.1992459810805445,0.4393274106469193,-0.3380416704365194
8003,M22862,0.2274998197372204,1.319932504498063,1.6942427274521406,-1.686918160033026,0.7428953737824907,0,0,0,0,0,0,-1.6911552529923055,1.759635230066353,-0.2639265120151173,1.2034372028243636,1.3318889527502387
8004,M22863,0.1805954035567317,1.2563366237706073,-1.4550000770067455,2.728322696373943,0.7899064173421052,0,0,0,0,0,0,2.522228655399448,1.7596352300662899,2.2481684458977704,0.34990398629022773,1.3318889527502387
8005,L55184,0.2274998197372204,1.2563366237706073,-0.041388488870087836,0.40608540620955536,0.8369174609017197,0,0,0,0,0,0,0.7371879857833956,1.6489991508224007,0.9863464013668086,0.8032599516334548,-0.3380416704365194
8006,L55185,0.1805954035567317,1.2563366237706073,-0.3470342376563922,-0.26168239825831613,0.8682581566081293,0,0,0,0,0,0,-0.46921418459900693,1.7596352300662899,0.6293475706192236,0.7426738486196963,-0.3380416704365194
8007,L55186,0.2274998197372204,1.319932504498063,-0.42890363465272374,0.6054190791850393,0.8995988523145391,0,0,0,0,0,0,0.7176667571264905,1.759635230066353,1.165764096281503,0.7472688064160977,-0.3380416704365194
8008,M22867,0.2744042359177357,1.319932504498063,0.6736042448978742,-1.1487172429992196,0.9309395480209487,0,0,0,0,0,0,-1.2339095141616192,1.6489991508224007,0.153961315983045,1.1122906692940215,1.3318889527502387
8009,L55188,0.1805954035567317,1.1927407430431516,-0.6908857050409846,0.11705158039510377,0.9779505915805632,0,0,0,0,0,0,-0.17412153160690177,1.6489991508223378,0.9510632759298442,0.7383759786118553,-0.3380416704365194
8010,H37423,0.2274998197372204,1.2563366237706073,3.2115555517841514,-2.2051857097692844,1.0092912872869728,0,0,0,0,0,0,-2.1476396639053723,1.6489991508224007,-0.44355611759309677,1.991323921012928,-2.0079722936232773
8011,L55190,0.1805954035567317,1.1291448623157323,-1.1875600468187293,2.1103883101499434,1.0876430265529968,0,0,0,0,0,0,2.043480283203181,1.5383630715784486,2.3100110411331314,0.6759875430141635,-0.3380416704365194
8012,L55191,0.1805954035567317,1.1291448623157323,-0.619932227644164,0.33631862066813567,1.1189837222594066,0,0,0,0,0,0,0.18445415697745798,1.5383630715784486,1.2215672376132385,0.8875734660269069,-0.3380416704365194
8013,M22872,0.2274998197372204,1.2563366237706073,-0.9037461372314466,1.6120541277112335,1.1503244179658163,0,0,0,0,0,0,1.682552286565664,1.6489991508224007,2.074931478662225,0.8221151232807572,1.3318889527502387
8014,M22873,0.2274998197372204,1.2563366237706073,-0.7563812226380499,1.0738532106774268,1.1973354615254308,0,0,0,0,0,0,1.091439722220252,1.6489991508224007,1.781541165344042,0.9124298110031301,1.3318889527502387
8015,L55194,0.2274998197372204,1.2563366237706073,-0.2215011622620172,0.42601877350710404,1.2443465050850453,0,0,0,0,0,0,0.6247457087196226,1.6489991508224007,1.4036691342628775,1.1365330328405532,-0.3380416704365194
8016,M22875,0.2744042359177357,1.2563366237706073,0.09506050612379804,-0.24174903096076747,1.2756872007914548,0,0,0,0,0,0,-0.14390266964601292,1.5383630715784486,0.9852868480503832,1.2753720593611308,1.3318889527502387
8017,M22876,0.2274998197372204,1.2563366237706073,-0.5107730316490553,0.14695163134142608,1.3226982443510693,0,0,0,0,0,0,0.000632507329711489,1.6489991508224007,1.2908620245074574,1.1095079470078388,1.3318889527502387
8018,L55197,0.2744042359177357,1.2563366237706073,-0.12325788586641936,-0.0623487252828322,1.3697092879106838,0,0,0,0,0,0,-0.0236128586621647,1.5383630715784486,1.1893568167939075,1.2903056721994355,-0.3380416704365194
8019,L55198,0.2744042359177357,1.1927407430431516,1.901645199842847,-1.6370847417891552,1.4010499836170935,0,0,0,0,0,0,-1.5136584814293965,1.4277269923344966,0.11221491531588586,2.047820115470838,-0.3380416704365194
8020,L55199,0.2744042359177357,1.319932504498063,0.733641802695184,-0.919483519077413,1.432390679323503,0,0,0,0,0,0,-0.8273896879959003,1.6489991508224007,0.6374001758240564,1.661388125963992,-0.3380416704365194
8021,H37434,0.2274998197372204,1.2563366237706073,0.9792499936841785,-1.1985506612430905,1.4637313750299128,0,0,0,0,0,0,-1.1626179871066018,1.6489991508224007,0.45932458177683383,1.78458052895372,-2.0079722936232773
8022,M22881,0.2744042359177357,1.2563366237706073,-0.22695912206177263,-0.5307828567752191,1.5420831142959368,0,0,0,0,0,0,-0.7841599271351839,1.5383630715784486,0.998425309174058,1.4167165262319015,1.3318889527502387
8023,L55202,0.2274998197372204,1.2563366237706073,-0.5435207904475878,0.38615203891200667,1.5890941578555513,0,0,0,0,0,0,0.31394822727303723,1.6489991508224007,1.7174381897003077,1.3406323435815735,-0.3380416704365194
8024,H37437,0.2274998197372204,1.2563366237706073,-0.783671021636827,0.27651851877549105,1.620434853561961,0,0,0,0,0,0,-0.02414969245022888,1.6489991508224007,1.6660145354097973,1.276798080746221,-2.0079722936232773
8025,L55204,0.2274998197372204,1.2563366237706073,-0.25970688086030524,-0.12214882717547682,1.6987865928279853,0,0,0,0,0,0,-0.20694647759348714,1.6489991508224007,1.4348553202096643,1.5522677812257435,-0.3380416704365194
8026,M22885,0.1805954035567317,1.2563366237706073,-0.6472220266429412,1.0738532106774268,1.7301272885343948,0,0,0,0,0,0,1.1904123515107605,1.7596352300662899,2.3903605009620548,1.4278573183029177,1.3318889527502387
8027,L55206,0.13369098737621637,1.1927407430431516,-0.7727551020373161,1.024019792433556,1.7771383320940093,1,0,0,0,1,0,1.0083183305991499,1.7596352300662899,2.404876381397082,1.4195388602232255,-0.3380416704365194
8028,L55207,0.08678657119572769,1.1927407430431516,-0.6308481472436748,0.495785559048523,1.808479027800419,0,0,0,0,0,0,0.39854347165773557,1.870271309310179,2.0210355333000547,1.504921890655495,-0.3380416704365194
8029,L55208,0.08678657119572769,1.1291448623157323,-0.21604320246226177,0.48581887539974866,1.8398197235068285,0,0,0,0,0,0,0.7169639928948423,1.7596352300662899,2.0447695275879822,1.7032378924458724,-0.3380416704365194
8030,M22889,0.08678657119572769,1.1927407430431516,0.4825756519064339,-0.4610160712338001,-1.7016788913174623,0,0,0,0,0,0,-0.23382720945404623,1.870271309310179,-1.531152278459849,-1.6560921796275558,1.3318889527502387
8031,L55210,0.08678657119572769,1.2563366237706073,-0.27608076025957157,0.22668510053162008,-1.6546678477578478,0,0,0,0,0,0,0.29073748639997826,1.9809073885541313,-1.4864391285066987,-1.6118260991320508,-0.3380416704365194
8032,L55211,0.13369098737621637,1.2563366237706073,0.05139682772575456,-0.7500498970482516,-1.623327152051438,0,0,0,0,0,0,-0.9447610752955418,1.870271309310242,-1.4739363993728796,-1.5793445009161096,-0.3380416704365194
8033,L55212,0.1805954035567317,1.2563366237706073,-0.6799697854414738,0.6552524974289103,-1.5919864563450283,0,0,0,0,0,0,0.5802373073818792,1.7596352300662899,-1.4161907436276973,-1.5579343742871874,-0.3380416704365194
8034,L55213,0.13369098737621637,1.1927407430431516,-0.3033705592583487,-0.11218214352670319,-1.5606457606386188,0,0,0,0,0,0,-0.22267082727662543,1.7596352300662899,-1.407820272427937,-1.5237395698238811,-0.3380416704365194
8035,L55214,0.13369098737621637,1.1291448623157323,0.12780826492233066,-0.3115158165021871,-1.529305064932209,0,0,0,0,0,0,-0.22880049307489317,1.6489991508224007,-1.388183217630187,-1.4857222358144304,-0.3380416704365194
8036,L55215,0.13369098737621637,1.0655489815882766,2.016262355637711,-2.015818720442575,-1.4979643692257996,0,0,0,0,0,0,-2.173915237677567,1.5383630715784486,-1.440701743681004,-1.4102025199623673,-0.3380416704365194
8037,L55216,0.13369098737621637,1.0655489815882766,-0.4398195542522346,0.6153857628338136,-1.4666236735193898,0,0,0,0,0,0,0.7229374888638549,1.5383630715784486,-1.2869252390238033,-1.4392180939784367,-0.3380416704365194
8038,L55217,0.13369098737621637,1.1291448623157323,0.34066869711279263,-0.5806162750190901,-1.43528297781298,0,0,0,0,0,0,-0.5111653049826954,1.6489991508224007,-1.3264112592825885,-1.38622753542554,-0.3380416704365194
8039,L55218,0.13369098737621637,1.1291448623157323,-0.2979125994585933,0.7349859666191036,-1.4039422821065706,0,0,0,0,0,0,1.0139794869096523,1.6489991508224007,-1.2137454233026916,-1.3764929588870431,-0.3380416704365194
8040,L55219,0.1805954035567317,1.1927407430431516,0.10597642572330891,-0.8098499989408967,-1.3726015864001608,0,0,0,0,0,0,-1.004496034985671,1.6489991508223378,-1.2952957102235636,-1.3316723145195584,-0.3380416704365194
8041,L55220,0.1805954035567317,1.1927407430431516,-0.23241708186152807,-0.0623487252828322,-1.341260890693751,0,0,0,0,0,0,-0.10033128728380146,1.6489991508223378,-1.2119088642208877,-1.314896757392179,-0.3380416704365194
8042,H37455,0.1805954035567317,1.1927407430431516,-0.5981003884451422,0.8545861704043942,-1.3099201949873416,0,0,0,0,0,0,0.9276663744031464,1.6489991508223378,-1.102916146404599,-1.3018149917692345,-2.0079722936232773
8043,L55222,0.1805954035567317,1.1927407430431516,-0.2979125994585933,0.5157189263460716,-1.2315684557213173,0,0,0,0,0,0,0.694885483283883,1.6489991508223378,-1.053293732752011,-1.2146197258267462,-0.3380416704365194
8044,L55223,0.13369098737621637,1.1927407430431516,-0.2979125994585933,-0.4111826529899291,-1.2002277600149078,0,0,0,0,0,0,-0.6540118956795987,1.7596352300662899,-1.1265441853608844,-1.1851882289066922,-0.3380416704365194
8045,L55224,0.13369098737621637,1.1291448623157323,-0.5435207904475878,-0.18194892906812216,-1.168887064308498,0,0,0,0,0,0,-0.48775935182306673,1.6489991508224007,-1.0736371564273781,-1.1709082092032206,-0.3380416704365194
8046,M22905,0.13369098737621637,1.1927407430431516,-0.9528677754292455,1.5123872912234915,-1.1375463686020884,0,0,0,0,0,0,1.4999409530946464,1.7596352300662899,-0.8305756256394001,-1.1691058766192872,1.3318889527502387
8047,L55226,0.08678657119572769,1.1291448623157323,-0.37978199645492483,0.14695163134142608,-1.090535325042474,0,0,0,0,0,0,0.09761397129721625,1.7596352300662899,-0.9609006835597197,-1.087971201563432,-0.3380416704365194
8048,L55227,0.08678657119572769,1.1927407430431516,-0.4234456748529683,-0.1719822454193478,-1.0591946293360643,0,0,0,0,0,0,-0.391666103759451,1.870271309310179,-0.9779948103980489,-1.0620849522535325,-0.3380416704365194
8049,L55228,0.08678657119572769,1.1927407430431516,-0.6963436648407401,0.13698494769265174,-1.0278539336296546,0,0,0,0,0,0,-0.15054964800368967,1.870271309310179,-0.9039320335799162,-1.0544002814561024,-0.3380416704365194
8050,H37463,0.08678657119572769,1.1927407430431516,0.34612665691254807,-0.9394168863749613,-0.996513237923245,0,0,0,0,0,0,-1.0714538492788555,1.870271309310179,-1.0464066361952464,-0.9412989603511441,-2.0079722936232773
8051,L55230,0.13369098737621637,1.2563366237706073,-0.7618391824378052,1.1137199452725235,-0.9181614986572209,0,0,0,0,0,0,1.1411895734523743,1.870271309310242,-0.6287660373042498,-0.9623921933389351,-0.3380416704365194
8052,L55231,0.08678657119572769,1.1291448623157323,0.6081087273008089,-1.26831744678451,-0.8868208029508112,0,0,0,0,0,0,-1.4606681062402278,1.7596352300662899,-1.0316082082091722,-0.8053912000110295,-0.3380416704365194
8053,L55232,0.03988215501521234,1.1927407430431516,-0.7509232628382944,0.575519028238717,-0.8554801072444016,0,0,0,0,0,0,0.41168125854383325,1.9809073885541313,-0.659563720368347,-0.9058266783970279,-0.3380416704365194
8054,L55233,0.03988215501521234,1.1927407430431516,1.8907292802433362,-1.8164850474670908,-0.824139411537992,0,0,0,0,0,0,-1.8497749964439874,1.9809073885541313,-1.1019625484198161,-0.6096301532022721,-0.3380416704365194
8055,L55234,-0.007022261165303,1.1291448623157323,-0.7400073432387835,0.7947860685117489,-0.7927987158315822,0,0,0,0,0,0,0.7223030489325055,1.9809073885541941,-0.5499352705622031,-0.849102716634555,-0.3380416704365194
8056,H37469,-0.10083109352630702,1.001953100860857,-0.24333300146103892,0.11705158039510377,-0.7614580201251726,0,0,0,0,0,0,0.1548306924906046,1.9809073885541941,-0.6601994523582023,-0.7672055162547279,-2.0079722936232773
8057,L55236,-0.1477355097067957,0.9383572201334015,-0.22695912206177263,0.34628530431691,-0.6831062808591485,0,0,0,0,0,0,0.5033822301596439,1.9809073885541313,-0.5348189765812013,-0.6912005570146827,-0.3380416704365194
8058,L55237,-0.10083109352630702,0.9383572201334015,0.045938867925999126,-0.2716490819070898,-0.6517655851527389,0,0,0,0,0,0,-0.2222023177888587,1.870271309310242,-0.650875383173659,-0.6283367809552942,-0.3380416704365194
8059,L55238,-0.05392667734579168,1.001953100860857,-0.13963176526568566,0.495785559048523,-0.6204248894463292,0,0,0,0,0,0,0.7929698966705017,1.870271309310242,-0.43695156858737877,-0.6208897803887127,-0.3380416704365194
8060,L55239,-0.10083109352630702,1.001953100860857,-0.003182770271799793,-0.2218156636632188,-0.5890841937399195,0,0,0,0,0,0,-0.17972412423143294,1.9809073885541941,-0.585783491101261,-0.573306219587616,-0.3380416704365194
8061,H37474,-0.10083109352630702,0.9383572201334015,-0.6253901874439194,0.43598545715587766,-0.5577434980335099,0,0,0,0,0,0,0.31941417129697064,1.870271309310242,-0.38898912179719086,-0.6252173591754097,-2.0079722936232773
8062,M22921,-0.10083109352630702,1.001953100860857,-0.4125297552534574,0.14695163134142608,-0.47939175876748574,0,0,0,0,0,0,0.07336860530534006,1.9809073885541941,-0.3906490886595905,-0.5244847930008508,1.3318889527502387
8063,M22922,-0.05392667734579168,1.001953100860857,-0.9910734940275335,1.4127204547357495,-0.43238071520787125,0,0,0,0,0,0,1.3296475149061355,1.870271309310242,0.016537250842675887,-0.5659879570627439,1.3318889527502387
8064,M22923,-0.05392667734579168,1.0655489815882766,0.056854787525509994,-0.3513825510972838,-0.38536967164825675,0,0,0,0,0,0,-0.3360501233159297,1.9809073885541313,-0.45125553835912113,-0.3658993314672895,1.3318889527502387
8065,L55244,0.03988215501521234,1.1291448623157323,0.3024629785145046,-0.5108494894776711,-0.3383586280886423,0,0,0,0,0,0,-0.4254183081072408,1.870271309310242,-0.46185107152337473,-0.2810510590544286,-0.3380416704365194
8066,M22925,0.03988215501521234,1.1927407430431516,0.7063520036964067,-1.3580175996234776,-0.30701793238223263,0,0,0,0,0,0,-1.5595821718447658,1.9809073885541313,-0.7044534625409015,-0.18422024583629681,1.3318889527502387
8067,L55246,-0.007022261165303,1.1927407430431516,1.7870280440479829,-1.8563517820621873,-0.2600068888226182,0,0,0,0,0,0,-1.9629493195823942,2.091543467798083,-0.839052052170803,0.04578512006719361,-0.3380416704365194
8068,M22927,0.08678657119572769,1.2563366237706073,-0.27608076025957157,-0.012515307038961216,-0.2286661931162085,0,0,0,0,0,0,-0.05830208198548508,1.9809073885541313,-0.20981865598966223,-0.26908832410172834,1.3318889527502387
8069,M22928,0.03988215501521234,1.1927407430431516,0.7390997624949394,-0.47098275488257374,-0.18165514955659404,0,0,0,0,0,0,-0.08824764674517625,1.9809073885541313,-0.3252393305922648,-0.046153647565976334,1.3318889527502387
8070,M22929,0.03988215501521234,1.1927407430431516,1.825233762646271,-1.7766183128719937,-0.13464410599697954,0,0,0,0,0,0,-1.801987028691884,1.9809073885541313,-0.7506146686931664,0.20070649887517622,1.3318889527502387
8071,M22930,0.03988215501521234,1.2563366237706073,1.7815700842482274,-1.686918160033026,-0.08763306243736507,0,0,0,0,0,0,-1.6552361922636003,2.091543467798083,-0.6944583429226223,0.24825044797113152,1.3318889527502387
8072,L55251,0.03988215501521234,1.2563366237706073,0.5753609685022764,-1.0390837228627032,-0.04062201887775059,0,0,0,0,0,0,-1.107080091577707,2.091543467798083,-0.42674453830581444,0.07173078693480511,-0.3380416704365194
8073,H37486,0.03988215501521234,1.2563366237706073,-0.9037461372314466,0.32635193701936205,-0.009281323171340937,0,0,0,0,0,0,-0.048736679943600196,2.091543467798083,0.1166650392448725,-0.18550762625339204,-2.0079722936232773
8074,L55253,0.03988215501521234,1.2563366237706073,0.09506050612379804,-0.32148250015096075,0.0690704160946832,0,0,0,0,0,0,-0.2655589666358445,2.091543467798083,-0.06646109227731072,0.08735760461308412,-0.3380416704365194
8075,L55254,-0.007022261165303,1.2563366237706073,0.4934915715059448,-0.5008828058288968,0.10041111180109286,0,0,0,0,0,0,-0.29061446361698323,2.2021795470420353,-0.11364653330212025,0.20135018908372385,-0.3380416704365194
8076,L55255,-0.007022261165303,1.2563366237706073,-0.9528677754292455,0.30641856972181336,0.1317518075075025,0,0,0,0,0,0,-0.11335194679795656,2.2021795470420353,0.24571863318548132,-0.07338669485068307,-0.3380416704365194
8077,L55256,-0.05392667734579168,1.1291448623157323,-0.9856155342277781,0.8047527521605232,0.16309250321391217,0,0,0,0,0,0,0.525187442569407,2.091543467798083,0.4862372360140383,-0.053402589606851,-0.3380416704365194
8078,L55257,-0.05392667734579168,1.1291448623157323,0.03502294832648825,-0.02248199068773485,0.19443319892032182,0,0,0,0,0,0,0.1480275443036735,2.091543467798083,0.16543981024432008,0.19760688294786233,-0.3380416704365194
8079,L55258,-0.05392667734579168,1.0655489815882766,0.1660139835206187,-0.869650100833542,0.22577389462673148,0,0,0,0,0,0,-1.062356956724738,1.9809073885541313,-0.17577167608852728,0.25747997526907573,-0.3380416704365194
8080,L55259,-0.10083109352630702,0.9383572201334015,-0.06867828786886501,-0.3812826020436061,0.2571145903331411,0,0,0,0,0,0,-0.4625086425553596,1.870271309310242,0.06259250166329812,0.2353667408738939,-0.3380416704365194
8081,H37494,-0.10083109352630702,0.9383572201334015,-0.5926424286453867,0.3662186716144587,0.2884552860395508,0,0,0,0,0,0,0.24751748615359026,1.870271309310242,0.4245005961103205,0.14489360633095544,-2.0079722936232773
8082,L55261,-0.10083109352630702,1.001953100860857,-1.0074473734268,1.3529203528431042,0.3668070253055749,0,0,0,0,0,0,1.2343936796747668,1.9809073885541941,0.9630362284054507,0.11645240203943626,-0.3380416704365194
8083,H37496,-0.1477355097067957,0.9383572201334015,-0.6472220266429412,0.625352446482588,0.39814772101198453,0,0,0,0,0,0,0.5658306406330841,1.9809073885541313,0.6553419453155259,0.23089061819291665,-2.0079722936232773
8084,L55263,-0.1477355097067957,0.8747613394059458,-0.5598946698468542,0.22668510053162008,0.4764994602780087,0,0,0,0,0,0,0.07655056557641614,1.870271309310179,0.5405570027027785,0.32332453214035395,-0.3380416704365194
8085,L55264,-0.10083109352630702,0.8747613394059458,-0.3142864788578596,0.445952140804652,0.5078401559844183,0,0,0,0,0,0,0.5803544347538203,1.7596352300662899,0.6799235822565941,0.414639415417547,-0.3380416704365194
8086,L55265,-0.10083109352630702,0.8747613394059458,-1.1438963684206858,0.9841530578384585,0.539180851690828,0,0,0,0,0,0,0.6231644891984136,1.7596352300662899,0.9840153840706727,0.22876148904156685,-0.3380416704365194
8087,L55266,-0.10083109352630702,0.8747613394059458,-0.4234456748529683,-0.24174903096076747,0.5705215473972377,0,0,0,0,0,0,-0.49162455509713376,1.7596352300662899,0.38928810756111776,0.44466508791472187,-0.3380416704365194
8088,L55267,-0.1477355097067957,0.8747613394059458,-0.5162309914488107,0.06721816215123279,0.6018622431036473,0,0,0,0,0,0,-0.11631917355380626,1.870271309310179,0.5767230892367641,0.4488936374385654,-0.3380416704365194
8089,L55268,-0.1477355097067957,0.8747613394059458,-1.0074473734268,0.575519028238717,0.633202938810057,0,0,0,0,0,0,0.20203302338300153,1.870271309310179,0.8737865207185546,0.3447346587692761,-0.3380416704365194
8090,L55269,-0.1477355097067957,0.8111654586785263,0.7390997624949394,-0.9593502536725096,0.6645436345164666,0,0,0,0,0,0,-0.8898283378550107,1.7596352300662899,0.08477248442046907,0.8501007929631503,-0.3380416704365194
8091,L55270,-0.1477355097067957,0.8747613394059458,2.016262355637711,-1.686918160033026,0.6958843302228762,0,0,0,0,0,0,-1.558703716555205,1.870271309310179,-0.2882962382929006,1.2378399687396622,-0.3380416704365194
8092,L55271,-0.10083109352630702,1.001953100860857,-0.9037461372314466,1.6917875969014267,0.727225025929286,0,0,0,0,0,0,1.7899190441786417,1.9809073885541941,1.5837578796113079,0.45446898493721627,-0.3380416704365194
8093,M22952,-0.10083109352630702,1.001953100860857,-0.15054768486519654,0.08715152944878075,0.7585657216356956,0,0,0,0,0,0,0.17872467636665593,1.9809073885541941,0.7312059627715816,0.6962588331202707,1.3318889527502387
8094,L55273,-0.10083109352630702,1.001953100860857,-0.16146360446470742,-0.42114933663870274,0.8055767651953101,0,0,0,0,0,0,-0.5814026856902396,1.9809073885541941,0.4862372360140383,0.7380392791181535,-0.3380416704365194
8095,H37508,-0.10083109352630702,1.001953100860857,0.6626883252983633,-1.1088505084041227,0.8369174609017197,0,0,0,0,0,0,-1.174564979044628,1.9809073885541941,0.1166650392448725,1.0102113051446553,-2.0079722936232773
8096,L55275,-0.10083109352630702,1.0655489815882766,-0.25970688086030524,0.8346528031068455,0.9152692001677438,0,0,0,0,0,0,1.1920228528749537,2.091543467798083,1.3176687234130189,0.8130143340245225,-0.3380416704365194
8097,M22956,-0.10083109352630702,1.0655489815882766,0.07868662672453174,-0.25171571460954184,0.9466098958741535,0,0,0,0,0,0,-0.17006111604626567,2.091543467798083,0.701185285472863,0.9463473335304466,1.3318889527502387
8098,L55277,-0.05392667734579168,1.0655489815882766,-0.4834832326502781,0.15691831499020042,0.993620939433768,0,0,0,0,0,0,0.035009390994521675,1.9809073885541313,0.9898782457548931,0.8171042425803712,-0.3380416704365194
8099,L55278,-0.10083109352630702,1.001953100860857,-0.2215011622620172,-0.09224877622915452,1.0249616351401776,0,0,0,0,0,0,-0.13658220889967354,1.9809073885541941,0.8655573232943174,0.9285715808482472,-0.3380416704365194
8100,L55279,-0.10083109352630702,1.0655489815882766,0.34066869711279263,-0.9394168863749613,1.0563023308465873,0,0,0,0,0,0,-1.0744308366490334,2.091543467798083,0.36474178906393023,1.1378006074050777,-0.3380416704365194
8101,L55280,-0.05392667734579168,1.0655489815882766,0.771847521293472,-1.2085173448918645,1.0876430265529968,0,0,0,0,0,0,-1.2825173735173128,1.9809073885541313,0.21654559853990324,1.3088043385004653,-0.3380416704365194
8102,L55281,-0.05392667734579168,1.1291448623157323,0.14418214432159696,-0.2218156636632188,1.1189837222594066,0,0,0,0,0,0,-0.08037083098211537,2.091543467798083,0.8655573232943178,1.137127208417674,-0.3380416704365194
8103,L55282,-0.05392667734579168,1.1291448623157323,-0.6963436648407401,0.6054190791850393,1.1503244179658163,0,0,0,0,0,0,0.49766251016317087,2.091543467798083,1.425707843244525,0.8906037614702234,-0.3380416704365194
8104,M22963,-0.05392667734579168,1.1927407430431516,-0.6090163080446531,0.16688499863897477,1.1816651136722258,0,0,0,0,0,0,-0.0442077548951988,2.2021795470419723,1.1722626899555788,0.9477436461366807,1.3318889527502387
8105,L55284,-0.05392667734579168,1.1927407430431516,0.8264271192910263,-0.8397500498872194,1.2286761572318403,0,0,0,0,0,0,-0.6443293662657733,2.2021795470419723,0.5492806583413472,1.4772333087616625,-0.3380416704365194
8106,L55285,-0.007022261165303,1.1927407430431516,-0.3524921974561476,0.8745195377019429,1.26001685293825,0,0,0,0,0,0,1.169505115619214,2.091543467798083,1.7196632516648014,1.1064677486382368,-0.3380416704365194
8107,M22966,-0.007022261165303,1.2563366237706073,0.3024629785145046,-0.9493835700237356,1.2913575486446596,0,0,0,0,0,0,-1.1108476887084904,2.2021795470420353,0.5195778470375562,1.362676257492758,1.3318889527502387
8108,H37521,-0.05392667734579168,1.1927407430431516,-0.821876740235115,0.9044195886482652,1.338368592204274,0,0,0,0,0,0,0.8014128280646131,2.2021795470419723,1.8262189968533113,1.01433092247936,-2.0079722936232773
8109,M22968,-0.05392667734579168,1.1291448623157323,0.36250053631181434,-0.6204830096141867,1.4167203314702983,0,0,0,0,0,0,-0.5605930559419791,2.091543467798083,0.8374085235212838,1.5107943259427066,1.3318889527502387
8110,L55289,-0.05392667734579168,1.0655489815882766,1.5305039334594774,-1.3580175996234776,1.4637313750299128,0,0,0,0,0,0,-1.1719588950189306,1.9809073885541313,0.345175371153942,1.986620031027388,-0.3380416704365194
8111,H37524,-0.05392667734579168,1.1291448623157323,3.2770510693812165,-2.135418924227865,1.4950720707363225,0,0,0,0,0,0,-1.9805086647592804,2.091543467798083,-0.1982342063967449,2.6691495164661365,-2.0079722936232773
8112,M22971,-0.007022261165303,1.1291448623157323,0.06777070712502087,-0.6802831115068321,1.5734238100023465,1,1,0,0,0,0,-0.8291661198036784,1.9809073885541941,0.9121423507731528,1.5581699252918109,1.3318889527502387
8113,M22972,-0.007022261165303,1.1291448623157323,-0.5380628306478324,0.5157189263460716,-1.7016788913174623,0,0,0,0,0,0,0.5011958525500712,1.9809073885541941,-1.531152278459849,-1.6560921796275558,1.3318889527502387
8114,L55293,-0.007022261165303,1.0655489815882766,-0.44527751405199,0.5655523445899426,-1.6546678477578478,0,0,0,0,0,0,0.6472341641323781,1.870271309310242,-1.4828366472308525,-1.6127470712765881,-0.3380416704365194
8115,H37528,-0.007022261165303,1.1291448623157323,5.214626798294396,-2.6337531066665747,-1.623327152051438,0,0,0,0,0,0,-2.5576049869290354,1.9809073885541941,-1.5073123288402783,-1.5325036595864139,-2.0079722936232773
8116,L55295,-0.007022261165303,1.1291448623157323,-0.9474098156294901,1.7216876478477496,-1.544975412785414,0,0,0,0,0,0,1.7855170071165103,1.9809073885541941,-1.3291307794614136,-1.52071917730685,-0.3380416704365194
8117,L55296,-0.05392667734579168,1.1291448623157323,2.529310576814722,-2.0257854040913488,-1.5136347170790043,0,0,0,0,0,0,-2.0127284526575018,2.091543467798083,-1.4480832984521008,-1.4179466083175094,-0.3380416704365194
8118,L55297,-0.05392667734579168,1.0655489815882766,-0.7345493834390281,0.7549193339166522,-1.4822940213725946,0,0,0,0,0,0,0.6720846882126174,1.9809073885541313,-1.2962846266522272,-1.4611629786267677,-0.3380416704365194
8119,L55298,-0.05392667734579168,1.1291448623157323,0.040480908126243685,-0.6902497951556064,-1.450953325666185,0,0,0,0,0,0,-0.860429367497712,2.091543467798083,-1.3446708947689854,-1.4108165013920588,-0.3380416704365194
8120,L55299,-0.05392667734579168,1.0655489815882766,-1.1329804488211748,1.5223539748722659,-1.4196126299597753,0,0,0,0,0,0,1.3354746016602215,1.9809073885541313,-1.1802282200597694,-1.4184813663369182,-0.3380416704365194
8121,L55300,-0.10083109352630702,1.001953100860857,1.235774104272684,-1.3480509159747036,-1.3882719342533656,0,0,0,0,0,0,-1.2933321341932384,1.9809073885541941,-1.3446708947689854,-1.3061227647033609,-0.3380416704365194
8122,L55301,-0.10083109352630702,1.001953100860857,1.56325169225801,-1.288250814082058,-1.356931238546956,0,0,0,0,0,0,-1.0317281489620538,1.9809073885541941,-1.3213607218076275,-1.2580539605142822,-0.3380416704365194
8123,M22982,-0.10083109352630702,1.001953100860857,-0.041388488870087836,0.6452858137801359,-1.3255905428405463,0,0,0,0,0,0,1.0963005081558201,1.9809073885541941,-1.137846087402755,-1.2917437157370357,1.3318889527502387
8124,H37537,-0.10083109352630702,0.9383572201334015,-0.13963176526568566,-0.3115158165021871,-1.2785794992809318,0,0,0,0,0,0,-0.40480389064554934,1.870271309310242,-1.1802282200597694,-1.2510129799253997,-2.0079722936232773
8125,L55304,-0.10083109352630702,0.8747613394059458,0.1496401041213524,0.10708489674632944,-1.2002277600149078,0,0,0,0,0,0,0.428362148431158,1.7596352300662899,-1.0677742947431579,-1.1592029503339394,-0.3380416704365194
8126,L55305,-0.10083109352630702,0.8747613394059458,-0.4834832326502781,0.7848193848629745,-1.168887064308498,0,0,0,0,0,0,0.9278713473040431,1.7596352300662899,-0.9571569285083501,-1.1672045147725005,-0.3380416704365194
8127,L55306,-0.10083109352630702,0.8747613394059458,-0.5871844688456314,-0.20188229636567082,-1.1375463686020884,0,0,0,0,0,0,-0.545483624961535,1.7596352300662899,-1.049267430149595,-1.1452200184190282,-0.3380416704365194
8128,M22987,-0.1477355097067957,0.8111654586785263,0.597192807701298,-0.610516325965413,-1.1062056728956788,0,0,0,0,0,0,-0.4030469800664279,1.7596352300662899,-1.0775221852542711,-1.0351787015362421,1.3318889527502387
8129,L55308,-0.1477355097067957,0.8747613394059458,0.4825756519064339,-0.8596834171847676,-1.0591946293360643,0,0,0,0,0,0,-0.8698288390960114,1.870271309310179,-1.0779106881369602,-0.9946856359554547,-0.3380416704365194
8130,L55309,-0.19463992588731105,0.8111654586785263,-0.1123419662669085,-0.07231540893160583,-1.0278539336296546,0,0,0,0,0,0,-0.030777149579247567,1.870271309310242,-0.9358245884043194,-1.0088369176172167,-0.3380416704365194
8131,H37544,-0.19463992588731105,0.7475695779510707,-0.8055028608358488,0.3163852533705877,-0.996513237923245,0,0,0,0,0,0,0.01356532131491178,1.7596352300662899,-0.8461510593908531,-1.0353272454305225,-2.0079722936232773
8132,H37545,-0.2415443420678264,0.7475695779510707,-0.9637836950287564,0.9642196905409106,-0.9181614986572209,0,0,0,0,0,0,0.7569434691841843,1.870271309310242,-0.6552548702148839,-0.9807126069668287,-2.0079722936232773
8133,M22992,-0.2415443420678264,0.8111654586785263,-0.8273347000348705,1.004086425136007,-0.8398097593911967,0,0,0,0,0,0,0.9322050600658768,1.9809073885541941,-0.5598950717366015,-0.8995581260584027,1.3318889527502387
8134,L55313,-0.28844875824831506,0.6839736972236512,-0.407071795453702,0.6153857628338136,-0.7927987158315822,0,0,0,0,0,0,0.7499353480963551,1.870271309310242,-0.5868077259738055,-0.8140661634369942,-0.3380416704365194
8135,L55314,-0.3353531744288304,0.6839736972236512,0.597192807701298,-0.7500498970482516,-0.7614580201251726,0,0,0,0,0,0,-0.6285171710536803,1.9809073885541941,-0.8445617294162151,-0.6757024773781133,-0.3380416704365194
8136,L55315,-0.3822575906093191,0.6203778164961956,0.0732286669247763,-0.3613492347460581,-0.730117324418763,0,0,0,0,0,0,-0.3405595271356745,1.9809073885541313,-0.7362753804775433,-0.7019650378868559,-0.3380416704365194
8137,M22996,-0.3822575906093191,0.5567819357687399,-0.3634081170556585,-0.02248199068773485,-0.6987766287123534,0,0,0,0,0,0,-0.1348448195492087,1.870271309310179,-0.6337812563353299,-0.7218897255729759,1.3318889527502387
8138,H37551,-0.42916200678983446,0.49318605504132046,0.3242948177135263,-0.7500498970482516,-0.6517655851527389,0,0,0,0,0,0,-0.786639123174611,1.870271309310242,-0.7644594986944578,-0.5944984818382605,-2.0079722936232773
8139,L55318,-0.42916200678983446,0.49318605504132046,-1.0074473734268,1.4924539239259427,-0.5734138458867147,0,0,0,0,0,0,1.4196891820861086,1.870271309310242,-0.13508482873779348,-0.6892496805364692,-0.3380416704365194
8140,L55319,-0.42916200678983446,0.49318605504132046,0.1660139835206187,-0.1719822454193478,-0.542073150180305,0,0,0,0,0,0,0.011017800975185817,1.870271309310242,-0.5327705068361122,-0.5048373872507206,-0.3380416704365194
8141,L55320,-0.3822575906093191,0.5567819357687399,0.6408564860993415,-1.1885839775943163,-0.5107324544738954,0,0,0,0,0,0,-1.3152739952035992,1.870271309310179,-0.7795757926754596,-0.4082442442634371,-0.3380416704365194
8142,L55321,-0.3822575906093191,0.49318605504132046,-0.8055028608358488,0.9941197414872329,-0.47939175876748574,0,0,0,0,0,0,0.9381297529632472,1.7596352300662899,-0.15648780572958573,-0.5800996270193646,-0.3380416704365194
8143,M23002,-0.3353531744288304,0.6203778164961956,-0.5053150718492998,0.9841530578384585,-0.44805106306107606,0,0,0,0,0,0,1.1918764436600269,1.870271309310242,-0.12406547424696963,-0.5089371987328546,1.3318889527502387
8144,L55323,-0.3353531744288304,0.5567819357687399,-0.3470342376563922,0.04728479485368411,-0.4010400195014616,0,0,0,0,0,0,-0.022304936342151922,1.7596352300662899,-0.34685421824734225,-0.44208254338047087,-0.3380416704365194
8145,M23004,-0.3353531744288304,0.6203778164961956,-0.1887534034634846,0.27651851877549105,-0.36969932379505194,0,0,0,0,0,0,0.4301385802389368,1.870271309310242,-0.2492693578045663,-0.3884185858401706,1.3318889527502387
8146,M23005,-0.3353531744288304,0.5567819357687399,0.7882214006927383,-0.779949947994574,-0.3226882802354375,0,0,0,0,0,0,-0.5671717099993562,1.7596352300662899,-0.533476875713729,-0.18768627003616858,1.3318889527502387
8147,L55326,-0.3822575906093191,0.5567819357687399,-0.041388488870087836,-0.8098499989408967,-0.275677236675823,0,0,0,0,0,0,-1.0883006696097643,1.870271309310179,-0.5091071494359457,-0.27460425404266714,-0.3380416704365194
8148,L55327,-0.42916200678983446,0.49318605504132046,-0.5107730316490553,0.10708489674632944,-0.24433654096941335,0,0,0,0,0,0,-0.05586192840337124,1.870271309310242,-0.1844600132832152,-0.323445486482003,-0.3380416704365194
8149,M23008,-0.42916200678983446,0.4295901743138648,-0.2869966798590824,-0.04241535798528352,-0.2129958452630037,0,0,0,0,0,0,-0.10964291335314459,1.7596352300662899,-0.20582767183112666,-0.2562145199307761,1.3318889527502387
8150,M23009,-0.3822575906093191,0.49318605504132046,-0.619932227644164,1.0439531597311038,-0.1659848017033892,0,0,0,0,0,0,1.1733703188932818,1.7596352300662899,0.21329630170286523,-0.2712075503267928,1.3318889527502387
8151,M23010,-0.42916200678983446,0.4295901743138648,-0.6363061070434303,0.13698494769265174,-0.11897375814377473,0,0,0,0,0,0,-0.1062071771095296,1.7596352300662899,-0.057914028858146525,-0.23181370956367883,1.3318889527502387
8152,L55331,-0.42916200678983446,0.4295901743138648,-0.3743240366551694,0.0971182130975551,-0.07196271458416025,0,0,0,0,0,0,0.02981674417178451,1.7596352300662899,-0.02884694954421073,-0.14007300045621585,-0.3380416704365194
8153,L55332,-0.42916200678983446,0.4295901743138648,-0.5598946698468542,0.575519028238717,-0.04062201887775059,0,0,0,0,0,0,0.5678022847274312,1.7596352300662899,0.17974378001606245,-0.14660893180454548,-0.3380416704365194
8154,L55333,-0.3822575906093191,0.49318605504132046,-0.18329544366372916,0.24661846782916805,-0.009281323171340937,0,0,0,0,0,0,0.39017862517825136,1.7596352300662899,0.08614990373182191,-0.04433150912947232,-0.3380416704365194
8155,L55334,-0.3822575906093191,0.4295901743138648,-0.8055028608358488,1.2133867817602655,0.022059372535068716,0,0,0,0,0,0,1.2372535396730036,1.6489991508223378,0.4929477403513989,-0.13866678492369644,-0.3380416704365194
8156,L55335,-0.42916200678983446,0.49318605504132046,-1.4058784388089467,1.2432868327065878,0.05340006824147837,0,0,0,0,0,0,0.7154413370596031,1.870271309310242,0.5416165560192039,-0.23308128412820336,-0.3380416704365194
8157,L55336,-0.3822575906093191,0.49318605504132046,0.5644450489027655,-0.8995501517798646,0.08474076394788803,0,0,0,0,0,0,-0.8881885546478311,1.7596352300662899,-0.2870247743131902,0.199874653067207,-0.3380416704365194
8158,L55337,-0.3822575906093191,0.49318605504132046,-0.23241708186152807,0.6951192320240069,0.11608145965429768,0,0,0,0,0,0,1.0108951327818607,1.7596352300662899,0.39031234243366214,0.0647195151247788,-0.3380416704365194
8159,L55338,-0.3822575906093191,0.49318605504132046,-0.7672971422375607,0.08715152944878075,0.14742215536070732,0,0,0,0,0,0,-0.27127868663231897,1.7596352300662899,0.16921888373957014,-0.020128757288082038,-0.3380416704365194
8160,H37573,-0.3822575906093191,0.5567819357687399,0.7554736418942057,-0.869650100833542,0.17876285106711698,0,0,0,0,0,0,-0.7334632963132022,1.870271309310179,-0.2088297395609985,0.33914940834433993,-2.0079722936232773
8161,M23020,-0.3353531744288304,0.6839736972236512,0.42253809410912413,-0.9593502536725096,0.2571145903331411,0,0,0,0,0,0,-1.0613613740632353,1.9809073885541941,-0.19346621647283077,0.3467746615840578,1.3318889527502387
8162,H37575,-0.3822575906093191,0.6203778164961956,0.9465022348856459,-0.969316937321284,0.3041256338927556,0,0,0,0,0,0,-0.7941743174361768,1.9809073885541313,-0.1658825118018906,0.5165306239674916,-2.0079722936232773
8163,L55342,-0.3822575906093191,0.6203778164961956,0.182387862919885,-0.4909161221801224,0.3824773731587797,0,0,0,0,0,0,-0.4694191574999043,1.9809073885541313,0.11292128419350275,0.41700621479974515,-0.3380416704365194
8164,L55343,-0.3353531744288304,0.6839736972236512,0.182387862919885,-0.3513825510972838,0.4138180688651894,0,0,0,0,0,0,-0.2543342601581248,1.9809073885541941,0.20439605384489226,0.4481806267460203,-0.3380416704365194
8165,L55344,-0.3822575906093191,0.5567819357687399,-0.3743240366551694,0.0971182130975551,0.44515876457159903,0,0,0,0,0,0,0.02981674417178451,1.870271309310179,0.44784608751555943,0.34097154678084396,-0.3380416704365194
8166,L55345,-0.3822575906093191,0.6203778164961956,0.06231274732526543,-0.6703164278580577,0.4764994602780087,0,0,0,0,0,0,-0.817248409708638,1.9809073885541313,0.09872326975340298,0.48024630205797686,-0.3380416704365194
8167,L55346,-0.3353531744288304,0.6839736972236512,0.34066869711279263,-0.8497167335359936,0.5078401559844183,0,0,0,0,0,0,-0.9336144537324492,1.9809073885541941,0.03253650592069858,0.5821969281656335,-0.3380416704365194
8168,H37581,-0.3353531744288304,0.6839736972236512,-1.0238212528260662,0.7150525993215556,0.539180851690828,0,0,0,0,0,0,0.3735367777482405,1.9809073885541941,0.847650872246729,0.25991609513527136,-2.0079722936232773
8169,L55348,-0.3353531744288304,0.6839736972236512,0.8155111996915154,-0.929450202726187,0.6175325909568521,0,0,0,0,0,0,-0.7989374972284612,1.9809073885541941,0.06834940801587597,0.820827742863662,-0.3380416704365194
8170,M23029,-0.28844875824831506,0.7475695779510707,1.1156989886780644,-1.3580175996234776,0.6488732866632618,0,0,0,0,0,0,-1.3670540542160399,1.9809073885541313,-0.13783966736049932,0.9359987755622581,1.3318889527502387
8171,L55350,-0.2415443420678264,0.8111654586785263,-0.10142604666739763,0.575519028238717,0.6958843302228762,0,0,0,0,0,0,0.9424927475680667,1.9809073885541941,0.9383486361327399,0.6499626527362693,-0.3380416704365194
8172,H37585,-0.19463992588731105,0.8747613394059458,0.5480711695034991,-0.5407495404239934,0.727225025929286,0,0,0,0,0,0,-0.3206185920626457,1.9809073885541313,0.3575015080683569,0.8627666356821103,-2.0079722936232773
8173,L55352,-0.2415443420678264,0.8747613394059458,0.3024629785145046,-1.0988838247553485,0.8055767651953101,0,0,0,0,0,0,-1.3445167957316435,2.091543467798083,0.1019725665904407,0.872719076598885,-0.3380416704365194
8174,H37587,-0.2415443420678264,0.8747613394059458,-0.2378750416612835,-0.29158244920463844,0.8369174609017197,0,0,0,0,0,0,-0.44023492065783126,2.091543467798083,0.5858352477580222,0.7455060855373058,-2.0079722936232773
8175,L55354,-0.2415443420678264,0.8111654586785263,-0.9255779764304684,1.2333201490578134,0.9152692001677438,0,0,0,0,0,0,1.1521409827288975,1.9809073885541941,1.5535959285370662,0.6112521138868443,-0.3380416704365194
8176,M23035,-0.2415443420678264,0.8111654586785263,-0.5216889512485662,0.12701826404387812,0.9466098958741535,0,0,0,0,0,0,-0.03565745674347383,1.9809073885541941,0.9280003320756521,0.7622519338858291,1.3318889527502387
8177,L55356,-0.28844875824831506,0.7475695779510707,0.12780826492233066,0.007418060258587462,0.993620939433768,0,0,0,0,0,0,0.25969873283549855,1.9809073885541313,0.8987566605423121,1.007874214541313,-0.3380416704365194
8178,L55357,-0.3353531744288304,0.6839736972236512,-0.5544367100470987,0.495785559048523,1.0249616351401776,0,0,0,0,0,0,0.45989869332638794,1.9809073885541941,1.2281364681750757,0.8234619212555645,-0.3380416704365194
8179,L55358,-0.3353531744288304,0.7475695779510707,-1.0292792126258217,1.2133867817602655,1.0563023308465873,0,0,0,0,0,0,1.0287570570029287,2.091543467798083,1.7074077516381476,0.7003289358235487,-0.3380416704365194
8180,L55359,-0.28844875824831506,0.8111654586785263,0.10597642572330891,-0.4510493875850258,1.0876430265529968,0,0,0,0,0,0,-0.4563399342997779,2.091543467798083,0.6943335073599791,1.0937523912878502,-0.3380416704365194
8181,M23040,-0.3353531744288304,0.7475695779510707,0.41162217450961325,0.23665178418039373,1.1189837222594066,0,0,0,0,0,0,0.8255020242272328,2.091543467798083,1.1579940386277168,1.2244710182544425,1.3318889527502387
8182,L55361,-0.3353531744288304,0.7475695779510707,1.6069153706560535,-1.6171513744916068,1.165994765819021,0,0,0,0,0,0,-1.6016992226720383,2.091543467798083,0.0006439510962951521,1.6693599816236973,-0.3380416704365194
8183,M23042,-0.3353531744288304,0.6839736972236512,0.5917348479015426,-0.7201498461019287,1.1973354615254308,0,0,0,0,0,0,-0.583393851013244,1.9809073885541941,0.6054369841118917,1.3649440276121025,1.3318889527502387
8184,L55363,-0.28844875824831506,0.6839736972236512,-0.4834832326502781,0.7349859666191036,1.2443465050850453,0,0,0,0,0,0,0.8570092872794778,1.870271309310242,1.6095050252004441,1.0471690260415736,-0.3380416704365194
8185,L55364,-0.28844875824831506,0.6839736972236512,3.293424948780483,-2.215152393418059,1.2756872007914548,0,0,0,0,0,0,-2.1425055807686073,1.870271309310242,-0.34339301074701933,2.3779638719717666,-0.3380416704365194
8186,L55365,-0.3353531744288304,0.6839736972236512,0.0732286669247763,0.10708489674632944,1.3070278964978645,0,0,0,0,0,0,0.37233622218584056,1.9809073885541941,1.249115623840298,1.2986241302791277,-0.3380416704365194
8187,L55366,-0.3353531744288304,0.6203778164961956,1.56325169225801,-1.4477177524624456,1.338368592204274,0,0,0,0,0,0,-1.317050427011378,1.870271309310242,0.20919936221268703,1.8538812070985846,-0.3380416704365194
8188,L55367,-0.3822575906093191,0.5567819357687399,-0.5053150718492998,0.6353191301313617,1.3697092879106838,0,0,0,0,0,0,0.6972085094940536,1.870271309310179,1.673925866839106,1.1544375235644622,-0.3380416704365194
8189,M23048,-0.3822575906093191,0.5567819357687399,-0.057762368269354145,-0.11218214352670319,1.4010499836170935,0,0,0,0,0,0,-0.052250501101844524,1.870271309310179,1.1821518542422151,1.3439003092557382,1.3318889527502387
8190,L55369,-0.3353531744288304,0.6203778164961956,2.414693421019858,-1.88625183300851,1.448061027176708,0,0,0,0,0,0,-1.781928966246914,1.870271309310242,-0.040360762249366126,2.291045887965268,-0.3380416704365194
8191,M23050,-0.3353531744288304,0.5567819357687399,0.433454013708635,-0.2716490819070898,1.4794017228831176,0,0,0,0,0,0,0.035595027854229536,1.7596352300662899,1.1359553296460698,1.600584158571956,1.3318889527502387
8192,M23051,-0.3822575906093191,0.5567819357687399,0.48803361170618936,-1.0091836719163807,1.526412766442732,0,0,0,0,0,0,-1.1054207871418702,1.870271309310179,0.6369763544974864,1.6691124084665634,1.3318889527502387
8193,L55372,-0.3822575906093191,0.5567819357687399,-1.7006082679957402,2.5190223397496854,1.5734238100023465,1,0,0,0,1,0,1.9747167552592333,1.870271309310179,3.2816214322951875,0.8875833689531922,-0.3380416704365194
8194,L55373,-0.42916200678983446,0.49318605504132046,1.8143178430467601,-1.7566849455744453,1.6047645057087563,0,0,0,0,0,0,-1.7697379589506765,1.870271309310242,0.13068646146556803,2.257573997120792,-0.3380416704365194
8195,L55374,-0.4760664229703498,0.4295901743138648,-0.6253901874439194,0.575519028238717,1.6361052014151658,0,0,0,0,0,0,0.5142750757501975,1.870271309310242,1.9067803673455197,1.3518028444314458,-0.3380416704365194
8196,L55375,-0.4760664229703498,0.49318605504132046,-0.8982881774316911,1.3927870874382007,1.6674458971215755,1,0,0,0,1,0,1.3925546742530106,1.9809073885541941,2.5617255906719163,1.2735895326297682,-0.3380416704365194
8197,L55376,-0.4760664229703498,0.49318605504132046,0.4443699333081459,-0.6304496932629611,1.6987865928279853,0,0,0,0,0,0,-0.5270848669524013,1.9809073885541941,1.0439861017803485,1.8294803967314874,-0.3380416704365194
8198,M23057,-0.4760664229703498,0.4295901743138648,-0.2651648406600607,0.575519028238717,1.7301272885343948,0,0,0,0,0,0,0.8086747251249826,1.870271309310242,2.003623540466798,1.5796691782573011,1.3318889527502387
8199,M23058,-0.5229708391508384,0.4295901743138648,-0.909204097031202,0.8944529049994909,1.7771383320940093,0,0,0,0,0,0,0.7114785276422508,1.9809073885541313,2.302947352356962,1.3645776193395447,1.3318889527502387
8200,L55379,-0.5698752553313539,0.4295901743138648,1.0720353102800209,-1.288250814082058,1.8241493756536238,1,1,0,0,0,0,-1.2689110771434498,2.091543467798083,0.6144431873015069,2.214218985843539,-0.3380416704365194
8201,L55380,-0.5229708391508384,0.49318605504132046,-0.6253901874439194,0.24661846782916805,-1.7016788913174623,0,0,0,0,0,0,0.05496008668187875,2.091543467798083,-1.531152278459849,-1.6560921796275558,-0.3380416704365194
8202,M23061,-0.5229708391508384,0.5567819357687399,1.5577937324582547,-1.477617803408768,-1.6703381956110526,0,0,0,0,0,0,-1.3729982683420667,2.2021795470419723,-1.5134224196316646,-1.6199266928334652,1.3318889527502387
8203,L55382,-0.5229708391508384,0.5567819357687399,0.7008940438966513,-0.7500498970482516,-1.623327152051438,0,0,0,0,0,0,-0.5684308292477267,2.2021795470419723,-1.4739363993728796,-1.5734522597763276,-0.3380416704365194
8204,M23063,-0.4760664229703498,0.5567819357687399,-0.36886607685541395,0.0173847439073618,-1.5919864563450283,0,0,0,0,0,0,-0.08121024381436213,2.091543467798083,-1.4320134064863161,-1.5539831066993335,1.3318889527502387
8205,L55384,-0.4760664229703498,0.5567819357687399,1.148446747476597,-1.2085173448918645,-1.544975412785414,0,0,0,0,0,0,-1.0952892694689362,2.091543467798083,-1.432967004471099,-1.482691940371114,-0.3380416704365194
8206,M23065,-0.4760664229703498,0.5567819357687399,-0.5162309914488107,0.7349859666191036,-1.5136347170790043,0,0,0,0,0,0,0.8293086638153307,2.091543467798083,-1.3306847909921706,-1.484256602724199,1.3318889527502387
8207,L55386,-0.5229708391508384,0.49318605504132046,-0.3142864788578596,0.35625198796568436,-1.4666236735193898,0,0,0,0,0,0,0.4500795153119649,2.091543467798083,-1.3006994321373329,-1.4358015844099916,-0.3380416704365194
8208,L55387,-0.5698752553313539,0.4295901743138648,-0.03047256927057697,0.26655183512671676,-1.43528297781298,0,0,0,0,0,0,0.5360217244739892,2.091543467798083,-1.275376107874767,-1.3976753182114023,-0.3380416704365194
8209,L55388,-0.5698752553313539,0.4295901743138648,-0.3470342376563922,0.40608540620955536,-1.4039422821065706,0,0,0,0,0,0,0.49668644873032564,2.091543467798083,-1.2358900876159817,-1.3781863592818375,-0.3380416704365194
8210,L55389,-0.5229708391508384,0.49318605504132046,-0.8164187804353596,0.6951192320240069,-1.3726015864001608,0,0,0,0,0,0,0.5210782239371285,2.091543467798083,-1.1833009246774029,-1.366817799906258,-0.3380416704365194
8211,H37624,-0.5698752553313539,0.4295901743138648,0.520781370504722,-1.0490504065114776,-1.341260890693751,0,0,0,0,0,0,-1.1518422688879908,2.091543467798083,-1.2923289609375728,-1.2834648693624848,-2.0079722936232773
8212,L55391,-0.5698752553313539,0.36599429358644536,0.733641802695184,-0.660349744209284,-1.262909151427727,0,0,0,0,0,0,-0.40231493399179397,1.9809073885541941,-1.2018431077148468,-1.191644936844739,-0.3380416704365194
8213,H37626,-0.5698752553313539,0.3023984128589897,-1.1548122880201965,0.8944529049994909,-1.2315684557213173,0,0,0,0,0,0,0.4966962093446539,1.870271309310242,-1.0130307067278475,-1.261262508630735,-2.0079722936232773
8214,M23073,-0.5698752553313539,0.3023984128589897,0.040480908126243685,-0.6404163769117354,-1.1532167164552933,0,0,0,0,0,0,-0.7848822125954896,1.870271309310242,-1.117043523956937,-1.1195516334874063,1.3318889527502387
8215,L55394,-0.5698752553313539,0.3023984128589897,-0.8164187804353596,0.5854857118874907,-1.1062056728956788,0,0,0,0,0,0,0.3717310640974761,1.870271309310242,-0.9164700811576164,-1.1326433020366362,-0.3380416704365194
8216,L55395,-0.6167796715118425,0.3023984128589897,-0.5653526296466096,0.3163852533705877,-1.074864977189269,0,0,0,0,0,0,0.19866561143968542,1.9809073885541313,-0.9222623059540749,-1.0868719767457582,-0.3380416704365194
8217,L55396,-0.5698752553313539,0.36599429358644536,-0.9310359362302237,2.1901217793401364,-1.0435242814828596,0,0,0,0,0,0,2.4307521779131913,1.9809073885541941,-0.6129433744456313,-1.0862778011686374,-0.3380416704365194
8218,L55397,-0.6167796715118425,0.36599429358644536,0.1987617423191513,-0.28161576555586415,-1.0121835857764498,0,0,0,0,0,0,-0.1359282477396668,2.091543467798083,-0.9546140005489292,-0.9689479305398354,-0.3380416704365194
8219,L55398,-0.6167796715118425,0.3023984128589897,-0.3033705592583487,-0.21184898001444516,-0.9808428900700402,0,0,0,0,0,0,-0.36761595005414527,1.9809073885541313,-0.9170351762597097,-0.9796232850754405,-0.3380416704365194
8220,L55399,-0.6636840876923579,0.23880253213153407,-0.19966932306299545,-0.5606829077215421,-0.9495021943636306,0,0,0,0,0,0,-0.8113139561969392,1.9809073885541313,-0.949669418405611,-0.9411801252357199,-0.3380416704365194
8221,M23080,-0.7105885038728732,0.1752066514041146,0.056854787525509994,-0.47098275488257374,-0.9181614986572209,0,0,0,0,0,0,-0.5177146771970869,1.9809073885541941,-0.9095476661569706,-0.8881202461988258,1.3318889527502387
8222,M23081,-0.6167796715118425,0.3023984128589897,-0.6144742678444085,0.30641856972181336,-0.8711504550976064,0,0,0,0,0,0,0.1468660311985875,1.9809073885541313,-0.7262449424153831,-0.906599106647285,1.3318889527502387
8223,L55402,-0.6636840876923579,0.3023984128589897,1.1702785866756187,-1.1985506612430905,-0.824139411537992,0,0,0,0,0,0,-1.067305588189263,2.091543467798083,-0.9793369112655211,-0.6828325843035637,-0.3380416704365194
8224,L55403,-0.6167796715118425,0.3023984128589897,-1.1548122880201965,1.4924539239259427,-0.7927987158315822,0,0,0,0,0,0,1.2750075958954568,1.9809073885541313,-0.4065423884059709,-0.8927548157003686,-0.3380416704365194
8225,L55404,-0.6167796715118425,0.3023984128589897,-0.24333300146103892,-0.47098275488257374,-0.7614580201251726,0,0,0,0,0,0,-0.7066801705959276,1.9809073885541313,-0.7852267436963949,-0.7672055162547279,-0.3380416704365194
8226,L55405,-0.6167796715118425,0.3023984128589897,-0.04684644866984327,-0.3314491837997351,-0.730117324418763,0,0,0,0,0,0,-0.3736480097091278,1.9809073885541313,-0.7297061499157058,-0.7154726293400705,-0.3380416704365194
8227,L55406,-0.6167796715118425,0.3023984128589897,-0.8273347000348705,2.1402883610962657,-0.6987766287123534,0,0,0,0,0,0,2.477759296519018,1.9809073885541313,-0.14327870771814954,-0.7757616445652685,-0.3380416704365194
8228,M23087,-0.6167796715118425,0.23880253213153407,-0.09051012706788675,1.1436199962188458,-0.6674359330059436,0,0,0,0,0,0,1.7992989945482836,1.870271309310179,-0.3330093882460508,-0.6600162421421222,1.3318889527502387
8229,M23088,-0.6167796715118425,0.23880253213153407,-0.6472220266429412,0.9343196395945875,-0.6204248894463292,0,0,0,0,0,0,0.9960980414599262,1.870271309310179,-0.32972477296513225,-0.6844368583617901,1.3318889527502387
8230,L55409,-0.6167796715118425,0.3023984128589897,1.0829512298795319,-1.2483840794869616,-0.5734138458867147,0,0,0,0,0,0,-1.19574551213737,1.9809073885541313,-0.8343900175785316,-0.4161665852917154,-0.3380416704365194
8231,L55410,-0.6167796715118425,0.3023984128589897,1.0665773504802656,-1.2982174977308325,-0.542073150180305,0,0,0,0,0,0,-1.2884908694863262,1.9809073885541313,-0.8281033345677412,-0.38392265730662267,-0.3380416704365194
8232,L55411,-0.6167796715118425,0.3023984128589897,-0.6635959060422074,0.8844862213507165,-0.5107324544738954,0,0,0,0,0,0,0.9124105342077748,1.9809073885541313,-0.22126183180705616,-0.5881209973104964,-0.3380416704365194
8233,L55412,-0.6167796715118425,0.36599429358644536,-1.1711861674194628,0.9741863741896849,-0.47939175876748574,0,0,0,0,0,0,0.5859179849210382,2.091543467798083,-0.16199748297499744,-0.6318523197865927,-0.3380416704365194
8234,M23093,-0.6167796715118425,0.36599429358644536,-0.49985711204954436,0.32635193701936205,-0.44805106306107606,0,0,0,0,0,0,0.26329063890836935,2.091543467798083,-0.31054685793783315,-0.5081449646300268,1.3318889527502387
8235,L55414,-0.5698752553313539,0.36599429358644536,-0.0359305290703324,-0.02248199068773485,-0.4010400195014616,0,0,0,0,0,0,0.0976530137545302,1.9809073885541941,-0.36737423414211323,-0.39523179912448997,-0.3380416704365194
8236,M23095,-0.5698752553313539,0.36599429358644536,-0.532604870848077,1.093786577974975,-0.36969932379505194,0,0,0,0,0,0,1.3225027452177072,1.9809073885541941,-0.003099803955074264,-0.4414487560982086,1.3318889527502387
8237,L55416,-0.5698752553313539,0.36599429358644536,-0.23241708186152807,0.11705158039510377,-0.3226882802354375,0,0,0,0,0,0,0.16285391746859298,1.9809073885541941,-0.25375480017743374,-0.3506488249878537,-0.3380416704365194
8238,L55417,-0.6167796715118425,0.36599429358644536,1.3940549384655916,-1.3879176505698,-0.2913475845290278,0,0,0,0,0,0,-1.2887251242302085,2.091543467798083,-0.7047006916480675,-0.055383174863920574,-0.3380416704365194
8239,L55418,-0.6167796715118425,0.23880253213153407,-0.11779992606666392,0.5356522936436197,-0.2600068888226182,0,0,0,0,0,0,0.8698054526640796,1.870271309310179,-0.05922081128173774,-0.2721780371027569,-0.3380416704365194
8240,L55419,-0.6636840876923579,0.23880253213153407,-1.1002326900226422,0.9642196905409106,-0.2286661931162085,0,0,0,0,0,0,0.6359118515113732,1.9809073885541313,0.1155348490406855,-0.4096504597959565,-0.3380416704365194
8241,L55420,-0.6636840876923579,0.23880253213153407,-0.3142864788578596,0.15691831499020042,-0.19732549740979885,0,0,0,0,0,0,0.16057969433006328,1.9809073885541313,-0.12406547424696963,-0.24623237023514538,-0.3380416704365194
8242,M23101,-0.7105885038728732,0.11161077067665898,3.0478167577914883,-1.985918669496252,-0.1659848017033892,0,0,0,0,0,0,-1.749035695960029,1.870271309310242,-0.8389107783952798,0.38095956312107876,1.3318889527502387
8243,M23102,-0.6636840876923579,0.1752066514041146,0.81005323989176,-1.0191503555651549,-0.11897375814377473,0,0,0,0,0,0,-0.9502953436197747,1.870271309310242,-0.4717049173661306,0.033238112463657814,1.3318889527502387
8244,H37657,-0.6167796715118425,0.23880253213153407,-0.9364938960299792,1.4525871893308462,-0.07196271458416025,0,0,0,0,0,0,1.4359015624856688,1.870271309310179,0.4706971207064663,-0.2461531468248626,-2.0079722936232773
8245,L55424,-0.6636840876923579,0.23880253213153407,-0.15600564466495198,-0.11218214352670319,0.00638902468186389,0,0,0,0,0,0,-0.12041863157175632,1.9809073885541313,-0.037464649851136865,-0.024010704391938417,-0.3380416704365194
8246,M23105,-0.6636840876923579,0.1752066514041146,-1.2967192428138379,2.8578895838080074,0.03772972038827355,1,0,0,1,0,0,2.878061611357512,1.870271309310242,1.158205949291002,-0.22380224219883238,1.3318889527502387
8247,L55426,-0.6636840876923579,0.1752066514041146,0.06231274732526543,-0.0025486233901868775,0.08474076394788803,0,0,0,0,0,0,0.19769931062116777,1.870271309310242,0.0753424599042831,0.09601276218647818,-0.3380416704365194
8248,L55427,-0.6636840876923579,0.23880253213153407,0.9410442750858905,-1.1885839775943163,0.11608145965429768,0,0,0,0,0,0,-1.1649605345454306,1.9809073885541313,-0.38400922120999154,0.3116984966813555,-0.3380416704365194
8249,L55428,-0.7105885038728732,0.1752066514041146,-0.46165139345125633,0.4160520898583297,0.14742215536070732,0,0,0,0,0,0,0.4207098267976511,1.9809073885541941,0.3067489042115822,0.04530977960549691,-0.3380416704365194
8250,L55429,-0.6636840876923579,0.23880253213153407,-0.09051012706788675,-0.012515307038961216,0.17876285106711698,0,0,0,0,0,0,0.07377855110713477,1.9809073885541313,0.15565660128932565,0.1549549794368689,-0.3380416704365194
8251,M23110,-0.6636840876923579,0.23880253213153407,-0.8000449010360933,0.525685609994846,0.21010354677352663,0,0,0,0,0,0,0.30350436994159374,1.9809073885541313,0.416447990905488,0.028078687868991557,1.3318889527502387
8252,L55431,-0.6636840876923579,0.23880253213153407,2.4037775014203473,-1.8663184657109617,0.2571145903331411,0,0,0,0,0,0,-1.7473568702955353,1.9809073885541313,-0.5952135156174468,0.796119941781719,-0.3380416704365194
8253,L55432,-0.6636840876923579,0.23880253213153407,0.13326622472208607,-0.3812826020436061,0.2884552860395508,0,0,0,0,0,0,-0.33213611697021966,1.9809073885541313,0.0880924181452684,0.31216393421676686,-0.3380416704365194
8254,L55433,-0.6167796715118425,0.23880253213153407,0.6353985262995862,-0.8895834681310903,0.3197959817459604,0,0,0,0,0,0,-0.8328068289481915,1.870271309310179,-0.11876770766484283,0.4606880226444148,-0.3380416704365194
8255,M23114,-0.6636840876923579,0.23880253213153407,0.4607438127074122,-0.28161576555586415,0.3511366774523701,0,0,0,0,0,0,0.037888772221415165,1.9809073885541313,0.18535941259311672,0.4519932533658793,1.3318889527502387
8256,L55435,-0.6636840876923579,0.23880253213153407,0.3570425765120589,-0.879616784482316,0.39814772101198453,0,0,0,0,0,0,-0.9714465948695303,1.9809073885541313,-0.05929144816949904,0.4750571686844546,-0.3380416704365194
8257,H37670,-0.6636840876923579,0.3023984128589897,-1.1166065694219085,1.6818209132526523,0.4294884167183942,0,0,0,0,0,0,1.5602810708731396,2.091543467798083,1.1971268744476935,0.14322991471501698,-2.0079722936232773
8258,M23117,-0.6636840876923579,0.36599429358644536,0.25334134031670563,-0.5706495913703157,0.5078401559844183,0,0,0,0,0,0,-0.5489291218194783,2.2021795470420353,0.17197372236227645,0.5598559264658887,1.3318889527502387
8259,L55438,-0.6167796715118425,0.36599429358644536,0.3352107373130372,-0.02248199068773485,0.5548511995440328,0,0,0,0,0,0,0.3611505581654341,2.091543467798083,0.4879325213203189,0.6283940792867815,-0.3380416704365194
8260,L55439,-0.6167796715118425,0.3023984128589897,-0.37978199645492483,-0.15204887812179985,0.5861918952504425,0,0,0,0,0,0,-0.33312193901739323,1.9809073885541313,0.4489409592758654,0.47071968697147215,-0.3380416704365194
8261,H37674,-0.6167796715118425,0.36599429358644536,-1.1384384086209303,0.8047527521605232,0.6175325909568521,0,0,0,0,0,0,0.39400478599500516,2.091543467798083,0.9778699748354057,0.2961310965607886,-2.0079722936232773
8262,H37675,-0.5698752553313539,0.36599429358644536,-0.5817265090458759,0.8446194867556199,0.6958843302228762,0,0,0,0,0,0,0.9278713473040431,1.9809073885541941,1.0842491278045119,0.516629653230345,-2.0079722936232773
8263,L55442,-0.6167796715118425,0.36599429358644536,2.076299913435021,-1.5972180071940585,0.7742360694889004,0,0,0,0,0,0,-1.3652581011796052,2.091543467798083,-0.19745720063136638,1.3496242006486694,-0.3380416704365194
8264,H37677,-0.5698752553313539,0.36599429358644536,0.8919226368880916,-0.929450202726187,0.8055767651953101,0,0,0,0,0,0,-0.7571230254453705,1.9809073885541941,0.19803873394634008,1.0438416428096968,-2.0079722936232773
8265,M23124,-0.6167796715118425,0.36599429358644536,-0.783671021636827,0.9542530068921362,0.8839285044613342,0,0,0,0,0,0,0.9030696262954461,2.091543467798083,1.3534816255081963,0.6265818437765628,1.3318889527502387
8266,H37679,-0.6167796715118425,0.36599429358644536,1.3667651394668143,-1.1885839775943163,0.9309395480209487,0,0,0,0,0,0,-0.9517887176120275,2.091543467798083,0.130227321695117,1.3235795045182044,-2.0079722936232773
8267,L55446,-0.6167796715118425,0.36599429358644536,1.5141300540602112,-1.5772846398965097,1.0092912872869728,0,0,0,0,0,0,-1.5700455504048665,2.091543467798083,-0.058620397735763115,1.458516778082355,-0.3380416704365194
8268,L55447,-0.5698752553313539,0.4295901743138648,-0.003182770271799793,-0.3613492347460581,1.0406319829933826,0,0,0,0,0,0,-0.3901629691528706,2.091543467798083,0.7124518690708525,1.0127464542737044,-0.3380416704365194
8269,M23128,-0.5698752553313539,0.49318605504132046,-0.21058524266250633,-0.012515307038961216,1.071972678699792,0,0,0,0,0,0,-0.011685387952795301,2.2021795470420353,0.9568908191701834,0.9766403850373259,1.3318889527502387
8270,H37683,-0.5698752553313539,0.49318605504132046,1.2030263454741514,-0.9493835700237356,1.1189837222594066,0,0,0,0,0,0,-0.6212552739933122,2.2021795470420353,0.40147297070000937,1.4829373943020228,-2.0079722936232773
8271,M23130,-0.6167796715118425,0.49318605504132046,-0.1287158456661748,-0.15204887812179985,1.1973354615254308,0,0,0,0,0,0,-0.16071044751960858,2.3128156262859245,0.9778699748354057,1.1231145677239067,1.3318889527502387
8272,L55451,-0.6167796715118425,0.4295901743138648,-1.2639714840153053,1.1137199452725235,1.2443465050850453,0,0,0,0,0,0,0.6823235726431649,2.2021795470419723,1.861819988285204,0.7809387557862806,-0.3380416704365194
8273,L55452,-0.7105885038728732,0.36599429358644536,-0.9692416548285118,1.2632202000041364,1.2756872007914548,0,0,0,0,0,0,1.1512137243676945,2.3128156262859876,1.9985730029918367,0.9084686404889909,-0.3380416704365194
8274,M23133,-0.6636840876923579,0.36599429358644536,1.3449333002677926,-1.7666516292232197,1.3070278964978645,0,0,0,0,0,0,-1.9743692383466835,2.2021795470420353,-0.02573892648269627,1.7416414405804514,1.3318889527502387
8275,L55454,-0.7105885038728732,0.3023984128589897,0.5426132097037437,-1.068983773809026,1.354038940057479,0,0,0,0,0,0,-1.1723786014350543,2.2021795470420353,0.4798799161154861,1.510863646426704,-0.3380416704365194
8276,M23135,-0.7105885038728732,0.36599429358644536,0.9792499936841785,-1.4576844361112196,1.3853796357638886,0,0,0,0,0,0,-1.5991126598749983,2.3128156262859876,0.22915428300536497,1.699415362899728,1.3318889527502387
8277,L55456,-0.7574929200533619,0.3023984128589897,-0.8546244990336477,1.2831535673016845,1.432390679323503,0,0,0,0,0,0,1.286046850700937,2.3128156262859245,2.1984753953574216,1.085037816156744,-0.3380416704365194
8278,H37691,-0.7574929200533619,0.3023984128589897,-1.345840881011637,1.5821540767649103,1.4637313750299128,0,0,0,0,0,0,1.2011295060434002,2.3128156262859245,2.449801442013517,0.9324139162469621,-2.0079722936232773
8279,L55458,-0.7574929200533619,0.3023984128589897,-0.41798771505321286,0.6452858137801359,1.5420831142959368,0,0,0,0,0,0,0.7838046798160839,2.3128156262859245,1.8611136194075864,1.3449698252945559,-0.3380416704365194
8280,L55459,-0.7574929200533619,0.36599429358644536,1.4322606570638796,-1.4477177524624456,1.5734238100023465,0,0,0,0,0,0,-1.3765511319576245,2.4234517055298768,0.3437626333987079,2.075597823701239,-0.3380416704365194
8281,L55460,-0.7574929200533619,0.36599429358644536,0.3352107373130372,-0.08228209258038018,1.6047645057087563,0,0,0,0,0,0,0.26733153324034886,2.4234517055298768,1.3826546601537746,1.6913147691983135,-0.3380416704365194
8282,H37695,-0.7105885038728732,0.36599429358644536,-0.11779992606666392,-0.11218214352670319,1.6361052014151658,0,0,0,0,0,0,-0.09390880305567943,2.3128156262859876,1.3877051976287351,1.5479699112179026,-2.0079722936232773
8283,M23142,-0.7105885038728732,0.4295901743138648,0.5316972901042328,-0.6304496932629611,1.71445694068119,0,0,0,0,0,0,-0.4746118043226408,2.4234517055298768,1.0558530989243124,1.8800843500496152,1.3318889527502387
8284,H37697,-0.7105885038728732,0.36599429358644536,0.40616421470985786,-0.6902497951556064,1.7614679842408045,0,0,0,0,0,0,-0.6446221846956269,2.3128156262859876,1.0446218337702036,1.8784107555073914,-2.0079722936232773
8285,L55464,-0.7574929200533619,0.36599429358644536,0.6026507675010535,-0.660349744209284,-1.7016788913174623,0,0,0,0,0,0,-0.4803217637047862,2.4234517055298768,-1.531152278459849,-1.6560921796275558,-0.3380416704365194
8286,L55465,-0.7105885038728732,0.36599429358644536,-0.8382506196343814,1.2731868836529108,-1.6703381956110526,0,0,0,0,0,0,1.2879696917236434,2.3128156262859876,-1.493926638609438,-1.6286214621120008,-0.3380416704365194
8287,M23146,-0.7574929200533619,0.3023984128589897,0.7500156820944502,-0.710183162453155,-1.6389974999046428,0,0,0,0,0,0,-0.47445563449338635,2.3128156262859245,-1.48481448008818,-1.5896237384003007,1.3318889527502387
8288,L55467,-0.7105885038728732,0.36599429358644536,0.24242542071719478,-0.18194892906812216,-1.5919864563450283,0,0,0,0,0,0,0.047746992693152204,2.3128156262859876,-1.4369579886296344,-1.5462192124916208,-0.3380416704365194
8289,M23148,-0.7574929200533619,0.36599429358644536,0.5426132097037437,-0.610516325965413,-1.5606457606386188,0,0,0,0,0,0,-0.4360378564965974,2.4234517055298768,-1.4237135721743175,-1.5099249876558207,1.3318889527502387
8290,L55469,-0.7105885038728732,0.36599429358644536,-0.7345493834390281,0.38615203891200667,-1.5136347170790043,0,0,0,0,0,0,0.16431800961786017,2.3128156262859876,-1.3455185374221257,-1.489010007341166,-0.3380416704365194
8291,M23150,-0.7105885038728732,0.36599429358644536,0.7554736418942057,-0.4111826529899291,-1.4822940213725946,0,0,0,0,0,0,0.02038799073049952,2.3128156262859876,-1.354136237729052,-1.423313994364168,1.3318889527502387
8292,L55471,-0.7105885038728732,0.3023984128589897,0.9628761142849123,-1.2982174977308325,-1.43528297781298,0,0,0,0,0,0,-1.3383773693190468,2.2021795470420353,-1.369641034592743,-1.3670356642845358,-0.3380416704365194
8293,H37706,-0.7105885038728732,0.3023984128589897,-0.6090163080446531,-0.0025486233901868775,-1.4039422821065706,0,0,0,0,0,0,-0.281322358776296,2.2021795470420353,-1.2634031553991603,-1.3872178280540748,-2.0079722936232773
8294,M23153,-0.7105885038728732,0.23880253213153407,-0.041388488870087836,0.445952140804652,-1.3255905428405463,0,0,0,0,0,0,0.7970400728454661,2.091543467798083,-1.1547989404655608,-1.2917437157370357,1.3318889527502387
8295,M23154,-0.7105885038728732,0.3023984128589897,-0.08505216726813132,-0.1420821944730255,-1.2785794992809318,0,0,0,0,0,0,-0.11584090345171194,2.2021795470420353,-1.1640170543184614,-1.2483391898283558,1.3318889527502387
8296,L55475,-0.7105885038728732,0.23880253213153407,1.0829512298795319,-1.3580175996234776,-1.2315684557213173,0,0,0,0,0,0,-1.3824563036263375,2.091543467798083,-1.252489756239979,-1.1394565153209557,-0.3380416704365194
8297,L55476,-0.7105885038728732,0.1752066514041146,-0.5708105894463651,-0.09224877622915452,-1.2002277600149078,0,0,0,0,0,0,-0.3802071425378483,1.9809073885541941,-1.0903780988268987,-1.201032910963249,-0.3380416704365194
8298,M23157,-0.7574929200533619,0.11161077067665898,0.29700501871474916,-0.6802831115068321,-1.168887064308498,0,0,0,0,0,0,-0.6934740594095318,1.9809073885541313,-1.133678511024815,-1.119056487173139,1.3318889527502387
8299,H37712,-0.8043973362338772,0.048014889949239484,-0.5762685492461205,0.5655523445899426,-1.1218760207488836,0,0,0,0,0,0,0.5404140009217929,1.9809073885541941,-0.935259493302226,-1.1302963085070088,-2.0079722936232773
8300,L55479,-0.8043973362338772,-0.015580990778216147,0.5262393303044774,-0.8098499989408967,-1.0435242814828596,0,0,0,0,0,0,-0.765497632539183,1.870271309310242,-1.0594391419872782,-0.975226385804746,-0.3380416704365194
8301,L55480,-0.8043973362338772,0.048014889949239484,0.09506050612379804,-0.23178234731199313,-1.0121835857764498,0,0,0,0,0,0,-0.1286956325222836,1.9809073885541941,-0.9468439428951432,-0.9772267769143863,-0.3380416704365194
8302,M23161,-0.8043973362338772,0.048014889949239484,0.5644450489027655,-0.5806162750190901,-0.9808428900700402,0,0,0,0,0,0,-0.37470215605660095,1.9809073885541941,-0.9771471677449084,-0.9071932822244059,1.3318889527502387
8303,L55482,-0.8043973362338772,0.048014889949239484,0.5480711695034991,-0.879616784482316,-0.9338318465104257,0,0,0,0,0,0,-0.8652023079043247,1.9809073885541941,-0.9929345121596465,-0.8598077799490161,-0.3380416704365194
8304,L55483,-0.7574929200533619,0.11161077067665898,-0.19966932306299545,0.10708489674632944,-0.9024911508040161,0,0,0,0,0,0,0.17224362845256402,1.9809073885541313,-0.7926436169113724,-0.8964981218362301,-0.3380416704365194
8305,M23164,-0.8043973362338772,0.048014889949239484,-0.1887534034634846,1.0738532106774268,-0.8711504550976064,0,0,0,0,0,0,1.6060973945308952,1.9809073885541941,-0.582110372937653,-0.8656604093836567,1.3318889527502387
8306,H37719,-0.7574929200533619,0.048014889949239484,-0.8764563382326694,0.40608540620955536,-0.824139411537992,0,0,0,0,0,0,0.08010342919197229,1.870271309310242,-0.6609058212358192,-0.8907940362958697,-2.0079722936232773
8307,M23166,-0.8043973362338772,0.048014889949239484,0.045938867925999126,0.2565851514779424,-0.7457876722719677,0,0,0,0,0,0,0.5791148367341071,1.9809073885541941,-0.6155216208489329,-0.7203745778513176,1.3318889527502387
8308,M23167,-0.8043973362338772,0.048014889949239484,-0.7563812226380499,2.9675231039445245,-0.6987766287123534,1,0,0,1,0,0,3.691472167033433,1.9809073885541941,0.044332866176901124,-0.7675224098958591,1.3318889527502387
8309,L55488,-0.8043973362338772,0.048014889949239484,-0.7618391824378052,0.5356522936436197,-0.6517655851527389,0,0,0,0,0,0,0.34806157435097873,1.9809073885541941,-0.45920218823231135,-0.7265341980008041,-0.3380416704365194
8310,M23169,-0.8043973362338772,-0.015580990778216147,-0.44527751405199,0.027351427556136138,-0.6204248894463292,0,0,0,0,0,0,-0.12176559634908234,1.870271309310242,-0.5514892820929602,-0.6591546875552969,1.3318889527502387
8311,L55490,-0.8043973362338772,-0.07917687150567178,-0.4125297552534574,-0.02248199068773485,-0.5734138458867147,0,0,0,0,0,0,-0.16971949454476912,1.7596352300662899,-0.521609878569765,-0.6115315150490589,-0.3380416704365194
8312,M23171,-0.7574929200533619,-0.015580990778216147,-1.3403829212118814,1.2731868836529108,-0.542073150180305,0,0,0,0,0,0,0.8147360666229508,1.7596352300662899,-0.15380360399464138,-0.7070947537026662,1.3318889527502387
8313,M23172,-0.7574929200533619,-0.015580990778216147,-0.06322032806910959,-0.1420821944730255,-0.49506210662069056,0,0,0,0,0,0,-0.10080955738589507,1.7596352300662899,-0.48413700961218814,-0.49019095927469103,1.3318889527502387
8314,M23173,-0.7574929200533619,-0.015580990778216147,-0.30882851905810416,0.495785559048523,-0.44805106306107606,0,0,0,0,0,0,0.6571119058327703,1.7596352300662899,-0.2625137742598835,-0.4804167710310526,1.3318889527502387
8315,L55494,-0.7574929200533619,-0.07917687150567178,1.0829512298795319,-0.929450202726187,-0.4010400195014616,0,0,0,0,0,0,-0.652586845987644,1.6489991508223378,-0.6341344407741383,-0.22673350837929537,-0.3380416704365194
8316,H37729,-0.8043973362338772,-0.14277275223309127,-0.6472220266429412,0.07718484580000713,-0.36969932379505194,0,0,0,0,0,0,-0.1975470059951878,1.6489991508224007,-0.3093107124020034,-0.4591254795175546,-2.0079722936232773
8317,L55496,-0.7574929200533619,-0.14277275223309127,-0.4234456748529683,0.007418060258587462,-0.2913475845290278,0,0,0,0,0,0,-0.13463008603398305,1.5383630715784486,-0.25968829874941585,-0.3521738756357973,-0.3380416704365194
8318,L55497,-0.8043973362338772,-0.2063686329605469,0.6899781242971404,-0.9493835700237356,-0.2600068888226182,0,0,0,0,0,0,-0.900174589043171,1.5383630715784486,-0.5433660400003659,-0.13733979280145983,-0.3380416704365194
8319,H37732,-0.8043973362338772,-0.2063686329605469,0.13326622472208607,-0.0623487252828322,-0.2286661931162085,0,0,0,0,0,0,0.15667544859868157,1.5383630715784486,-0.22641832461365957,-0.19927269379002563,-2.0079722936232773
8320,L55499,-0.8043973362338772,-0.2063686329605469,-0.8055028608358488,0.575519028238717,-0.15031445385018438,0,0,0,0,0,0,0.36707525106280525,1.5383630715784486,0.06676007804123793,-0.2904093243940824,-0.3380416704365194
8321,M23180,-0.7574929200533619,-0.2063686329605469,-0.47802527285052265,0.7748527012142009,-0.11897375814377473,0,0,0,0,0,0,0.9183547483338033,1.4277269923344966,0.17038439238763842,-0.20280803847389484,1.3318889527502387
8322,L55501,-0.7574929200533619,-0.26996451368796637,-0.5380628306478324,1.004086425136007,-0.07196271458416025,0,0,0,0,0,0,1.1908613397698684,1.3170909130906074,0.30540680334410997,-0.1709701304665013,-0.3380416704365194
8323,L55502,-0.8043973362338772,-0.26996451368796637,-0.9637836950287564,0.495785559048523,-0.04062201887775059,0,0,0,0,0,0,0.13121000581574951,1.4277269923345595,0.1497937396051052,-0.22428748558681444,-0.3380416704365194
8324,H37737,-0.8043973362338772,-0.333560394415422,-0.47802527285052265,0.04728479485368411,-0.009281323171340937,0,0,0,0,0,0,-0.11694385287082736,1.3170909130906074,0.00986206494919592,-0.10208537522562129,-2.0079722936232773
8325,M23184,-0.8043973362338772,-0.333560394415422,-0.8000449010360933,0.6054190791850393,0.0690704160946832,0,0,0,0,0,0,0.4123547409324959,1.3170909130906074,0.3047004344664931,-0.09616342530698324,1.3318889527502387
8326,M23185,-0.8043973362338772,-0.333560394415422,-0.2215011622620172,-0.11218214352670319,0.11608145965429768,0,0,0,0,0,0,-0.16586405188503178,1.3170909130906074,0.05846024372923895,0.06701699402297952,1.3318889527502387
8327,H37740,-0.8513017524143659,-0.333560394415422,-0.09596808686764219,-0.5706495913703157,0.16309250321391217,0,0,0,0,0,0,-0.7625694482406465,1.4277269923344966,-0.09376224939720425,0.1386844715500423,-2.0079722936232773
8328,M23187,-0.8043973362338772,-0.26996451368796637,-1.5641592730018543,1.7117209641989755,0.2414442424799363,0,0,0,0,0,0,1.1423901290147742,1.4277269923345595,0.9695348220795265,-0.1162267539610981,1.3318889527502387
8329,L55508,-0.8513017524143659,-0.333560394415422,-1.1766441272192183,1.2233534654090399,0.2884552860395508,0,0,0,0,0,0,0.9043873092297872,1.4277269923344966,0.8102486401769138,0.010322741039362766,-0.3380416704365194
8330,L55509,-0.7574929200533619,-0.2063686329605469,-0.6363061070434303,0.9642196905409106,0.3197959817459604,0,0,0,0,0,0,1.0474193515989312,1.4277269923344966,0.728663034812161,0.16303576728571278,-0.3380416704365194
8331,L55510,-0.7574929200533619,-0.2063686329605469,-0.19421136326324,-0.09224877622915452,0.3511366774523701,0,0,0,0,0,0,-0.11754901095919114,1.4277269923344966,0.2732670194125407,0.2963192521602102,-0.3380416704365194
8332,M23191,-0.7574929200533619,-0.2063686329605469,-0.8109608206356042,0.8745195377019429,0.3824773731587797,0,0,0,0,0,0,0.7702179046708798,1.4277269923344966,0.7564586501463862,0.17729598113661377,1.3318889527502387
8333,L55512,-0.7574929200533619,-0.2063686329605469,-0.06322032806910959,0.40608540620955536,0.4294884167183942,0,0,0,0,0,0,0.7200093045653192,1.4277269923344966,0.5823034033699377,0.4031619238528288,-0.3380416704365194
8334,M23193,-0.7574929200533619,-0.2063686329605469,-0.3470342376563922,0.8545861704043942,0.46082911242480384,0,0,0,0,0,0,1.145425680070922,1.4277269923344966,0.8327111704851313,0.3623816734097661,1.3318889527502387
8335,M23194,-0.7574929200533619,-0.2063686329605469,-0.44527751405199,0.7349859666191036,0.5078401559844183,0,0,0,0,0,0,0.8893266813209847,1.4277269923344966,0.8243406992853707,0.3811279128679297,1.3318889527502387
8336,M23195,-0.6636840876923579,-0.14277275223309127,3.817389089557005,-2.3945526990959944,0.5548511995440328,0,0,0,0,0,0,-2.3702011918227472,1.3170909130906074,-0.7225011873640135,1.5381957229742642,1.3318889527502387
8337,L55516,-0.7105885038728732,-0.2063686329605469,-0.49985711204954436,0.8844862213507165,0.6018622431036473,0,0,0,0,0,0,1.0553059279763197,1.3170909130906074,1.002451611776474,0.45326082793040384,-0.3380416704365194
8338,M23197,-0.7574929200533619,-0.2063686329605469,0.2642572599162165,-0.4610160712338001,0.633202938810057,0,0,0,0,0,0,-0.3716470837717957,1.4277269923344966,0.32649191434097463,0.6885345506176993,1.3318889527502387
8339,L55518,-0.7574929200533619,-0.2063686329605469,1.0884091896792871,-1.1387505593504452,0.6802139823696715,0,0,0,0,0,0,-1.0062529455647926,1.4277269923344966,-0.0011572895416277688,0.9630337643212579,-0.3380416704365194
8340,M23199,-0.7574929200533619,-0.2063686329605469,-0.22695912206177263,0.03731811120490977,0.7115546780760811,0,0,0,0,0,0,0.049816242930783856,1.4277269923344966,0.660780985673176,0.6299587416398664,1.3318889527502387
8341,M23200,-0.7574929200533619,-0.2063686329605469,-0.3306603582571259,-0.18194892906812216,0.7585657216356956,0,0,0,0,0,0,-0.3427263835165906,1.4277269923344966,0.5814910791606781,0.6449517720358832,1.3318889527502387
8342,L55521,-0.7574929200533619,-0.2063686329605469,1.148446747476597,-1.0291170392139288,0.8055767651953101,0,0,0,0,0,0,-0.7876542270647695,1.4277269923344966,0.1415292237369875,1.1183116484755131,-0.3380416704365194
8343,L55522,-0.8043973362338772,-0.2063686329605469,-0.16692156426446284,0.06721816215123279,0.8369174609017197,0,0,0,0,0,0,0.13730062915670402,1.5383630715784486,0.7918124124711123,0.7663616482942485,-0.3380416704365194
8344,H37757,-0.7574929200533619,-0.14277275223309127,-0.5653526296466096,0.8246861194580719,0.8682581566081293,0,0,0,0,0,0,0.9139917537289853,1.5383630715784486,1.2607000734332154,0.6777106521878141,-2.0079722936232773
8345,L55524,-0.7574929200533619,-0.2063686329605469,0.3734164559113252,0.04728479485368411,0.9466098958741535,0,0,0,0,0,0,0.49820910456556405,1.4277269923344966,0.880249795948749,1.0367214388105317,-0.3380416704365194
8346,H37759,-0.7574929200533619,-0.14277275223309127,-0.27608076025957157,-0.4012159693411548,0.9779505915805632,0,0,0,0,0,0,-0.62549138061186,1.5383630715784486,0.637011672941367,0.8670744086162367,-2.0079722936232773
8347,L55526,-0.8043973362338772,-0.2063686329605469,0.32975277751328175,-0.42114933663870274,1.0563023308465873,0,0,0,0,0,0,-0.26779414731706025,1.5383630715784486,0.6879761874614272,1.1343147773526352,-0.3380416704365194
8348,L55527,-0.8043973362338772,-0.26996451368796637,0.6790622046976296,-0.879616784482316,1.0876430265529968,0,0,0,0,0,0,-0.7923490825567557,1.4277269923345595,0.4240061378959888,1.2788380835610025,-0.3380416704365194
8349,M23208,-0.8043973362338772,-0.26996451368796637,-0.4834832326502781,0.27651851877549105,1.1189837222594066,0,0,0,0,0,0,0.20507833505347844,1.4277269923345595,1.183423318221926,0.9321366343109724,1.3318889527502387
8350,M23209,-0.8043973362338772,-0.333560394415422,-0.29245463965883783,-0.6304496932629611,1.165994765819021,0,0,0,0,0,0,-0.9698263328910074,1.3170909130906074,0.6405081988855709,1.0387020240676013,1.3318889527502387
8351,M23210,-0.8043973362338772,-0.26996451368796637,-0.8655404186331586,0.8147194358092976,1.2130058093786356,0,0,0,0,0,0,0.6417486988797866,1.4277269923345595,1.6286476217838626,0.8894748278736937,1.3318889527502387
8352,M23211,-0.8043973362338772,-0.26996451368796637,0.7936793604924938,-1.367984283272252,1.26001685293825,0,0,0,0,0,0,-1.5349659025084088,1.4277269923345595,0.21774642563185187,1.4995148929036952,1.3318889527502387
8353,L55532,-0.8513017524143659,-0.26996451368796637,-0.2706228004598161,-0.3015491328534128,1.3070278964978645,0,0,0,0,0,0,-0.47645656043071843,1.5383630715784486,0.9710888336102832,1.1788383339315593,-0.3380416704365194
8354,L55533,-0.8043973362338772,-0.26996451368796637,-0.5380628306478324,1.5622207094673624,1.338368592204274,0,0,0,0,0,0,1.9790504680210657,1.4277269923345595,2.2784363523036553,1.1142316428459498,-0.3380416704365194
8355,L55534,-0.8513017524143659,-0.26996451368796637,-0.821876740235115,1.0339864760823294,1.3697092879106838,0,0,0,0,0,0,0.9777871289797501,1.5383630715784486,1.9508224668649337,1.0418610575526273,-0.3380416704365194
8356,L55535,-0.8043973362338772,-0.26996451368796637,-0.21058524266250633,0.675185864726459,1.4010499836170935,0,0,0,0,0,0,0.9998851598193674,1.4277269923345595,1.7346029534263987,1.2889984859297694,-0.3380416704365194
8357,M23216,-0.8513017524143659,-0.26996451368796637,-1.072942891023865,1.9409546881207815,1.432390679323503,0,0,0,0,0,0,1.9457082094750713,1.5383630715784486,2.6646788545845803,1.0058144058739609,1.3318889527502387
8358,L55537,-0.8982061685948812,-0.333560394415422,-0.8491665392338922,0.6353191301313617,1.4794017228831176,1,1,0,0,0,0,0.41250115014742195,1.5383630715784486,1.788392943456926,1.1281650601294342,-0.3380416704365194
8359,L55538,-0.8043973362338772,-0.2063686329605469,0.03502294832648825,-0.25171571460954184,-1.7016788913174623,0,0,0,0,0,0,-0.199264874116996,1.5383630715784486,-1.531152278459849,-1.6560921796275558,-0.3380416704365194
8360,M23219,-0.8513017524143659,-0.26996451368796637,-0.08505216726813132,0.24661846782916805,-1.6703381956110526,0,0,0,0,0,0,0.46467163373300135,1.5383630715784486,-1.501202238048892,-1.6258882544572446,1.3318889527502387
8361,L55540,-0.8513017524143659,-0.26996451368796637,-0.003182770271799793,-0.4111826529899291,-1.623327152051438,0,0,0,0,0,0,-0.46531969948195495,1.5383630715784486,-1.4679322639131358,-1.5798396472303768,-0.3380416704365194
8362,L55541,-0.8513017524143659,-0.333560394415422,-0.494399152249789,0.43598545715587766,-1.5919864563450283,0,0,0,0,0,0,0.4231890228370775,1.4277269923344966,-1.4216297839853476,-1.5555774778312745,-0.3380416704365194
8363,L55542,-0.8513017524143659,-0.26996451368796637,-1.0238212528260662,2.249921881232782,-1.5606457606386188,0,0,0,0,0,0,2.407277900453263,1.5383630715784486,-1.3324860316300937,-1.5355042462508743,-0.3380416704365194
8364,L55543,-0.7574929200533619,-0.2063686329605469,0.22605154131792848,0.5057522426972973,-1.529305064932209,0,0,0,0,0,0,1.1020397493809506,1.4277269923344966,-1.3563259812496644,-1.4837614564099315,-0.3380416704365194
8365,L55544,-0.7105885038728732,-0.14277275223309127,-0.7891289814365825,0.9044195886482652,-1.4979643692257996,0,0,0,0,0,0,0.8301090341902635,1.4277269923345595,-1.306173790938864,-1.476373873401062,-0.3380416704365194
8366,M23225,-0.7574929200533619,-0.14277275223309127,0.056854787525509994,-0.3314491837997351,-1.4666236735193898,0,0,0,0,0,0,-0.30577269766906884,1.5383630715784486,-1.3372540215540079,-1.425700599598937,1.3318889527502387
8367,M23226,-0.7105885038728732,-0.14277275223309127,1.612373330455809,-1.7068515273305744,-1.4196126299597753,0,0,0,0,0,0,-1.760670348239544,1.4277269923345595,-1.3862053847728595,-1.3288202717493782,1.3318889527502387
8368,L55547,-0.7105885038728732,-0.14277275223309127,-0.821876740235115,0.9941197414872329,-1.3726015864001608,0,0,0,0,0,0,0.923518113313554,1.4277269923345595,-1.1610503050324705,-1.3670257613582504,-0.3380416704365194
8369,L55548,-0.7105885038728732,-0.14277275223309127,-0.0359305290703324,0.21671841688284574,-1.341260890693751,0,0,0,0,0,0,0.45699979087083786,1.4277269923345595,-1.1891637863616231,-1.306697134427911,-0.3380416704365194
8370,L55549,-0.7574929200533619,-0.2063686329605469,2.2509546270271947,-1.9261185676036068,-1.3099201949873416,0,0,0,0,0,0,-1.9196707556500356,1.4277269923344966,-1.3492622924734954,-1.1725818037454443,-0.3380416704365194
8371,L55550,-0.7574929200533619,-0.14277275223309127,0.5098654509052111,-0.6304496932629611,-1.2785794992809318,0,0,0,0,0,0,-0.48773006998008106,1.5383630715784486,-1.21074335557282,-1.219194877770577,-0.3380416704365194
8372,L55551,-0.8043973362338772,-0.2063686329605469,1.8579815214448037,-1.8164850474670908,-1.2472388035745223,0,0,0,0,0,0,-1.8624833162996328,1.5383630715784486,-1.308893311117689,-1.115897453688113,-0.3380416704365194
8373,M23232,-0.7574929200533619,-0.2063686329605469,-0.5053150718492998,0.48581887539974866,-1.2158981078681126,0,0,0,0,0,0,0.4852079662800649,1.4277269923344966,-1.0406497298426685,-1.2115696245308591,1.3318889527502387
8374,M23233,-0.8043973362338772,-0.2063686329605469,-0.9746996146282673,1.0539198433798782,-1.168887064308498,0,0,0,0,0,0,0.8669065502085295,1.5383630715784486,-0.924734597025734,-1.197507469205665,1.3318889527502387
8375,L55554,-0.7574929200533619,-0.2063686329605469,-1.722440107194762,2.3396220340717497,-1.1218760207488836,0,0,0,0,0,0,1.734039527148251,1.4277269923344966,-0.7026522219029785,-1.207242045744162,-0.3380416704365194
8376,M23235,-0.7574929200533619,-0.26996451368796637,-0.8546244990336477,0.8246861194580719,-1.090535325042474,0,0,0,0,0,0,0.6646471000943368,1.3170909130906074,-0.8672361703877177,-1.1215718304496174,1.3318889527502387
8377,L55556,-0.7574929200533619,-0.14277275223309127,-1.1275224890214195,0.9343196395945875,-1.0435242814828596,0,0,0,0,0,0,0.5726435494343428,1.5383630715784486,-0.7998485794630649,-1.1012510257120833,-0.3380416704365194
8378,L55557,-0.7574929200533619,-0.2063686329605469,-1.1166065694219085,1.0339864760823294,-1.0121835857764498,0,0,0,0,0,0,0.7126693225903231,1.4277269923344966,-0.7494844784889794,-1.0739585608696647,-0.3380416704365194
8379,M23238,-0.7574929200533619,-0.07917687150567178,-1.1438963684206858,2.160221728393814,-0.9808428900700402,0,0,0,0,0,0,2.156147054396509,1.6489991508223378,-0.5303688526522148,-1.049775614880845,1.3318889527502387
8380,L55559,-0.7574929200533619,-0.07917687150567178,0.4825756519064339,-0.7998833152921226,-0.9338318465104257,0,0,0,0,0,0,-0.774428594649717,1.6489991508223378,-0.9790896821583551,-0.8656307006048007,-0.3380416704365194
8381,L55560,-0.7105885038728732,-0.015580990778216147,1.284895742470483,-1.4178177015161229,-0.9024911508040161,0,0,0,0,0,0,-1.3914848718801567,1.6489991508224007,-1.0682334345136089,-0.7591247284058841,-0.3380416704365194
8382,H37795,-0.7574929200533619,-0.015580990778216147,-0.057762368269354145,-0.1620155617705742,-0.8711504550976064,0,0,0,0,0,0,-0.12691920071450627,1.7596352300662899,-0.814223186122569,-0.8530638871486943,-2.0079722936232773
8383,L55562,-0.7105885038728732,-0.015580990778216147,0.973792033884423,-1.2583507631357356,-0.7927987158315822,0,0,0,0,0,0,-1.266012174687899,1.6489991508224007,-0.9719200380505434,-0.668750623125799,-0.3380416704365194
8384,M23243,-0.7574929200533619,-0.07917687150567178,-0.24879096126079436,-0.47098275488257374,-0.7614580201251726,0,0,0,0,0,0,-0.7101159068395426,1.6489991508223378,-0.7852267436963949,-0.7677996918318488,1.3318889527502387
8385,L55564,-0.7574929200533619,-0.2063686329605469,-0.494399152249789,0.3163852533705877,-0.7144469765655581,0,0,0,0,0,0,0.2533543335220044,1.4277269923344966,-0.5721505717632547,-0.7514598634610248,-0.3380416704365194
8386,H37799,-0.7574929200533619,-0.14277275223309127,0.12235030512257522,-0.11218214352670319,-0.6831062808591485,0,0,0,0,0,0,0.07272440475966162,1.5383630715784486,-0.6404211237849289,-0.6500043836676355,-2.0079722936232773
8387,M23246,-0.7105885038728732,-0.07917687150567178,-0.21604320246226177,-0.28161576555586415,-0.6047545415931244,0,0,0,0,0,0,-0.41113852934471445,1.5383630715784486,-0.6139322908742948,-0.6155917148260515,1.3318889527502387
8388,L55567,-0.7574929200533619,-0.07917687150567178,-1.034737172425577,0.7250192829703299,-0.5577434980335099,0,0,0,0,0,0,0.37752886900857774,1.6489991508223378,-0.3142199761014409,-0.6794358805876894,-0.3380416704365194
8389,L55568,-0.7105885038728732,-0.07917687150567178,-0.9583257352290009,0.6552524974289103,-0.5264028023271002,0,0,0,0,0,0,0.3487643385826278,1.5383630715784486,-0.29942154811536686,-0.6422801011650641,-0.3380416704365194
8390,L55569,-0.7574929200533619,-0.07917687150567178,-0.08505216726813132,-0.02248199068773485,-0.49506210662069056,0,0,0,0,0,0,0.06277833875896979,1.6489991508223378,-0.451502767466287,-0.49324106057057815,-0.3380416704365194
8391,M23250,-0.7574929200533619,-0.14277275223309127,-1.3785886398101694,2.1901217793401364,-0.46372141091428093,0,0,0,0,0,0,1.9353229158295984,1.5383630715784486,0.19595494575737002,-0.6484496242408359,1.3318889527502387
8392,L55571,-0.8513017524143659,-0.26996451368796637,-0.6417640668431857,0.27651851877549105,-0.41671036735466643,0,0,0,0,0,0,0.08421264782425136,1.5383630715784486,-0.29451228441592936,-0.5005593230954503,-0.3380416704365194
8393,M23252,-0.8982061685948812,-0.26996451368796637,-0.21058524266250633,-0.052382041634057866,-0.38536967164825675,0,0,0,0,0,0,-0.0703271588381383,1.6489991508224007,-0.3622530597793908,-0.4066597760577814,1.3318889527502387
8394,L55573,-0.8982061685948812,-0.333560394415422,-0.6144742678444085,0.35625198796568436,-0.3383586280886423,0,0,0,0,0,0,0.21655681750373845,1.5383630715784486,-0.19452576978925615,-0.4257922296410736,-0.3380416704365194
8395,M23254,-0.8513017524143659,-0.333560394415422,0.13872418452184151,-0.18194892906812216,-0.30701793238223263,0,0,0,0,0,0,-0.022910094430514984,1.4277269923344966,-0.33353916490426344,-0.275881731533477,1.3318889527502387
8396,M23255,-0.8982061685948812,-0.333560394415422,-0.3142864788578596,0.48581887539974866,-0.2600068888226182,0,0,0,0,0,0,0.6382543989502003,1.5383630715784486,-0.07546729546692661,-0.30497652895982913,1.3318889527502387
8397,H37810,-0.8513017524143659,-0.26996451368796637,0.2860890991152383,-0.660349744209284,-0.2129958452630037,0,0,0,0,0,0,-0.6688382688445181,1.5383630715784486,-0.413853306289306,-0.15743283023443072,-2.0079722936232773
8398,L55577,-0.8982061685948812,-0.26996451368796637,1.0010818328832003,-1.3480509159747036,-0.13464410599697954,0,0,0,0,0,0,-1.404134628049831,1.6489991508224007,-0.5987453600055314,0.05117231196642287,-0.3380416704365194
8399,L55578,-0.8982061685948812,-0.2063686329605469,5.875039934064803,-2.7732866777494136,-0.1033034102905699,1,0,0,1,0,0,-2.7557747396396066,1.7596352300662899,-1.0952520440824556,0.9873355454255016,-0.3380416704365194
8400,L55579,-0.8513017524143659,-0.2063686329605469,-1.345840881011637,1.9409546881207815,-0.07196271458416025,0,0,0,0,0,0,1.6558179639200317,1.6489991508223378,0.650679910723254,-0.3233959718505763,-0.3380416704365194
8401,L55580,-0.8513017524143659,-0.26996451368796637,-0.041388488870087836,0.07718484580000713,-0.04062201887775059,0,0,0,0,0,0,0.2434082675213119,1.5383630715784486,-0.0074439725524179864,-0.046886464111092076,-0.3380416704365194
8402,H37815,-0.8982061685948812,-0.39715627514287766,0.7118099634961622,-0.8098499989408967,-0.009281323171340937,0,0,0,0,0,0,-0.659965870419954,1.4277269923344966,-0.3181756418160957,0.13106912123660977,-2.0079722936232773
8403,L55582,-0.8982061685948812,-0.333560394415422,-0.9310359362302237,1.2432868327065878,0.0690704160946832,0,0,0,0,0,0,1.1604082230650967,1.5383630715784486,0.5601234206127667,-0.12302016139284676,-0.3380416704365194
8404,L55583,-0.8982061685948812,-0.26996451368796637,-0.42890363465272374,0.5157189263460716,0.10041111180109286,0,0,0,0,0,0,0.5892365937927121,1.6489991508224007,0.3006388134201959,0.00888681672798732,-0.3380416704365194
8405,L55584,-0.9451105847753966,-0.333560394415422,0.024107028726977384,-0.3314491837997351,0.1317518075075025,0,0,0,0,0,0,-0.32720700673435116,1.6489991508224007,-0.018745874594288826,0.1340102903433581,-0.3380416704365194
8406,M23265,-0.9451105847753966,-0.333560394415422,-0.30882851905810416,0.1768516822877491,0.16309250321391217,0,0,0,0,0,0,0.1935998526032184,1.6489991508224007,0.22145486223934063,0.09272499065974267,1.3318889527502387
8407,M23266,-0.9451105847753966,-0.333560394415422,-1.072942891023865,0.5356522936436197,0.21010354677352663,0,0,0,0,0,0,0.09603275177600651,1.6489991508224007,0.4207568410589508,-0.03232916247163066,1.3318889527502387
8408,L55587,-0.9451105847753966,-0.333560394415422,-1.0019894136270444,1.0140531087847815,0.2571145903331411,0,0,0,0,0,0,0.7892803844543463,1.6489991508224007,0.680665269578092,0.023691691524582437,-0.3380416704365194
8409,M23268,-0.8982061685948812,-0.26996451368796637,0.17147194332037413,-0.6902497951556064,0.2884552860395508,0,0,0,0,0,0,-0.7831253020163681,1.6489991508224007,-0.050956295413619734,0.32096763568444114,1.3318889527502387
8410,L55589,-0.8982061685948812,-0.26996451368796637,1.7488223254496948,-1.2982174977308325,0.3354663295991652,0,0,0,0,0,0,-0.9602902126921102,1.6489991508224007,-0.29606629594668654,0.7397227765866626,-0.3380416704365194
8411,L55590,-0.8982061685948812,-0.333560394415422,0.040480908126243685,0.45591882445342635,0.3668070253055749,0,0,0,0,0,0,0.8771551952534047,1.5383630715784486,0.5434531151010078,0.36743216581529353,-0.3380416704365194
8412,L55591,-0.8513017524143659,-0.14277275223309127,-0.24333300146103892,-0.2218156636632188,0.39814772101198453,0,0,0,0,0,0,-0.34163319471180353,1.7596352300662899,0.25306486951269724,0.32908803523842645,-0.3380416704365194
8413,M23272,-0.8513017524143659,-0.2063686329605469,-1.236681685016528,0.9741863741896849,0.4294884167183942,0,0,0,0,0,0,0.527705681066148,1.6489991508223378,0.8560919803342512,0.11360035926925606,1.3318889527502387
8414,M23273,-0.8513017524143659,-0.2063686329605469,-0.6472220266429412,0.9741863741896849,0.4764994602780087,0,0,0,0,0,0,1.0516164157601657,1.6489991508223378,0.9087517801605914,0.30130042408174024,1.3318889527502387
8415,L55594,-0.8513017524143659,-0.14277275223309127,1.6451210892543415,-1.9759519858474777,0.5235105038376232,0,0,0,0,0,0,-2.2327522208494783,1.7596352300662899,-0.5230932532127605,0.9341568312731834,-0.3380416704365194
8416,M23275,-0.8043973362338772,-0.07917687150567178,-0.5817265090458759,1.303086934599233,0.5548511995440328,0,0,0,0,0,0,1.5717205108660857,1.7596352300662899,1.1643513585262693,0.38882248659164503,1.3318889527502387
8417,M23276,-0.7574929200533619,0.048014889949239484,0.24242542071719478,-0.8596834171847676,0.6018622431036473,0,0,0,0,0,0,-1.0042520196274598,1.870271309310242,0.09388464294172724,0.6512401302270792,1.3318889527502387
8418,H37831,-0.7574929200533619,0.048014889949239484,0.8919226368880916,-0.919483519077413,0.6488732866632618,0,0,0,0,0,0,-0.740490938629688,1.870271309310242,0.09526206225308008,0.8750957789073684,-2.0079722936232773
8419,L55598,-0.7105885038728732,0.11161077067665898,2.3491979034227928,-1.6669847927354777,0.727225025929286,0,0,0,0,0,0,-1.3832859558442567,1.870271309310242,-0.26110103650464966,1.3693013151776556,-0.3380416704365194
8420,L55599,-0.6636840876923579,0.1752066514041146,-0.5981003884451422,-0.0025486233901868775,0.7585657216356956,0,0,0,0,0,0,-0.2735333885421906,1.870271309310242,0.6813010015679473,0.5687685601227018,-0.3380416704365194
8421,L55600,-0.7105885038728732,0.23880253213153407,0.029564988526732817,-0.2218156636632188,0.7899064173421052,0,0,0,0,0,0,-0.15764561462047363,2.091543467798083,0.5859412030896648,0.7781857422789539,-0.3380416704365194
8422,L55601,-0.7105885038728732,0.1752066514041146,-0.24333300146103892,-0.3613492347460581,0.8212471130485148,0,0,0,0,0,0,-0.5460595012069138,1.9809073885541941,0.5329635372683964,0.729087033756199,-0.3380416704365194
8423,H37836,-0.7105885038728732,0.1752066514041146,-1.624196830799164,2.299755299476653,0.8525878087549246,0,0,0,0,0,0,1.7968978834234852,1.9809073885541941,2.0956987236641615,0.3503298121204977,-2.0079722936232773
8424,L55603,-0.6636840876923579,0.23880253213153407,-0.4834832326502781,0.625352446482588,0.9309395480209487,0,0,0,0,0,0,0.7011127552254359,1.9809073885541313,1.210124061795845,0.7595880467150705,-0.3380416704365194
8425,L55604,-0.6167796715118425,0.36599429358644536,-0.8764563382326694,0.47585219175097504,0.9622802437273583,0,0,0,0,0,0,0.17439096360482428,2.091543467798083,1.1526962720455907,0.6671343269150625,-0.3380416704365194
8426,L55605,-0.5698752553313539,0.36599429358644536,0.14418214432159696,-0.15204887812179985,0.993620939433768,0,0,0,0,0,0,0.026693347586679704,1.9809073885541941,0.8015603029822257,1.0129841245045528,-0.3380416704365194
8427,L55606,-0.6167796715118425,0.3023984128589897,0.4771176921066785,-0.4012159693411548,1.0249616351401776,0,0,0,0,0,0,-0.1419310255516658,1.9809073885541313,0.6750496370010374,1.1491295550755156,-0.3380416704365194
8428,L55607,-0.6167796715118425,0.23880253213153407,-0.19421136326324,0.6153857628338136,1.0563023308465873,0,0,0,0,0,0,0.9254214331076024,1.870271309310179,1.3344449842564206,0.966994934835397,-0.3380416704365194
8429,M23288,-0.6636840876923579,0.1752066514041146,1.56325169225801,-1.1885839775943163,1.0876430265529968,0,0,0,0,0,0,-0.8534017251812263,1.870271309310242,0.229118964561484,1.5643988659252948,1.3318889527502387
8430,L55609,-0.6636840876923579,0.1752066514041146,0.1987617423191513,0.007418060258587462,1.1346540701126113,0,0,0,0,0,0,0.3104539273434516,1.870271309310242,1.0259030585133555,1.170569390483294,-0.3380416704365194
8431,L55610,-0.7105885038728732,0.11161077067665898,-1.2912612830140824,1.7216876478477496,1.165994765819021,0,0,0,0,0,0,1.4337835091763949,1.870271309310242,2.1658411532115207,0.7070629256975852,-0.3380416704365194
8432,H37845,-0.7105885038728732,0.048014889949239484,-1.1821020870189738,1.4625538729796204,1.1973354615254308,0,0,0,0,0,0,1.2094455494512428,1.759635230066353,2.0363637379443413,0.7695305847055598,-2.0079722936232773
8433,L55612,-0.7574929200533619,-0.015580990778216147,-0.019556649671066097,-0.0025486233901868775,1.2756872007914548,0,0,0,0,0,0,0.13928203386537946,1.7596352300662899,1.1463389521470382,1.2358593834825926,-0.3380416704365194
8434,M23293,-0.7574929200533619,0.048014889949239484,-0.21604320246226177,0.8745195377019429,1.3070278964978645,0,0,0,0,0,0,1.2883405950681235,1.870271309310242,1.7712634981747166,1.1978519523994273,1.3318889527502387
8435,M23294,-0.8043973362338772,-0.07917687150567178,0.6190246469003198,-1.0789504574578,1.354038940057479,0,0,0,0,0,0,-1.148621266159601,1.7596352300662899,0.47299281955872124,1.5378986351857038,1.3318889527502387
8436,M23295,-0.8043973362338772,-0.015580990778216147,-0.11779992606666392,-0.18194892906812216,1.4010499836170935,0,0,0,0,0,0,-0.1976934152101146,1.870271309310242,1.1332004910233637,1.3223317358062505,1.3318889527502387
8437,L55616,-0.8043973362338772,-0.07917687150567178,-0.9255779764304684,1.1336533125700714,1.448061027176708,0,0,0,0,0,0,1.0183229602858137,1.7596352300662899,2.110638425425759,1.0728671197520514,-0.3380416704365194
8438,L55617,-0.8043973362338772,-0.14277275223309127,-1.9625903383840009,2.5887891252911053,1.4794017228831176,1,0,0,0,1,0,1.7499395678893008,1.6489991508224007,3.1936431885880014,0.7180650768006068,-0.3380416704365194
8439,L55618,-0.8513017524143659,-0.14277275223309127,-0.39069791605443566,0.28648520242426473,1.5107424185895273,0,0,0,0,0,0,0.29026897691221154,1.7596352300662899,1.5676879876455234,1.326124556573539,-0.3380416704365194
8440,L55619,-0.8513017524143659,-0.14277275223309127,0.5262393303044774,-0.5307828567752191,1.5420831142959368,0,0,0,0,0,0,-0.318110114180233,1.7596352300662899,0.998425309174058,1.6996035184991496,-0.3380416704365194
8441,L55620,-0.8513017524143659,-0.14277275223309127,-0.9310359362302237,1.602087444062459,-1.7016788913174623,0,0,0,0,0,0,1.6418017217443746,1.7596352300662899,-1.531152278459849,-1.6560921796275558,-0.3380416704365194
8442,L55621,-0.8513017524143659,-0.07917687150567178,0.48803361170618936,-0.929450202726187,-1.6703381956110526,0,0,0,0,0,0,-0.9781423762988494,1.870271309310179,-1.5095373908047716,-1.6238086399373217,-0.3380416704365194
8443,L55622,-0.8513017524143659,-0.015580990778216147,-0.1287158456661748,-0.09224877622915452,-1.6389974999046428,0,0,0,0,0,0,-0.07186933590203337,1.9809073885541313,-1.47605550600573,-1.5960012229280647,-0.3380416704365194
8444,M23303,-0.8513017524143659,-0.07917687150567178,0.695436084096896,-0.760016580697026,-1.6076568041982333,0,0,0,0,0,0,-0.5878739729900045,1.870271309310179,-1.4627051342187707,-1.556983693363794,1.3318889527502387
8445,M23304,-0.8513017524143659,-0.07917687150567178,1.5141300540602112,-1.4975511707063165,-1.5606457606386188,0,0,0,0,0,0,-1.4280871756118536,1.870271309310179,-1.4520036457228744,-1.4940604997466933,1.3318889527502387
8446,M23305,-0.8513017524143659,-0.015580990778216147,0.0022751895279556423,-0.3015491328534128,-1.5136347170790043,0,0,0,0,0,0,-0.2963732260707702,1.9809073885541313,-1.3747622089554656,-1.4729672667589024,1.3318889527502387
8447,L55626,-0.8982061685948812,-0.07917687150567178,-0.31974443865761504,0.21671841688284574,-1.4666236735193898,0,0,0,0,0,0,0.24332042199235568,1.9809073885541313,-1.3081163053523104,-1.435950128304272,-0.3380416704365194
8448,L55627,-0.8513017524143659,0.048014889949239484,-0.5544367100470987,0.9941197414872329,-1.43528297781298,0,0,0,0,0,0,1.1621748942585457,2.091543467798083,-1.2315459190186377,-1.41383689390909,-0.3380416704365194
8449,L55628,-0.8982061685948812,-0.015580990778216147,-0.2651648406600607,0.12701826404387812,-1.4039422821065706,0,0,0,0,0,0,0.1533470791126801,2.091543467798083,-1.2546794997605915,-1.3753640252905135,-0.3380416704365194
8450,L55629,-0.9451105847753966,-0.07917687150567178,1.0065397926829558,-1.2085173448918645,-1.3726015864001608,0,0,0,0,0,0,-1.1658389898349912,2.091543467798083,-1.3249632030834737,-1.297358674940828,-0.3380416704365194
8451,L55630,-0.9451105847753966,-0.015580990778216147,0.10051846592355347,0.42601877350710404,-1.341260890693751,0,0,0,0,0,0,0.8792830091770076,2.2021795470420353,-1.172104977967175,-1.301002951813836,-0.3380416704365194
8452,L55631,-0.8982061685948812,-0.015580990778216147,-0.5762685492461205,0.2565851514779424,-1.3099201949873416,0,0,0,0,0,0,0.10621307252058276,2.091543467798083,-1.155893812225867,-1.3008246991406998,-0.3380416704365194
8453,M23312,-0.8513017524143659,-0.015580990778216147,-0.15600564466495198,-0.24174903096076747,-1.2785794992809318,0,0,0,0,0,0,-0.31227326681181883,1.9809073885541313,-1.1735530341662896,-1.2518151169545129,1.3318889527502387
8454,L55633,-0.8513017524143659,-0.07917687150567178,0.12780826492233066,-0.28161576555586415,-1.2315684557213173,0,0,0,0,0,0,-0.18300369064579355,1.870271309310179,-1.1380579980660401,-1.1914468783190322,-0.3380416704365194
8455,L55634,-0.8513017524143659,-0.015580990778216147,-0.10142604666739763,0.03731811120490977,-1.2002277600149078,0,0,0,0,0,0,0.14028737714121037,1.9809073885541313,-1.0756856261724672,-1.1737800578259714,-0.3380416704365194
8456,L55635,-0.8513017524143659,-0.07917687150567178,-1.0074473734268,1.950921371769556,-1.168887064308498,0,0,0,0,0,0,2.0285172614376634,1.870271309310179,-0.8166601587503473,-1.199527666167876,-0.3380416704365194
8457,L55636,-0.8513017524143659,-0.07917687150567178,0.08414458652428716,-0.13211551082425116,-1.1375463686020884,0,0,0,0,0,0,0.0158395444534415,1.870271309310179,-1.0403671822916216,-1.1013698608275075,-0.3380416704365194
8458,L55637,-0.8513017524143659,-0.07917687150567178,-0.8055028608358488,0.5555856609411683,-1.1062056728956788,0,0,0,0,0,0,0.33988217954373595,1.870271309310179,-0.9204963837600326,-1.1318906796389498,-0.3380416704365194
8459,L55638,-0.8043973362338772,-0.07917687150567178,1.159362667076108,-1.3081841813796065,-1.074864977189269,0,0,0,0,0,0,-1.2609659370800892,1.7596352300662899,-1.1525385600571867,-0.9616989884989607,-0.3380416704365194
8460,L55639,-0.8043973362338772,-0.07917687150567178,0.6026507675010535,-1.0390837228627032,-1.0435242814828596,0,0,0,0,0,0,-1.0926831854432397,1.7596352300662899,-1.093556758776175,-0.9694034651489615,-0.3380416704365194
8461,L55640,-0.8043973362338772,-0.07917687150567178,-0.9201200166307129,1.4725205566283948,-1.0121835857764498,0,0,0,0,0,0,1.4786432926299633,1.7596352300662899,-0.6811079711356627,-1.0582723256336735,-0.3380416704365194
8462,L55641,-0.8043973362338772,-0.07917687150567178,-0.5162309914488107,0.33631862066813567,-0.9808428900700402,0,0,0,0,0,0,0.2647547310576365,1.7596352300662899,-0.827679513241171,-0.9973891348313546,-0.3380416704365194
8463,M23322,-0.8043973362338772,-0.14277275223309127,-0.21604320246226177,0.47585219175097504,-0.9495021943636306,0,0,0,0,0,0,0.7023133107878344,1.6489991508224007,-0.7733597465524307,-0.94260614662081,1.3318889527502387
8464,M23323,-0.8043973362338772,-0.07917687150567178,-0.7072595844402509,0.5157189263460716,-0.9024911508040161,0,0,0,0,0,0,0.3647327036239759,1.7596352300662899,-0.7187927507565247,-0.9434677012076352,1.3318889527502387
8465,H37878,-0.8513017524143659,-0.2063686329605469,0.7172679232959176,-1.2384173958381872,-0.8554801072444016,0,0,0,0,0,0,-1.3586111228219284,1.6489991508223378,-1.0066733868292952,-0.7619767711760642,-2.0079722936232773
8466,M23325,-0.8043973362338772,-0.14277275223309127,-0.35795015725590307,0.05725147850245845,-0.7771283679783775,0,0,0,0,0,0,-0.015794606585073666,1.6489991508224007,-0.6872180619270489,-0.7942900196451544,1.3318889527502387
8467,L55646,-0.8043973362338772,-0.14277275223309127,-0.39069791605443566,-0.15204887812179985,-0.730117324418763,0,0,0,0,0,0,-0.34061809082164507,1.6489991508224007,-0.6902907665446826,-0.7541534594106394,-0.3380416704365194
8468,L55647,-0.8513017524143659,-0.14277275223309127,0.8919226368880916,-1.1586839266479936,-0.6987766287123534,0,0,0,0,0,0,-1.1396610222060812,1.7596352300662899,-0.8914646228899777,-0.5761186506526548,-0.3380416704365194
8469,H37882,-0.8513017524143659,-0.2063686329605469,-0.4234456748529683,-0.08228209258038018,-0.6674359330059436,0,0,0,0,0,0,-0.26314809489671703,1.6489991508223378,-0.6197245156707535,-0.6998854233669328,-2.0079722936232773
8470,M23329,-0.8513017524143659,-0.2063686329605469,-1.422252318208213,2.4093888196131683,-0.5890841937399195,0,0,0,0,0,0,2.1618472531643245,1.6489991508223378,0.07622542100130424,-0.7561142388151383,1.3318889527502387
8471,L55650,-0.8043973362338772,-0.07917687150567178,-0.41798771505321286,-0.1919156127168965,-0.542073150180305,0,0,0,0,0,0,-0.4165166278396917,1.7596352300662899,-0.5379976365304773,-0.5832487575781052,-0.3380416704365194
8472,L55651,-0.8513017524143659,-0.14277275223309127,-1.1384384086209303,0.6452858137801359,-0.5107324544738954,0,0,0,0,0,0,0.18598657342702474,1.7596352300662899,-0.285682673445718,-0.6535991459092167,-0.3380416704365194
8473,L55652,-0.8982061685948812,-0.2063686329605469,0.5098654509052111,-0.21184898001444516,-0.47939175876748574,0,0,0,0,0,0,0.18212137015295768,1.7596352300662899,-0.48982327907700435,-0.3939444187073947,-0.3380416704365194
8474,M23333,-0.8513017524143659,-0.14277275223309127,-0.6035583482448976,0.3163852533705877,-0.44805106306107606,0,0,0,0,0,0,0.16921783801074375,1.7596352300662899,-0.3133723334483008,-0.5231974125837555,1.3318889527502387
8475,M23334,-0.8982061685948812,-0.2063686329605469,-0.09596808686764219,0.4658855081022007,-0.4010400195014616,0,0,0,0,0,0,0.7834337764716038,1.7596352300662899,-0.2237341228787152,-0.40427317082301256,1.3318889527502387
8476,M23335,-0.8982061685948812,-0.2063686329605469,0.0896025463240426,-0.2218156636632188,-0.3540289759418471,0,0,0,0,0,0,-0.11716834700038134,1.7596352300662899,-0.38605769095508047,-0.33007054416690074,1.3318889527502387
8477,L55656,-0.8982061685948812,-0.26996451368796637,0.24242542071719478,-0.7699832643457997,-0.30701793238223263,0,0,0,0,0,0,-0.865016856232084,1.6489991508224007,-0.5189963137225825,-0.25913588318495373,-0.3380416704365194
8478,H37891,-0.8982061685948812,-0.26996451368796637,0.20967766191866216,-0.6404163769117354,-0.275677236675823,0,0,0,0,0,0,-0.6835182327945102,1.6489991508224007,-0.45446951675227804,-0.2331506046122008,-2.0079722936232773
8479,M23338,-0.8982061685948812,-0.2063686329605469,-1.0183632930263107,2.0804882592036202,-0.19732549740979885,0,0,0,0,0,0,2.1887084637962255,1.7596352300662899,0.530314653977333,-0.36887020935289383,1.3318889527502387
8480,L55659,-0.8513017524143659,-0.2063686329605469,0.47165973230692304,-0.6503830605605098,-0.15031445385018438,0,0,0,0,0,0,-0.5424480739053864,1.6489991508223378,-0.3633126130958162,-0.06099813406771284,-0.3380416704365194
8481,L55660,-0.9451105847753966,-0.26996451368796637,-0.3470342376563922,-0.4311160202874771,-0.11897375814377473,0,0,0,0,0,0,-0.7142934497721205,1.759635230066353,-0.2612423102801729,-0.1788033451582115,-0.3380416704365194
8482,M23341,-0.9920150009558852,-0.39715627514287766,0.29700501871474916,-1.0889171411065743,-0.08763306243736507,0,0,0,0,0,0,-1.331769433418684,1.6489991508223378,-0.4761903597389979,-0.029189934839175372,1.3318889527502387
8483,L55662,-0.9451105847753966,-0.333560394415422,-0.1123419662669085,-0.18194892906812216,-0.04062201887775059,0,0,0,0,0,0,-0.19397462115097433,1.6489991508224007,-0.10478160388802794,-0.060532696532301485,-0.3380416704365194
8484,L55663,-0.9920150009558852,-0.39715627514287766,0.42253809410912413,-0.8397500498872194,-0.009281323171340937,0,0,0,0,0,0,-0.8718492862620015,1.6489991508223378,-0.32961881763348966,0.07438477117927836,-0.3380416704365194
8485,L55664,-0.9451105847753966,-0.333560394415422,-0.783671021636827,1.0339864760823294,0.022059372535068716,0,0,0,0,0,0,1.0121542520302305,1.6489991508224007,0.42301722146732507,-0.13430949735814338,-0.3380416704365194
8486,L55665,-0.9451105847753966,-0.333560394415422,-0.494399152249789,0.7947860685117489,0.05340006824147837,0,0,0,0,0,0,0.9326930907822994,1.6489991508224007,0.3636115988597432,-0.047856950887056174,-0.3380416704365194
8487,M23346,-0.8982061685948812,-0.333560394415422,-0.21604320246226177,0.027351427556136138,0.08474076394788803,0,0,0,0,0,0,0.04303261597251007,1.5383630715784486,0.08742136771153247,0.03843714876346547,1.3318889527502387
8488,L55667,-0.9451105847753966,-0.39715627514287766,-0.8109608206356042,1.0140531087847815,0.1317518075075025,0,0,0,0,0,0,0.9604327567037613,1.5383630715784486,0.5391089465036637,-0.043261993090654746,-0.3380416704365194
8489,L55668,-0.9451105847753966,-0.39715627514287766,-0.8491665392338922,0.32635193701936205,0.16309250321391217,0,0,0,0,0,0,-0.006570826044685331,1.5383630715784486,0.2844982845666496,-0.023941383907940983,-0.3380416704365194
8490,L55669,-0.9451105847753966,-0.39715627514287766,-0.4343615944524792,0.6353191301313617,0.19443319892032182,0,0,0,0,0,0,0.7559576471370101,1.5383630715784486,0.44749290307675066,0.09455703202253204,-0.3380416704365194
8491,M23350,-0.8982061685948812,-0.26996451368796637,-0.9637836950287564,1.8711879025793627,0.22577389462673148,0,0,0,0,0,0,1.9684699620890238,1.6489991508224007,1.0188746881810673,0.0053415691178327705,1.3318889527502387
8492,L55671,-0.8982061685948812,-0.333560394415422,0.20967766191866216,-0.13211551082425116,0.27278493818634597,0,0,0,0,0,0,0.1024942784614425,1.5383630715784486,0.18659555812894632,0.3141346165475511,-0.3380416704365194
8493,M23352,-0.9451105847753966,-0.333560394415422,-0.1450897250654411,-0.11218214352670319,0.3041256338927556,0,0,0,0,0,0,-0.11284439485287731,1.6489991508224007,0.22290291843845508,0.26301571106258526,1.3318889527502387
8494,M23353,-0.9920150009558852,-0.333560394415422,0.10597642572330891,-0.3015491328534128,0.3511366774523701,0,0,0,0,0,0,-0.22794155901398908,1.7596352300662899,0.17610598029633498,0.3676698360461419,1.3318889527502387
8495,L55674,-0.9920150009558852,-0.333560394415422,0.007733149327711078,-0.32148250015096075,0.39814772101198453,0,0,0,0,0,0,-0.32287329397251807,1.7596352300662899,0.20573815471236445,0.39012967286131095,-0.3380416704365194
8496,L55675,-0.9920150009558852,-0.39715627514287766,0.695436084096896,-1.278284130433284,0.4294884167183942,0,0,0,0,0,0,-1.4344706173826611,1.6489991508223378,-0.2294557107874121,0.5903668423510455,-0.3380416704365194
8497,M23356,-0.9920150009558852,-0.39715627514287766,1.5032141344607002,-1.7267848946281228,0.46082911242480384,0,0,0,0,0,0,-1.8406293008182268,1.6489991508223378,-0.42964065070404367,0.8256603708909117,1.3318889527502387
8498,M23357,-0.9920150009558852,-0.39715627514287766,-0.17237952406421828,-0.5706495913703157,0.5078401559844183,0,0,0,0,0,0,-0.8093032696452774,1.6489991508223378,0.17197372236227645,0.4509435431796324,1.3318889527502387
8499,L55678,-0.9451105847753966,-0.26996451368796637,-0.33611831805688136,-0.21184898001444516,0.5548511995440328,0,0,0,0,0,0,-0.38975302335107515,1.759635230066353,0.39130125886232586,0.4529934489206994,-0.3380416704365194
8500,L55679,-0.9451105847753966,-0.26996451368796637,0.6244826067000753,-0.969316937321284,0.5861918952504425,0,0,0,0,0,0,-0.9680889435405433,1.759635230066353,0.02610854913438479,0.7367518987010583,-0.3380416704365194
8501,L55680,-0.9920150009558852,-0.333560394415422,0.9301283554863796,-0.9593502536725096,0.6175325909568521,0,0,0,0,0,0,-0.7863170229017719,1.7596352300662899,0.05266801893278076,0.8516060377585233,-0.3380416704365194
8502,L55681,-0.9451105847753966,-0.2063686329605469,0.22059358151817304,-0.5307828567752191,0.6488732866632618,0,0,0,0,0,0,-0.5072317774083288,1.870271309310242,0.30187495895602545,0.6923867889426997,-0.3380416704365194
8503,H37916,-0.8513017524143659,-0.14277275223309127,-1.4277102780079685,1.5921207604136847,0.6802139823696715,0,0,0,0,0,0,1.131916989840343,1.7596352300662899,1.4697852612078197,0.26911591365435955,-2.0079722936232773
8504,L55683,-0.8982061685948812,-0.14277275223309127,-0.3961558758541911,0.0971182130975551,0.7585657216356956,0,0,0,0,0,0,0.013848379130436336,1.870271309310242,0.7367509584608745,0.6262946589142877,-0.3380416704365194
8505,L55684,-0.9451105847753966,-0.2063686329605469,-0.6635959060422074,0.13698494769265174,0.7899064173421052,0,0,0,0,0,0,-0.12636284569778403,1.870271309310242,0.7881039758636236,0.5782159517989237,-0.3380416704365194
8506,L55685,-0.9451105847753966,-0.2063686329605469,-0.057762368269354145,-0.13211551082425116,0.8212471130485148,0,0,0,0,0,0,-0.0821179809469085,1.870271309310242,0.6637477349591672,0.7832956522421934,-0.3380416704365194
8507,L55686,-0.9451105847753966,-0.26996451368796637,0.9246703956866241,-1.2583507631357356,0.8525878087549246,1,0,0,0,0,0,-1.2899940040929072,1.759635230066353,0.04048315579388911,1.1041504638874655,-0.3380416704365194
8508,L55687,-0.9451105847753966,-0.2063686329605469,-0.12325788586641936,-0.012515307038961216,0.8839285044613342,0,0,0,0,0,0,0.05047020409078989,1.870271309310242,0.7882099311952658,0.8242937670635337,-0.3380416704365194
8509,M23368,-0.9451105847753966,-0.2063686329605469,0.7554736418942057,-0.660349744209284,0.9152692001677438,0,0,0,0,0,0,-0.38931379570629476,1.870271309310242,0.4329417041978424,1.120619030299999,1.3318889527502387
8510,M23369,-0.9451105847753966,-0.2063686329605469,1.7979439636474939,-1.7367515782768972,0.9622802437273583,0,0,0,0,0,0,-1.739763112347999,1.870271309310242,-0.18022180001751376,1.492048086484543,1.3318889527502387
8511,L55690,-0.9920150009558852,-0.2063686329605469,-0.30882851905810416,0.43598545715587766,1.0092912872869728,0,0,0,0,0,0,0.5702033958522297,1.9809073885541313,1.1756179421242587,0.8863058914623824,-0.3380416704365194
8512,L55691,-0.9451105847753966,-0.2063686329605469,-0.4561934336515009,0.42601877350710404,1.0406319829933826,0,0,0,0,0,0,0.43923547279305425,1.870271309310242,1.2007293557235403,0.8689064499790261,-0.3380416704365194
8513,H37926,-0.9920150009558852,-0.26996451368796637,0.029564988526732817,-0.37131591839483175,1.071972678699792,0,0,0,0,0,0,-0.38399426089728744,1.870271309310242,0.7318416947614371,1.0537643749476153,-2.0079722936232773
8514,M23373,-1.0389194171364007,-0.333560394415422,-0.34157627785663675,-0.34141586744850944,1.1503244179658163,0,0,0,0,0,0,-0.5809829792741166,1.870271309310242,0.8150519485447086,1.007755379425889,1.3318889527502387
8515,L55694,-1.0389194171364007,-0.39715627514287766,-0.5107730316490553,0.7150525993215556,1.1973354615254308,0,0,0,0,0,0,0.8056782165261466,1.7596352300662899,1.546320329097612,0.9948716723286514,-0.3380416704365194
8516,L55695,-1.0389194171364007,-0.39715627514287766,-0.532604870848077,0.545618977292394,1.2286761572318403,0,0,0,0,0,0,0.5478515890400735,1.7596352300662899,1.4673129701361605,1.016123352137008,-0.3380416704365194
8517,L55696,-0.9920150009558852,-0.26996451368796637,-0.07413624766862045,-0.8995501517798646,1.26001685293825,0,0,0,0,0,0,-1.2410640444643752,1.870271309310242,0.531480162625401,1.2019220551027054,-0.3380416704365194
8518,M23377,-0.9920150009558852,-0.26996451368796637,-0.39069791605443566,1.4824872402771685,1.2913575486446596,0,0,0,0,0,0,2.010870070731821,1.870271309310242,2.165558605660473,1.122460974589074,1.3318889527502387
8519,M23378,-0.9920150009558852,-0.26996451368796637,0.7663895614937165,-1.278284130433284,1.338368592204274,0,0,0,0,0,0,-1.4000839731035226,1.870271309310242,0.32567959013171544,1.5733907229923907,1.3318889527502387
8520,L55699,-0.9920150009558852,-0.26996451368796637,-0.658137946242452,0.4160520898583297,1.3853796357638886,0,0,0,0,0,0,0.2657503137191391,1.870271309310242,1.537208170576354,1.114152419435667,-0.3380416704365194
8521,M23380,-0.9920150009558852,-0.333560394415422,0.013191109127466513,0.9941197414872329,1.4167203314702983,0,0,0,0,0,0,1.668711735447918,1.7596352300662899,1.9760045173519767,1.3846706567725156,1.3318889527502387
8522,L55701,-0.9451105847753966,-0.333560394415422,-0.8982881774316911,1.0439531597311038,1.4637313750299128,0,0,0,0,0,0,0.9224834881947376,1.6489991508224007,2.064547856161256,1.0964459872374648,-0.3380416704365194
8523,H37936,-0.9920150009558852,-0.39715627514287766,0.4934915715059448,-1.0091836719163807,-1.7016788913174623,0,0,0,0,0,0,-1.102512124071991,1.6489991508223378,-1.531152278459849,-1.6560921796275558,-2.0079722936232773
8524,H37937,-0.9920150009558852,-0.4607521558702971,-0.06322032806910959,0.1768516822877491,-1.623327152051438,0,0,0,0,0,0,0.37675778047662983,1.5383630715784486,-1.4575133229682864,-1.5803843081760711,-2.0079722936232773
8525,L55704,-0.9920150009558852,-0.39715627514287766,-0.3961558758541911,0.625352446482588,-1.544975412785414,0,0,0,0,0,0,0.7732632163413566,1.6489991508223378,-1.3679810677303434,-1.5107172217586486,-0.3380416704365194
8526,L55705,-0.9920150009558852,-0.39715627514287766,-0.8873722578321803,1.2333201490578134,-1.5136347170790043,0,0,0,0,0,0,1.1878745917853615,1.6489991508223378,-1.3094937246636635,-1.4923373905730428,-0.3380416704365194
8527,L55706,-0.9920150009558852,-0.4607521558702971,-0.7618391824378052,1.193453414462717,-1.4822940213725946,0,0,0,0,0,0,1.250586538845669,1.5383630715784486,-1.2745284652216267,-1.461856183466742,-0.3380416704365194
8528,L55707,-0.9451105847753966,-0.4607521558702971,-0.05230440846959871,-0.25171571460954184,-1.450953325666185,0,0,0,0,0,0,-0.2576723902584553,1.4277269923345595,-1.3198067102768702,-1.4135100973416734,-0.3380416704365194
8529,L55708,-0.9451105847753966,-0.4607521558702971,-0.15600564466495198,-0.4111826529899291,-1.4196126299597753,0,0,0,0,0,0,-0.5631600975103623,1.4277269923345595,-1.3035602260916814,-1.3865741378455272,-0.3380416704365194
8530,M23389,-0.8982061685948812,-0.39715627514287766,-0.10142604666739763,0.7449526502678779,-1.3882719342533656,0,0,0,0,0,0,1.1950388827024465,1.4277269923344966,-1.1963334304694349,-1.3546471035015657,1.3318889527502387
8531,M23390,-0.8982061685948812,-0.4607521558702971,0.40616421470985786,-0.8098499989408967,-1.341260890693751,0,0,0,0,0,0,-0.8337828903810367,1.3170909130906074,-1.2728331799153458,-1.288247982758308,1.3318889527502387
8532,L55711,-0.8513017524143659,-0.4607521558702971,-0.49985711204954436,0.6552524974289103,-1.2942498471341368,0,0,0,0,0,0,0.730013934251983,1.2064548338466554,-1.1041522919404285,-1.2830093347533589,-0.3380416704365194
8533,L55712,-0.8513017524143659,-0.39715627514287766,-1.2312237252167726,1.552254025818588,-1.262909151427727,0,0,0,0,0,0,1.276998761218462,1.3170909130905446,-0.982303660551512,-1.291466433801046,-0.3380416704365194
8534,M23393,-0.8513017524143659,-0.39715627514287766,-0.4125297552534574,0.11705158039510377,-1.2315684557213173,0,0,0,0,0,0,0.03047070533179125,1.3170909130905446,-1.0956758654090255,-1.2208585693865155,1.3318889527502387
8535,M23394,-0.8513017524143659,-0.333560394415422,-0.745465303038539,0.33631862066813567,-1.1845574121617028,0,0,0,0,0,0,0.08724819888039925,1.4277269923344966,-1.0264870338464496,-1.1972697989748167,1.3318889527502387
8536,L55715,-0.8513017524143659,-0.333560394415422,0.03502294832648825,0.48581887539974866,-1.1375463686020884,0,0,0,0,0,0,0.9181107329755905,1.4277269923344966,-0.9615364155495748,-1.1045784089439603,-0.3380416704365194
8537,M23396,-0.8513017524143659,-0.333560394415422,-0.6253901874439194,0.545618977292394,-1.1062056728956788,0,0,0,0,0,0,0.47251916765307733,1.4277269923344966,-0.9218384846275048,-1.1194724100771236,1.3318889527502387
8538,L55717,-0.8513017524143659,-0.333560394415422,1.0338295916817328,-0.969316937321284,-1.0591946293360643,0,0,0,0,0,0,-0.7470110290010938,1.4277269923344966,-1.0938393063272218,-0.9536776182078289,-0.3380416704365194
8539,L55718,-0.8982061685948812,-0.39715627514287766,0.040480908126243685,-0.2218156636632188,-1.0278539336296546,0,0,0,0,0,0,-0.1502861114168203,1.4277269923344966,-0.9586049847074646,-0.9969137943696579,-0.3380416704365194
8540,L55719,-0.8982061685948812,-0.39715627514287766,-0.1287158456661748,0.027351427556136138,-0.996513237923245,0,0,0,0,0,0,0.10581288733311636,1.4277269923344966,-0.8922416286553563,-0.9800689167582811,-0.3380416704365194
8541,L55720,-0.8513017524143659,-0.333560394415422,0.7991373202922492,-1.0590170901602516,-0.9651725422168353,0,0,0,0,0,0,-1.021957774019273,1.4277269923344966,-1.0447819877767273,-0.8708990573886058,-0.3380416704365194
8542,L55721,-0.8982061685948812,-0.333560394415422,1.0774932700797764,-1.4676511197599937,-0.9338318465104257,0,0,0,0,0,0,-1.5716267699260762,1.5383630715784486,-1.0950401334191704,-0.8127391713147576,-0.3380416704365194
8543,H37956,-0.9451105847753966,-0.39715627514287766,-0.15600564466495198,-0.4610160712338001,-0.9024911508040161,0,0,0,0,0,0,-0.6369503418334634,1.5383630715784486,-0.8953143332729898,-0.8924577279118082,-2.0079722936232773
8544,M23403,-0.8982061685948812,-0.39715627514287766,-0.9583257352290009,0.8745195377019429,-0.824139411537992,0,0,0,0,0,0,0.6418755868660568,1.4277269923344966,-0.5679476769414341,-0.899112494375562,1.3318889527502387
8545,H37958,-0.8982061685948812,-0.39715627514287766,2.56751629541301,-1.88625183300851,-0.7771283679783775,0,0,0,0,0,0,-1.7245365539956132,1.4277269923344966,-1.093556758776175,-0.48111987879731233,-2.0079722936232773
8546,L55725,-0.9451105847753966,-0.4607521558702971,1.4486345364631459,-1.2284507121894128,-0.6987766287123534,0,0,0,0,0,0,-0.9813048153412675,1.4277269923345595,-0.9072872857485964,-0.5114723478619037,-0.3380416704365194
8547,L55726,-0.9451105847753966,-0.4607521558702971,0.9574181544851568,-1.1487172429992196,-0.6674359330059436,0,0,0,0,0,0,-1.089764761759033,1.4277269923345595,-0.8691433663572836,-0.5345263602541935,-0.3380416704365194
8548,M23407,-0.9451105847753966,-0.39715627514287766,0.6845201644973851,-1.5573512725989616,-0.636095237299534,0,0,0,0,0,0,-1.8950740075423351,1.5383630715784486,-0.9475503117727602,-0.5342094666130625,1.3318889527502387
8549,L55728,-0.8982061685948812,-0.39715627514287766,0.20421970211890675,-0.3613492347460581,-0.5890841937399195,0,0,0,0,0,0,-0.25552505510619644,1.4277269923344966,-0.6208900243188215,-0.5465881244697474,-0.3380416704365194
8550,L55729,-0.9920150009558852,-0.4607521558702971,0.09506050612379804,-0.2716490819070898,-0.5577434980335099,0,0,0,0,0,0,-0.1895237810171994,1.5383630715784486,-0.5720446164316121,-0.5297927614897973,-0.3380416704365194
8551,L55730,-0.9920150009558852,-0.5243480365977528,-0.46165139345125633,0.5555856609411683,-0.5264028023271002,0,0,0,0,0,0,0.6196701892688273,1.4277269923344966,-0.3259103810260009,-0.5746926292675647,-0.3380416704365194
8552,M23411,-1.0389194171364007,-0.5879439173251723,-0.4561934336515009,0.9044195886482652,-0.49506210662069056,0,0,0,0,0,0,1.121853796467709,1.4277269923345595,-0.19858739083555335,-0.5450927826006597,1.3318889527502387
8553,L55732,-1.0389194171364007,-0.5879439173251723,-0.40161383565394654,0.45591882445342635,-0.44805106306107606,0,0,0,0,0,0,0.5253338517843338,1.4277269923345595,-0.27381567630175396,-0.49388475077912575,-0.3380416704365194
8554,M23413,-1.0858238333168893,-0.6515397980526278,0.6572303654986078,-0.1719822454193478,-0.41671036735466643,0,0,0,0,0,0,0.34658772158738327,1.4277269923344966,-0.4248373423362487,-0.30729381371060055,1.3318889527502387
8555,L55734,-1.0858238333168893,-0.6515397980526278,0.28063113931548284,-0.6005496423166388,-0.36969932379505194,0,0,0,0,0,0,-0.5788551653505143,1.4277269923344966,-0.5134513180332898,-0.3160281946942774,-0.3380416704365194
8556,L55735,-1.0389194171364007,-0.6515397980526278,0.3024629785145046,-0.2716490819070898,-0.3383586280886423,0,0,0,0,0,0,-0.0515477368701948,1.3170909130906074,-0.38810616070016957,-0.2810510590544286,-0.3380416704365194
8557,L55736,-1.0389194171364007,-0.6515397980526278,-0.281538720059327,0.06721816215123279,-0.30701793238223263,0,0,0,0,0,0,0.05408163139231803,1.3170909130906074,-0.25495562726938253,-0.3437464853669662,-0.3380416704365194
8558,L55737,-0.9920150009558852,-0.6515397980526278,-0.37978199645492483,0.8346528031068455,-0.275677236675823,0,0,0,0,0,0,1.0883065650208181,1.2064548338466554,0.02119928543494741,-0.3304765641446,-0.3380416704365194
8559,M23418,-0.9920150009558852,-0.6515397980526278,-0.19421136326324,0.13698494769265174,-0.24433654096941335,0,0,0,0,0,0,0.22031465402019196,1.2064548338466554,-0.17460616744045948,-0.2700291020988364,1.3318889527502387
8560,L55739,-0.9920150009558852,-0.6515397980526278,-0.11779992606666392,0.007418060258587462,-0.19732549740979885,0,0,0,0,0,0,0.0840076749233533,1.2064548338466554,-0.17492403343538696,-0.21200785699298302,-0.3380416704365194
8561,L55740,-0.9920150009558852,-0.6515397980526278,-0.7236334638395172,0.545618977292394,-0.1659848017033892,0,0,0,0,0,0,0.39275542736096297,1.2064548338466554,0.040235926686722934,-0.2896467990701106,-0.3380416704365194
8562,L55741,-1.0389194171364007,-0.7151356787800836,-1.1384384086209303,0.445952140804652,-0.13464410599697954,0,0,0,0,0,0,-0.07403619228295025,1.2064548338466554,0.036986629849685225,-0.337022398419215,-0.3380416704365194
8563,L55742,-1.0858238333168893,-0.7151356787800836,-1.034737172425577,1.2432868327065878,-0.1033034102905699,0,0,0,0,0,0,1.0632315468110227,1.3170909130905446,0.35654791008357417,-0.2914491316540439,-0.3380416704365194
8564,L55743,-1.1327282494974047,-0.7151356787800836,-0.2215011622620172,-0.32148250015096075,-0.07196271458416025,0,0,0,0,0,0,-0.4733234032312846,1.4277269923344966,-0.18311791241574302,-0.11123567911328276,-0.3380416704365194
8565,M23424,-1.1327282494974047,-0.8423274402349586,0.4007062549101024,-0.919483519077413,-0.04062201887775059,0,0,0,0,0,0,-1.0101767125248309,1.2064548338466554,-0.3818194776893792,0.03814006097490503,1.3318889527502387
8566,L55745,-1.1327282494974047,-0.778731559507503,-0.281538720059327,-0.34141586744850944,0.00638902468186389,0,0,0,0,0,0,-0.5417941127453797,1.3170909130906074,-0.12600798866041613,-0.04883734058930561,-0.3380416704365194
8567,M23426,-1.17963266567792,-0.8423274402349586,1.148446747476597,-1.3281175486771548,0.03772972038827355,0,0,0,0,0,0,-1.3003792977383801,1.3170909130906074,-0.4883399044340086,0.2686504761189482,1.3318889527502387
8568,L55747,-1.1327282494974047,-0.8423274402349586,-0.16146360446470742,0.5854857118874907,0.08474076394788803,0,0,0,0,0,0,0.9081744275892271,1.2064548338466554,0.31289431344684915,0.04972648472876208,-0.3380416704365194
8569,L55748,-1.17963266567792,-0.9059233209623782,0.8209691594912709,-1.0291170392139288,0.11608145965429768,0,0,0,0,0,0,-0.9610027375380862,1.2064548338467183,-0.3184581893671424,0.2864262288011477,-0.3380416704365194
8570,L55749,-1.17963266567792,-0.9059233209623782,1.1811945062751297,-1.2384173958381872,0.14742215536070732,0,0,0,0,0,0,-1.130456762894351,1.2064548338467183,-0.38506877452641686,0.39704191540848377,-0.3380416704365194
8571,H37984,-1.17963266567792,-0.8423274402349586,0.024107028726977384,-0.4012159693411548,0.17876285106711698,0,0,0,0,0,0,-0.4327680506965651,1.3170909130906074,-0.009633716073030657,0.17991035367594563,-2.0079722936232773
8572,L55751,-1.17963266567792,-0.9059233209623782,3.9374642051516244,-2.414486066393543,0.2571145903331411,0,0,0,0,0,0,-2.380215582123739,1.2064548338467183,-0.8380278172982587,1.1439602275545642,-0.3380416704365194
8573,M23432,-1.273441498038924,-0.9695192016898337,0.10051846592355347,-0.47098275488257374,0.2884552860395508,0,0,0,0,0,0,-0.49022878724816477,1.3170909130906074,0.047723436789462406,0.3046179043873318,1.3318889527502387
8574,L55753,-1.3203459142194127,-1.0331150824172894,0.4662017725071676,-0.7500498970482516,0.3354663295991652,0,0,0,0,0,0,-0.7044157080717276,1.3170909130905446,-0.04353942219864221,0.43718837856928416,-0.3380416704365194
8575,L55754,-1.3203459142194127,-1.096710963144709,-0.6363061070434303,1.3927870874382007,0.3668070253055749,0,0,0,0,0,0,1.6450812881587338,1.2064548338466554,0.9816843667745371,0.20534106837671903,-0.3380416704365194
8576,M23435,-1.3203459142194127,-1.096710963144709,0.5862768881017872,-1.0789504574578,0.39814772101198453,0,0,0,0,0,0,-1.1656632987770787,1.2064548338466554,-0.15394487777016477,0.5307908378183925,1.3318889527502387
8577,L55756,-1.3203459142194127,-1.096710963144709,-0.09596808686764219,-0.04241535798528352,0.44515876457159903,0,0,0,0,0,0,0.02529757973771142,1.2064548338466554,0.3801053121520979,0.41016329273656976,-0.3380416704365194
8578,L55757,-1.3203459142194127,-1.096710963144709,-0.21058524266250633,0.32635193701936205,0.4764994602780087,0,0,0,0,0,0,0.486769664572618,1.2064548338466554,0.5896496396971536,0.4114209643748089,-0.3380416704365194
8579,L55758,-1.367250330399928,-1.1603068438721644,-0.281538720059327,0.07718484580000713,0.5078401559844183,0,0,0,0,0,0,0.06861518612738396,1.2064548338466554,0.49566726053022425,0.42301729105495134,-0.3380416704365194
8580,M23439,-1.4141547465804434,-1.223902724599584,0.433454013708635,-0.869650100833542,0.539180851690828,0,0,0,0,0,0,-0.9131366848713556,1.2064548338467183,0.04461541372794763,0.6380197236361397,1.3318889527502387
8581,L55760,-1.367250330399928,-1.223902724599584,0.4934915715059448,-0.929450202726187,0.5861918952504425,0,0,0,0,0,0,-0.9751556283143423,1.0958187546027662,0.04673452036079868,0.7020520449971992,-0.3380416704365194
8582,M23441,-1.367250330399928,-1.2874986053270396,-0.6090163080446531,0.5854857118874907,0.6175325909568521,0,0,0,0,0,0,0.5416047958698638,0.9851826753588141,0.8628731215593731,0.43829750631324316,1.3318889527502387
8583,M23442,-1.367250330399928,-1.223902724599584,-1.1275224890214195,3.1967568278663308,0.6645436345164666,1,0,0,1,0,0,3.5283332591476766,1.0958187546027662,2.308668940265659,0.3386938737352139,1.3318889527502387
8584,L55763,-1.4141547465804434,-1.2874986053270396,-0.6417640668431857,-0.1919156127168965,0.7115546780760811,0,0,0,0,0,0,-0.5685869990769818,1.0958187546027662,0.5356830574472218,0.5140548923961547,-0.3380416704365194
8585,L55764,-1.4141547465804434,-1.3510944860544953,-0.821876740235115,0.7748527012142009,0.7428953737824907,0,0,0,0,0,0,0.6250385271494762,0.9851826753588141,1.0969637676016166,0.49125835608728374,-0.3380416704365194
8586,M23445,-1.4141547465804434,-1.3510944860544953,-1.1056906498223977,0.8545861704043942,0.7742360694889004,0,0,0,0,0,0,0.4874138651182957,0.9851826753588141,1.1753000761293313,0.4374260488001325,1.3318889527502387
8587,H38000,-1.461059162760932,-1.3510944860544953,-0.4343615944524792,-0.24174903096076747,0.8212471130485148,0,0,0,0,0,0,-0.49894501584347317,1.0958187546027032,0.6011987708461899,0.6732840441382636,-2.0079722936232773
8588,M23447,-1.4141547465804434,-1.3510944860544953,0.47165973230692304,-0.5606829077215421,0.8995988523145391,0,0,0,0,0,0,-0.39952339829385597,0.9851826753588141,0.47980927922772415,1.0185099573717769,1.3318889527502387
8589,L55768,-1.461059162760932,-1.4146903667819146,-0.8491665392338922,0.445952140804652,0.9466098958741535,0,0,0,0,0,0,0.15565058409419474,0.9851826753588141,1.1190024765832636,0.6618362613524014,-0.3380416704365194
8590,M23449,-1.461059162760932,-1.4146903667819146,-0.014098689871310664,0.8047527521605232,0.9779505915805632,0,0,0,0,0,0,1.3591343307923898,0.9851826753588141,1.3677855952799385,0.9483576275663723,1.3318889527502387
8591,L55770,-1.4141547465804434,-1.3510944860544953,0.0896025463240426,-0.44108270393625143,1.0249616351401776,0,0,0,0,0,0,-0.45150843020719394,0.9851826753588141,0.6504680000599692,1.0267888037463277,-0.3380416704365194
8592,L55771,-1.4141547465804434,-1.3510944860544953,0.3570425765120589,-0.6503830605605098,1.0563023308465873,0,0,0,0,0,0,-0.6109090228051525,0.9851826753588141,0.5450071266317649,1.1430293524837414,-0.3380416704365194
8593,M23452,-1.367250330399928,-1.2874986053270396,-0.6035583482448976,0.45591882445342635,1.0876430265529968,0,0,0,0,0,0,0.3646253368663631,0.9851826753588141,1.2664216613419124,0.8645986770448997,1.3318889527502387
8594,M23453,-1.4141547465804434,-1.2874986053270396,0.32975277751328175,-0.5307828567752191,1.1346540701126113,0,0,0,0,0,0,-0.43968832625543736,1.0958187546027662,0.680700588021973,1.2135877022668453,1.3318889527502387
8595,L55774,-1.4141547465804434,-1.2874986053270396,-1.0074473734268,1.193453414462717,1.1816651136722258,0,0,0,0,0,0,1.0226273912046604,1.0958187546027662,1.84161783838536,0.8147275402718877,-0.3380416704365194
8596,M23455,-1.367250330399928,-1.1603068438721644,0.4552858529076568,-0.8995501517798646,1.2130058093786356,0,0,0,0,0,0,-0.9485091511976677,1.2064548338466554,0.4987399651478574,1.3352253458297736,1.3318889527502387
8597,L55776,-1.367250330399928,-1.1603068438721644,-1.1657282076197075,1.65192086230633,1.26001685293825,0,0,0,0,0,0,1.4715278047845206,1.2064548338466554,2.240327751356223,0.8275914415165546,-0.3380416704365194
8598,L55777,-1.3203459142194127,-1.096710963144709,-0.7127175442400063,0.7050859156727813,1.2913575486446596,0,0,0,0,0,0,0.6218175244210868,1.2064548338466554,1.6393844287236394,1.0108648982794883,-0.3380416704365194
8599,L55778,-1.3203459142194127,-1.096710963144709,-0.34157627785663675,0.23665178418039373,1.3226982443510693,0,0,0,0,0,0,0.25573592341814627,1.2064548338466554,1.3522101615284856,1.1687571549730753,-0.3380416704365194
8600,L55779,-1.3203459142194127,-1.0331150824172894,-0.4398195542522346,0.03731811120490977,1.354038940057479,0,0,0,0,0,0,-0.10359133246950475,1.3170909130905446,1.2443476339163837,1.1632709338109926,-0.3380416704365194
8601,L55780,-1.367250330399928,-1.096710963144709,-0.5762685492461205,0.03731811120490977,1.3853796357638886,0,0,0,0,0,0,-0.20192952182866383,1.3170909130906074,1.2728142996843452,1.14341556660887,-0.3380416704365194
8602,H38015,-1.4141547465804434,-1.1603068438721644,-0.9910734940275335,0.6951192320240069,1.4167203314702983,0,0,0,0,0,0,0.374590924095713,1.3170909130906074,1.76515340738333,1.0220651079082168,-2.0079722936232773
8603,L55782,-1.4141547465804434,-1.223902724599584,1.0283716318819773,-0.819816682589671,1.4950720707363225,0,0,0,0,0,0,-0.49681720191987094,1.2064548338467183,0.7528208504266591,1.8368283680352155,-0.3380416704365194
8604,H38017,-1.461059162760932,-1.2874986053270396,-0.8546244990336477,0.9143862722970396,1.526412766442732,0,0,0,0,0,0,0.7862253121695418,1.2064548338466554,2.0411670463121365,1.167271716030273,-2.0079722936232773
8605,L55784,-1.4141547465804434,-1.1603068438721644,-1.3294670016123704,1.2133867817602655,1.6047645057087563,0,0,0,0,0,0,0.749066653421122,1.3170909130906074,2.351439575805363,1.0540119481047492,-0.3380416704365194
8606,L55785,-1.367250330399928,-1.0331150824172894,0.5044074911054557,-0.660349744209284,1.6361052014151658,0,0,0,0,0,0,-0.5388268859895307,1.4277269923344966,0.9739496275646318,1.7884327672787204,-0.3380416704365194
8607,M23466,-1.367250330399928,-1.0331150824172894,-0.19421136326324,-0.2716490819070898,1.6674458971215755,0,0,0,0,0,0,-0.38196405311696907,1.4277269923344966,1.2936168631301637,1.5482471931538924,1.3318889527502387
8608,L55787,-1.367250330399928,-1.0331150824172894,-0.5871844688456314,1.004086425136007,1.71445694068119,0,0,0,0,0,0,1.1469385752918322,1.4277269923344966,2.3185581045522956,1.4375225743574174,-0.3380416704365194
8609,L55788,-1.4141547465804434,-1.0331150824172894,-0.9364938960299792,1.0638865270286526,1.7457976363875995,1,0,0,0,1,0,0.9147726028752615,1.5383630715784486,2.400496894355857,1.3264711589935259,-0.3380416704365194
8610,L55789,-1.4141547465804434,-1.096710963144709,-0.35795015725590307,0.05725147850245845,1.7771383320940093,1,1,0,0,0,0,-0.015794606585073666,1.4277269923345595,1.6443290108669577,1.5866210325096155,-0.3380416704365194
8611,L55790,-1.4141547465804434,-1.096710963144709,0.11143438552306434,-0.1620155617705742,-1.7016788913174623,0,0,0,0,0,0,-0.011031426792789267,1.4277269923345595,-1.531152278459849,-1.6560921796275558,-0.3380416704365194
8612,L55791,-1.4141547465804434,-1.096710963144709,-0.3743240366551694,0.5555856609411683,-1.6703381956110526,0,0,0,0,0,0,0.6907274615799616,1.4277269923345595,-1.4990124945282797,-1.6269379646434916,-0.3380416704365194
8613,L55792,-1.367250330399928,-1.0331150824172894,-0.5435207904475878,0.45591882445342635,-1.6389974999046428,0,0,0,0,0,0,0.41240354400413815,1.4277269923344966,-1.4682854483519443,-1.5990117125188106,-0.3380416704365194
8614,M23473,-1.367250330399928,-0.9695192016898337,-0.7618391824378052,1.0539198433798782,-1.6076568041982333,0,0,0,0,0,0,1.0591418494074019,1.5383630715784486,-1.4241373935008874,-1.5728481812729214,1.3318889527502387
8615,L55794,-1.367250330399928,-0.9695192016898337,0.8209691594912709,-0.6802831115068321,-1.5606457606386188,0,0,0,0,0,0,-0.3833207785086241,1.5383630715784486,-1.4259386341388105,-1.505379544490846,-0.3380416704365194
8616,L55795,-1.3203459142194127,-0.9059233209623782,-0.8655404186331586,0.7150525993215556,-1.529305064932209,0,0,0,0,0,0,0.5068570088605736,1.5383630715784486,-1.348167420713189,-1.505547894237697,-0.3380416704365194
8617,L55796,-1.3203459142194127,-0.9059233209623782,-1.0129053332265552,0.6452858137801359,-1.4979643692257996,0,0,0,0,0,0,0.2901518495402704,1.5383630715784486,-1.3181114249705899,-1.4816521331111525,-0.3380416704365194
8618,L55797,-1.3203459142194127,-0.9059233209623782,-0.06322032806910959,0.5356522936436197,-1.4666236735193898,0,0,0,0,0,0,0.9140210355719696,1.5383630715784486,-1.2911634522895048,-1.4289685652731017,-0.3380416704365194
8619,L55798,-1.273441498038924,-0.8423274402349586,1.574167611857521,-1.4975511707063165,-1.43528297781298,0,0,0,0,0,0,-1.401352852966222,1.5383630715784486,-1.3816493055122305,-1.3481804926372334,-0.3380416704365194
8620,H38033,-1.3203459142194127,-0.9059233209623782,-0.3306603582571259,-0.012515307038961216,-1.4039422821065706,0,0,0,0,0,0,-0.09714932701272609,1.5383630715784486,-1.2640742058328964,-1.3776218924835728,-2.0079722936232773
8621,L55800,-1.3203459142194127,-0.9695192016898337,-0.35795015725590307,0.24661846782916805,-1.3255905428405463,0,0,0,0,0,0,0.2577466099698081,1.4277269923344966,-1.1717517935283666,-1.30552858912624,-0.3380416704365194
8622,M23481,-1.3203459142194127,-0.9695192016898337,-0.5981003884451422,1.2632202000041364,-1.2942498471341368,0,0,0,0,0,0,1.5003313776677845,1.4277269923344966,-1.0481372399454076,-1.2876439042549017,1.3318889527502387
8623,L55802,-1.367250330399928,-1.096710963144709,-0.5653526296466096,0.23665178418039373,-1.2472388035745223,0,0,0,0,0,0,0.08645758911979473,1.3170909130906074,-1.097900927373519,-1.2434075325382525,-0.3380416704365194
8624,M23483,-1.367250330399928,-1.096710963144709,-0.3524921974561476,0.5655523445899426,-1.2158981078681126,0,0,0,0,0,0,0.7228984464065417,1.3170909130906074,-1.0318907557602188,-1.2029738845151772,1.3318889527502387
8625,H38038,-1.367250330399928,-1.0331150824172894,-0.27608076025957157,-0.02248199068773485,-1.168887064308498,0,0,0,0,0,0,-0.07284539733487791,1.4277269923344966,-1.0544239229561982,-1.154409934011831,-2.0079722936232773
8626,L55805,-1.4141547465804434,-1.096710963144709,0.49894953130570024,-0.6404163769117354,-1.090535325042474,0,0,0,0,0,0,-0.5102185253928359,1.4277269923345595,-1.0697168091566043,-1.0257907274177325,-0.3380416704365194
8627,L55806,-1.4141547465804434,-1.1603068438721644,-0.7563812226380499,0.9741863741896849,-1.0591946293360643,0,0,0,0,0,0,0.9545959093353478,1.3170909130906074,-0.8114683474998631,-1.0868521708931875,-0.3380416704365194
8628,L55807,-1.4141547465804434,-1.096710963144709,-1.0565690116245987,0.5854857118874907,-1.0278539336296546,0,0,0,0,0,0,0.1750351641505013,1.4277269923345595,-0.8355908446704805,-1.0825047862539199,-0.3380416704365194
8629,L55808,-1.367250330399928,-1.0331150824172894,1.1266149082775754,-0.8895834681310903,-0.996513237923245,0,0,0,0,0,0,-0.5604856891843663,1.4277269923344966,-1.038459986322056,-0.8775736297049304,-0.3380416704365194
8630,H38043,-1.367250330399928,-0.9695192016898337,0.0896025463240426,-0.08228209258038018,-0.9651725422168353,0,0,0,0,0,0,0.09559352413122686,1.5383630715784486,-0.8821052352615537,-0.9314059369920815,-2.0079722936232773
8631,L55810,-1.4141547465804434,-1.0331150824172894,-0.9255779764304684,1.7416210151452978,-0.8868208029508112,0,0,0,0,0,0,1.834612897188625,1.5383630715784486,-0.47696736550437663,-0.950092758892533,-0.3380416704365194
8632,H38045,-1.461059162760932,-1.096710963144709,-0.1887534034634846,-0.29158244920463844,-0.8554801072444016,0,0,0,0,0,0,-0.4077320749440844,1.5383630715784486,-0.8254897697205585,-0.8507466023979229,-2.0079722936232773
8633,L55812,-1.461059162760932,-1.096710963144709,0.26971521971597195,-0.44108270393625143,-0.7771283679783775,0,0,0,0,0,0,-0.3371628333493727,1.5383630715784486,-0.7914074713755428,-0.7270986647990689,-0.3380416704365194
8634,L55813,-1.4141547465804434,-1.096710963144709,-1.1166065694219085,1.3728537201406528,-0.7457876722719677,0,0,0,0,0,0,1.1560354678459497,1.4277269923345595,-0.37422601225499724,-0.8490432990768431,-0.3380416704365194
8635,L55814,-1.461059162760932,-1.096710963144709,-0.7072595844402509,0.32635193701936205,-0.7144469765655581,0,0,0,0,0,0,0.10306039409249303,1.5383630715784486,-0.5699255097987614,-0.7757913533441245,-0.3380416704365194
8636,L55815,-1.4141547465804434,-1.096710963144709,0.8919226368880916,-1.2583507631357356,-0.6831062808591485,0,0,0,0,0,0,-1.305981890362912,1.4277269923345595,-0.9044264917942479,-0.5592440642624219,-0.3380416704365194
8637,L55816,-1.367250330399928,-1.0331150824172894,0.9956238730834448,-1.2583507631357356,-0.6517655851527389,0,0,0,0,0,0,-1.255353583841229,1.4277269923344966,-0.8851426214353063,-0.5128884663207084,-0.3380416704365194
8638,L55817,-1.367250330399928,-0.9695192016898337,-0.44527751405199,-0.02248199068773485,-0.6204248894463292,0,0,0,0,0,0,-0.19296927787514342,1.5383630715784486,-0.5636741452318518,-0.6591546875552969,-0.3380416704365194
8639,L55818,-1.3203459142194127,-0.9695192016898337,0.17147194332037413,-0.4012159693411548,-0.5890841937399195,0,0,0,0,0,0,-0.3381584160108753,1.4277269923344966,-0.6309204623809814,-0.5508067710673056,-0.3380416704365194
8640,L55819,-1.367250330399928,-1.0331150824172894,-0.8546244990336477,1.602087444062459,-0.5577434980335099,0,0,0,0,0,0,1.7183249380794423,1.4277269923344966,-0.08733429261089046,-0.6555797311662863,-0.3380416704365194
8641,L55820,-1.3203459142194127,-0.9059233209623782,-0.8600824588334031,0.7549193339166522,-0.5264028023271002,0,0,0,0,0,0,0.5654499766742735,1.5383630715784486,-0.27293271520473283,-0.6289111506798445,-0.3380416704365194
8642,M23501,-1.3203459142194127,-0.9695192016898337,-0.9856155342277781,0.8645528540531686,-0.49506210662069056,0,0,0,0,0,0,0.6048340554895795,1.4277269923344966,-0.20946547155085363,-0.6190577390259233,1.3318889527502387
8643,M23502,-1.367250330399928,-1.0331150824172894,0.3024629785145046,-0.3314491837997351,-0.44805106306107606,0,0,0,0,0,0,-0.14501537967945594,1.4277269923344966,-0.4970282416286967,-0.3916865515143354,1.3318889527502387
8644,L55823,-1.367250330399928,-0.9695192016898337,-0.5053150718492998,1.4326538220332974,-0.4010400195014616,0,0,0,0,0,0,1.8278780733019928,1.5383630715784486,0.06061466880597065,-0.4659188869493033,-0.3380416704365194
8645,M23504,-1.3203459142194127,-0.9695192016898337,-0.532604870848077,-0.1719822454193478,-0.36969932379505194,0,0,0,0,0,0,-0.4662371972288282,1.4277269923344966,-0.3843624056487998,-0.4414487560982086,1.3318889527502387
8646,M23505,-1.3203459142194127,-0.9059233209623782,-0.2651648406600607,-0.44108270393625143,-0.3226882802354375,0,0,0,0,0,0,-0.6767346058362357,1.5383630715784486,-0.42780409162223976,-0.3558775700665174,1.3318889527502387
8647,L55826,-1.367250330399928,-0.9059233209623782,-0.2378750416612835,0.396118722560781,-0.275677236675823,0,0,0,0,0,0,0.5679682151710146,1.6489991508224007,-0.12021576386395746,-0.30704624055346685,-0.3380416704365194
8648,L55827,-1.367250330399928,-0.9695192016898337,-0.057762368269354145,-0.1420821944730255,-0.24433654096941335,0,0,0,0,0,0,-0.09705172086944085,1.5383630715784486,-0.2665753953061807,-0.24700479848540252,-0.3380416704365194
8649,M23508,-1.4141547465804434,-1.0331150824172894,-0.34157627785663675,0.625352446482588,-0.2129958452630037,0,0,0,0,0,0,0.8183572545388073,1.5383630715784486,0.018974223470454087,-0.2656222999018566,1.3318889527502387
8650,L55829,-1.4141547465804434,-1.0331150824172894,-1.160270247819952,2.180155095691362,-0.1659848017033892,0,0,0,0,0,0,2.1640336307738974,1.5383630715784486,0.6078739567396696,-0.36728574114723817,-0.3380416704365194
8651,H38064,-1.4141547465804434,-1.096710963144709,1.2576059434717057,-1.2483840794869616,-0.13464410599697954,0,0,0,0,0,0,-1.1101644457054987,1.4277269923345595,-0.563426916124686,0.09771606550755801,-2.0079722936232773
8652,M23511,-1.4141547465804434,-1.0331150824172894,0.12780826492233066,-0.4909161221801224,-0.05629236673095542,0,0,0,0,0,0,-0.503581307649488,1.5383630715784486,-0.23319946583878182,-0.029833625047722984,1.3318889527502387
8653,H38066,-1.461059162760932,-1.096710963144709,-0.4343615944524792,0.15691831499020042,-0.009281323171340937,0,0,0,0,0,0,0.07146528551129182,1.5383630715784486,0.05182037627964028,-0.0935292469150807,-2.0079722936232773
8654,M23513,-1.4141547465804434,-1.096710963144709,-1.122064529221664,1.7914544333891687,0.0690704160946832,0,0,0,0,0,0,1.6980716633479034,1.4277269923345595,0.7796275493322207,-0.16218623485139771,1.3318889527502387
8655,M23514,-1.4141547465804434,-1.0331150824172894,-0.5435207904475878,0.6851525483752327,0.11608145965429768,0,0,0,0,0,0,0.7358995846920401,1.5383630715784486,0.38621540294348394,-0.0007586334739415386,1.3318889527502387
8656,L55835,-1.461059162760932,-1.096710963144709,-1.487747835805278,2.0605548919060723,0.16309250321391217,0,0,0,0,0,0,1.6535925438531456,1.5383630715784486,1.0158019835634338,-0.16181982657883986,-0.3380416704365194
8657,M23516,-1.461059162760932,-1.096710963144709,0.8537169182898036,-1.2483840794869616,0.19443319892032182,0,0,0,0,0,0,-1.3080706618292017,1.5383630715784486,-0.3602045900343019,0.3773449950269268,1.3318889527502387
8658,L55837,-1.4141547465804434,-1.0331150824172894,-0.6526799864426965,0.6054190791850393,0.2414442424799363,0,0,0,0,0,0,0.5335815708918761,1.5383630715784486,0.48341176050357065,0.08884304355588629,-0.3380416704365194
8659,L55838,-1.4141547465804434,-0.9695192016898337,-0.24333300146103892,-0.3513825510972838,0.27278493818634597,0,0,0,0,0,0,-0.5314576221715483,1.6489991508224007,0.08869283169124272,0.21056981345538273,-0.3380416704365194
8660,L55839,-1.367250330399928,-0.9695192016898337,-0.9037461372314466,1.5622207094673624,0.3041256338927556,0,0,0,0,0,0,1.615448063057553,1.5383630715784486,0.982390735652154,0.08682284659367533,-0.3380416704365194
8661,L55840,-1.4141547465804434,-0.9695192016898337,-1.3403829212118814,1.2133867817602655,0.3354663295991652,0,0,0,0,0,0,0.7388960932908748,1.6489991508224007,0.8609659255898076,0.01106546051076386,-0.3380416704365194
8662,L55841,-1.4141547465804434,-0.9695192016898337,0.55898708910301,-0.610516325965413,0.3668070253055749,0,0,0,0,0,0,-0.4261405935675464,1.6489991508224007,0.04461541372794763,0.49161486143355626,-0.3380416704365194
8663,L55842,-1.367250330399928,-0.9059233209623782,-0.1450897250654411,-0.3015491328534128,0.39814772101198453,0,0,0,0,0,0,-0.39361822662514223,1.6489991508224007,0.21520349767243074,0.35297389343868557,-0.3380416704365194
8664,L55843,-1.367250330399928,-0.9059233209623782,0.7118099634961622,-1.0490504065114776,0.4294884167183942,0,0,0,0,0,0,-1.0514055474482145,1.6489991508224007,-0.11897961832812803,0.5944072362754675,-0.3380416704365194
8665,H38078,-1.367250330399928,-0.9059233209623782,-1.0129053332265552,1.8911212698769106,0.46082911242480384,0,0,0,0,0,0,1.943355901421915,1.6489991508224007,1.3396014770630238,0.19565600646964879,-2.0079722936232773
8666,L55845,-1.3203459142194127,-0.8423274402349586,-0.9583257352290009,1.0638865270286526,0.539180851690828,0,0,0,0,0,0,0.8950171194744727,1.6489991508223378,1.02441968387036,0.27690951664092833,-0.3380416704365194
8667,L55846,-1.367250330399928,-0.8423274402349586,-0.7290914236392727,0.2565851514779424,0.5705215473972377,0,0,0,0,0,0,-0.009938237988002158,1.7596352300662899,0.6453468256972467,0.36425332647769687,-0.3380416704365194
8668,M23527,-1.367250330399928,-0.778731559507503,-0.46710935325101177,0.6153857628338136,0.6018622431036473,0,0,0,0,0,0,0.7004392728367719,1.870271309310242,0.8622727080133988,0.4619952089140807,1.3318889527502387
8669,L55848,-1.367250330399928,-0.778731559507503,-0.21058524266250633,0.595452395536265,0.6488732866632618,0,0,0,0,0,0,0.8826016180486814,1.870271309310242,0.9005225827363544,0.575037112461327,-0.3380416704365194
8670,M23529,-1.367250330399928,-0.778731559507503,-0.37978199645492483,1.2333201490578134,0.6802139823696715,0,0,0,0,0,0,1.662621112106964,1.870271309310242,1.2765227362918339,0.5581229143659527,1.3318889527502387
8671,L55850,-1.367250330399928,-0.7151356787800836,0.22059358151817304,-0.9493835700237356,0.727225025929286,0,0,0,0,0,0,-1.1553560900462339,1.9809073885541313,0.1330527972055846,0.7706694212283749,-0.3380416704365194
8672,L55851,-1.367250330399928,-0.778731559507503,-0.057762368269354145,-0.21184898001444516,0.7585657216356956,0,0,0,0,0,0,-0.201587900327168,1.870271309310242,0.5648560920927999,0.7226897433758642,-0.3380416704365194
8673,L55852,-1.367250330399928,-0.778731559507503,-1.247597604616039,1.0339864760823294,0.7899064173421052,0,0,0,0,0,0,0.5948391864172432,1.870271309310242,1.2935109077985207,0.4097374669062998,-0.3380416704365194
8674,L55853,-1.4141547465804434,-0.9059233209623782,-0.2542489210605498,0.26655183512671676,0.8212471130485148,0,0,0,0,0,0,0.3655428346132378,1.759635230066353,0.8911985135518113,0.725898291492317,-0.3380416704365194
8675,M23534,-1.4141547465804434,-0.9059233209623782,-0.06867828786886501,-1.0789504574578,0.8525878087549246,0,0,0,0,0,0,-1.5065039511266407,1.759635230066353,0.14410747014028927,0.8103702527063346,1.3318889527502387
8676,H38089,-1.461059162760932,-0.9059233209623782,0.8045952800920046,-1.0490504065114776,0.8995988523145391,0,0,0,0,0,0,-1.0026219970346086,1.870271309310242,0.19252905670092807,1.1187869889372097,-2.0079722936232773
8677,M23536,-1.461059162760932,-0.9695192016898337,-0.1123419662669085,0.24661846782916805,0.9779505915805632,0,0,0,0,0,0,0.44397913135668204,1.7596352300662899,1.0295761766769633,0.9178764204600715,1.3318889527502387
8678,M23537,-1.461059162760932,-0.9695192016898337,0.6736042448978742,-1.0988838247553485,1.0249616351401776,0,0,0,0,0,0,-1.1527012029488943,1.7596352300662899,0.24487099053234085,1.211161485326935,1.3318889527502387
8679,L55858,-1.461059162760932,-0.9695192016898337,-0.1450897250654411,0.45591882445342635,1.071972678699792,0,0,0,0,0,0,0.7294771004639181,1.7596352300662899,1.2507049538149362,0.9976742004674048,-0.3380416704365194
8680,L55859,-1.461059162760932,-0.9695192016898337,-0.46165139345125633,1.4226871383845239,1.1033133744062018,0,0,0,0,0,0,1.856066727482564,1.7596352300662899,1.895372509972007,0.9248480805649564,-0.3380416704365194
8681,L55860,-1.5079635789414474,-0.9695192016898337,-0.2542489210605498,-0.032448674336509185,1.1346540701126113,0,0,0,0,0,0,-0.07192789958800394,1.870271309310242,1.0003325051436236,1.0217977288985123,-0.3380416704365194
8682,L55861,-1.5079635789414474,-1.0331150824172894,0.3515846167123035,-0.9892503046188322,1.165994765819021,0,0,0,0,0,0,-1.146805791894509,1.7596352300662899,0.4078302905985616,1.2525458142734038,-0.3380416704365194
8683,M23542,-1.5079635789414474,-0.9695192016898337,-1.0238212528260662,0.6552524974289103,1.1973354615254308,0,0,0,0,0,0,0.2943001106298627,1.870271309310242,1.5071168563898736,0.8226597842264514,1.3318889527502387
8684,L55863,-1.5079635789414474,-0.9695192016898337,-0.5107730316490553,0.7947860685117489,1.2443465050850453,0,0,0,0,0,0,0.9186670879923134,1.870271309310242,1.6493442298980374,1.0378602753333466,-0.3380416704365194
8685,L55864,-1.5079635789414474,-0.9695192016898337,0.2587993001164611,0.04728479485368411,1.2756872007914548,0,0,0,0,0,0,0.4154000526029728,1.870271309310242,1.1798914738338413,1.3318187391876137,-0.3380416704365194
8686,H38099,-1.5079635789414474,-0.9695192016898337,-0.09051012706788675,0.14695163134142608,1.3070278964978645,0,0,0,0,0,0,0.31178137089212105,1.870271309310242,1.276240188740787,1.2415832748755238,-2.0079722936232773
8687,M23546,-1.5079635789414474,-0.9695192016898337,0.3843323755108361,-0.829783366238445,1.3853796357638886,0,0,0,0,0,0,-0.8776470911731017,1.870271309310242,0.667491490010537,1.4867698267744525,1.3318889527502387
8688,M23547,-1.5079635789414474,-0.9695192016898337,0.34612665691254807,-0.5008828058288968,1.432390679323503,0,0,0,0,0,0,-0.3825887324339909,1.870271309310242,0.9340751044231574,1.5207665727120518,1.3318889527502387
8689,L55868,-1.554867995121936,-0.9695192016898337,-0.3142864788578596,0.6951192320240069,1.4794017228831176,0,0,0,0,0,0,0.9422292109811973,1.9809073885541313,1.8314108081037952,1.3251738756501454,-0.3380416704365194
8690,L55869,-1.554867995121936,-1.0331150824172894,0.013191109127466513,-0.032448674336509185,1.5107424185895273,0,0,0,0,0,0,0.1174670608412888,1.870271309310179,1.3359989957871776,1.4763519483222665,-0.3380416704365194
8691,L55870,-1.554867995121936,-0.9695192016898337,-1.1875600468187293,0.445952140804652,1.5420831142959368,1,1,0,0,0,0,-0.11303960713944636,1.9809073885541313,1.7148952617408866,1.0559331158041065,-0.3380416704365194
8692,L55871,-1.554867995121936,-0.9695192016898337,0.07868662672453174,-0.37131591839483175,-1.7016788913174623,0,0,0,0,0,0,-0.3521941794151889,1.9809073885541313,-1.531152278459849,-1.6560921796275558,-0.3380416704365194
8693,L55872,-1.554867995121936,-1.0331150824172894,0.23150950111768392,-0.7998833152921226,-1.6703381956110526,0,0,0,0,0,0,-0.9176558493054294,1.870271309310179,-1.5086191112638696,-1.6247395150081443,-0.3380416704365194
8694,M23553,-1.5079635789414474,-0.9695192016898337,0.23696746091743934,0.007418060258587462,-1.6389974999046428,0,0,0,0,0,0,0.3377836474631187,1.870271309310242,-1.4746427682504963,-1.5933472386835914,1.3318889527502387
8695,L55874,-1.5079635789414474,-0.9695192016898337,1.2303161444729285,-1.4078510178673485,-1.5919864563450283,0,0,0,0,0,0,-1.399332405800232,1.870271309310242,-1.4673671688110421,-1.533672204888085,-0.3380416704365194
8696,M23555,-1.5079635789414474,-0.9059233209623782,-0.23241708186152807,0.445952140804652,-1.5606457606386188,0,0,0,0,0,0,0.645360126181314,1.9809073885541941,-1.3900197767119908,-1.5225809274484954,1.3318889527502387
8697,L55876,-1.5079635789414474,-0.9059233209623782,-0.6963436648407401,0.9841530578384585,-1.5136347170790043,0,0,0,0,0,0,1.0217489359150997,1.9809073885541941,-1.320089257827917,-1.4881781615331968,-0.3380416704365194
8698,L55877,-1.461059162760932,-0.9059233209623782,-0.19421136326324,-0.6404163769117354,-1.4822940213725946,0,0,0,0,0,0,-0.9254838619968481,1.870271309310242,-1.3655087766586842,-1.4474375227952754,-0.3380416704365194
8699,H38112,-1.461059162760932,-0.8423274402349586,-0.5598946698468542,0.625352446482588,-1.450953325666185,0,0,0,0,0,0,0.6379811017490048,1.9809073885541313,-1.2700783412926402,-1.4282456516542712,-2.0079722936232773
8700,M23559,-1.461059162760932,-0.8423274402349586,0.6244826067000753,-0.5806162750190901,-1.3726015864001608,0,0,0,0,0,0,-0.3380900917105757,1.9809073885541313,-1.2782369018291153,-1.3119159765802895,1.3318889527502387
8701,M23560,-1.461059162760932,-0.8423274402349586,-0.48894119245003353,0.38615203891200667,-1.3255905428405463,0,0,0,0,0,0,0.35669971803165923,1.9809073885541313,-1.1598847963844026,-1.3112326746666003,1.3318889527502387
8702,M23561,-1.461059162760932,-0.8423274402349586,-0.407071795453702,-0.15204887812179985,-1.2785794992809318,0,0,0,0,0,0,-0.3518623185280221,1.9809073885541313,-1.1649706523032441,-1.264114551400915,1.3318889527502387
8703,L55882,-1.5079635789414474,-0.9059233209623782,1.273979822870972,-1.686918160033026,-1.2315684557213173,0,0,0,0,0,0,-1.8640157327491995,1.9809073885541941,-1.287455015682016,-1.1290584427213404,-0.3380416704365194
8704,M23563,-1.5079635789414474,-0.9059233209623782,-1.4004204790091912,1.1336533125700714,-1.2002277600149078,0,0,0,0,0,0,0.5826969821926489,1.9809073885541941,-0.9513647037118915,-1.2492007444151811,1.3318889527502387
8705,L55884,-1.554867995121936,-0.9695192016898337,-0.6308481472436748,0.007418060258587462,-1.1532167164552933,0,0,0,0,0,0,-0.28299142382646125,1.9809073885541313,-1.0366940641280138,-1.1621837311458292,-0.3380416704365194
8706,L55885,-1.5079635789414474,-0.9059233209623782,-0.5653526296466096,1.2432868327065878,-1.1218760207488836,0,0,0,0,0,0,1.5030838709084078,1.9809073885541941,-0.846398288498019,-1.129563491961893,-0.3380416704365194
8707,L55886,-1.5079635789414474,-0.9059233209623782,-1.122064529221664,1.303086934599233,-1.090535325042474,0,0,0,0,0,0,1.059581077052182,1.9809073885541941,-0.8011200434427753,-1.1404963225809173,-0.3380416704365194
8708,L55887,-1.5079635789414474,-0.9695192016898337,-0.37978199645492483,0.1768516822877491,-1.0591946293360643,0,0,0,0,0,0,0.14068756232867746,1.870271309310242,-0.9273128434290359,-1.0588367924319384,-0.3380416704365194
8709,M23568,-1.5079635789414474,-0.9695192016898337,-0.9637836950287564,1.402753771086975,-1.0278539336296546,0,0,0,0,0,0,1.3427364987205896,1.870271309310242,-0.7110580115466196,-1.0752657471393305,1.3318889527502387
8710,L55889,-1.554867995121936,-0.9695192016898337,0.20421970211890675,-0.4311160202874771,-0.9808428900700402,0,0,0,0,0,0,-0.3633408009782821,1.9809073885541313,-0.9527774414671252,-0.9372585664267221,-0.3380416704365194
8711,L55890,-1.554867995121936,-0.9695192016898337,0.935586315286135,-0.779949947994574,-0.9495021943636306,0,0,0,0,0,0,-0.48257646561465783,1.9809073885541313,-0.9869656951437835,-0.8423093092028064,-0.3380416704365194
8712,L55891,-1.554867995121936,-0.9695192016898337,1.050203471080999,-1.1188171920528969,-0.9181614986572209,0,0,0,0,0,0,-0.9918950818876391,1.9809073885541313,-1.024332608769718,-0.7980036170021599,-0.3380416704365194
8713,L55892,-1.5079635789414474,-0.9059233209623782,0.6081087273008089,-0.779949947994574,-0.8868208029508112,0,0,0,0,0,0,-0.6705658975806533,1.9809073885541941,-0.9416168132007782,-0.8053912000110295,-0.3380416704365194
8714,L55893,-1.5079635789414474,-0.9059233209623782,2.054468074235999,-1.5772846398965097,-0.8554801072444016,0,0,0,0,0,0,-1.3371670531423179,1.9809073885541941,-1.0715180497945274,-0.6309610564209115,-0.3380416704365194
8715,M23574,-1.5079635789414474,-0.9059233209623782,-0.5271469110483216,0.11705158039510377,-0.824139411537992,0,0,0,0,0,0,-0.05377315693708226,1.9809073885541941,-0.7182629740983121,-0.8553019484891828,1.3318889527502387
8716,L55895,-1.554867995121936,-0.9059233209623782,-0.5380628306478324,-0.28161576555586415,-0.7771283679783775,0,0,0,0,0,0,-0.624788616380211,2.091543467798083,-0.7580668603520248,-0.8135710171227268,-0.3380416704365194
8717,M23576,-1.554867995121936,-0.9059233209623782,0.9628761142849123,-0.8596834171847676,-0.7457876722719677,0,0,0,0,0,0,-0.6009824780331159,2.091543467798083,-0.8568172294428683,-0.6188893892790723,1.3318889527502387
8718,L55897,-1.554867995121936,-0.8423274402349586,-0.3634081170556585,0.23665178418039373,-0.6987766287123534,0,0,0,0,0,0,0.2392209639744049,2.2021795470419723,-0.5750113657176034,-0.7218897255729759,-0.3380416704365194
8719,L55898,-1.5079635789414474,-0.8423274402349586,-0.17237952406421828,-0.0623487252828322,-0.6674359330059436,0,0,0,0,0,0,-0.05813615154190096,2.091543467798083,-0.6150624810784819,-0.6698201391646167,-0.3380416704365194
8720,L55899,-1.5079635789414474,-0.778731559507503,-0.48894119245003353,0.3163852533705877,-0.636095237299534,0,0,0,0,0,0,0.2575611582975673,2.2021795470420353,-0.49603932520003297,-0.6789902489048488,-0.3380416704365194
8721,L55900,-1.461059162760932,-0.778731559507503,0.0732286669247763,-0.3812826020436061,-0.6047545415931244,0,0,0,0,0,0,-0.3708955164685045,2.091543467798083,-0.6386552015908866,-0.5788518583074108,-0.3380416704365194
8722,L55901,-1.5079635789414474,-0.8423274402349586,0.7008940438966513,-0.919483519077413,-0.5734138458867147,0,0,0,0,0,0,-0.8453687395889102,2.091543467798083,-0.750473394917643,-0.4660773337698689,-0.3380416704365194
8723,L55902,-1.5079635789414474,-0.9059233209623782,-0.9528677754292455,1.0439531597311038,-0.542073150180305,0,0,0,0,0,0,0.8732899919793369,1.9809073885541941,-0.21391559547984026,-0.6550647789994483,-0.3380416704365194
8724,L55903,-1.5079635789414474,-0.9059233209623782,0.20421970211890675,-0.5507162240727678,-0.5107324544738954,0,0,0,0,0,0,-0.5481677939018594,1.9809073885541941,-0.6077868816390277,-0.46845403607835234,-0.3380416704365194
8725,M23584,-1.5079635789414474,-0.9059233209623782,-0.15054768486519654,-0.09224877622915452,-0.47939175876748574,0,0,0,0,0,0,-0.08709589425441928,1.9809073885541941,-0.456765215604533,-0.48740823698850827,1.3318889527502387
8726,M23585,-1.554867995121936,-0.9695192016898337,-0.13963176526568566,0.21671841688284574,-0.43238071520787125,0,0,0,0,0,0,0.378924636857546,1.9809073885541313,-0.3267580236791412,-0.4408545805210877,1.3318889527502387
8727,L55906,-1.5079635789414474,-0.9059233209623782,0.11689234532281978,-0.6902497951556064,-0.38536967164825675,0,0,0,0,0,0,-0.8153353293002614,1.9809073885541941,-0.5521250140828154,-0.356749027579628,-0.3380416704365194
8728,L55907,-1.5079635789414474,-0.8423274402349586,-0.21604320246226177,-0.1420821944730255,-0.3540289759418471,0,0,0,0,0,0,-0.20602897984661317,2.091543467798083,-0.36175860156505896,-0.37776303715713627,-0.3380416704365194
8729,M23588,-1.5079635789414474,-0.8423274402349586,-0.7782130618370716,-0.18194892906812216,-0.3226882802354375,0,0,0,0,0,0,-0.6476674963661039,2.091543467798083,-0.3469954920228655,-0.4377945762989152,1.3318889527502387
8730,L55909,-1.461059162760932,-0.8423274402349586,-1.0292792126258217,1.3828204037894265,-0.275677236675823,0,0,0,0,0,0,1.2530950167280808,1.9809073885541313,0.19796809705857846,-0.43771535288863245,-0.3380416704365194
8731,H38144,-1.461059162760932,-0.8423274402349586,0.15509806392110784,-0.6005496423166388,-0.24433654096941335,0,0,0,0,0,0,-0.6549586752694583,1.9809073885541313,-0.4176676982284372,-0.21108688484844568,-2.0079722936232773
8732,H38145,-1.5079635789414474,-0.9059233209623782,-0.2979125994585933,0.6652191810776846,-0.1659848017033892,0,0,0,0,0,0,0.9124495766650895,1.9809073885541941,0.08177041669059722,-0.2139488305449112,-2.0079722936232773
8733,L55912,-1.5079635789414474,-0.9059233209623782,1.7651962048489611,-1.6271180581403808,-0.08763306243736507,0,0,0,0,0,0,-1.5528083055008195,1.9809073885541941,-0.6726315446042598,0.245190443748959,-0.3380416704365194
8734,M23593,-1.461059162760932,-0.8423274402349586,-0.5107730316490553,0.45591882445342635,-0.05629236673095542,0,0,0,0,0,0,0.4384643842611064,1.9809073885541313,0.1191020118726507,-0.151491074463222,1.3318889527502387
8735,L55914,-1.5079635789414474,-0.9059233209623782,-0.8109608206356042,0.15691831499020042,-0.009281323171340937,0,0,0,0,0,0,-0.20802990578394595,1.9809073885541941,0.05182037627964028,-0.16732585359349328,-0.3380416704365194
8736,L55915,-1.461059162760932,-0.9059233209623782,-0.996531453827289,0.7648860175654266,0.022059372535068716,0,0,0,0,0,0,0.4627975957819388,1.870271309310242,0.3181214431412143,-0.17679305112228588,-0.3380416704365194
8737,L55916,-1.461059162760932,-0.8423274402349586,-0.2706228004598161,0.027351427556136138,0.05340006824147837,0,0,0,0,0,0,0.003794946372130956,1.9809073885541313,0.05902533883133292,-0.002382713384738595,-0.3380416704365194
8738,L55917,-1.461059162760932,-0.8423274402349586,0.08414458652428716,-0.32148250015096075,0.08474076394788803,0,0,0,0,0,0,-0.2727232575529288,1.9809073885541313,-0.053499223373040534,0.10052849657259683,-0.3380416704365194
8739,L55918,-1.461059162760932,-0.8423274402349586,-0.05230440846959871,-0.32148250015096075,0.11608145965429768,0,0,0,0,0,0,-0.3622768940164806,1.9809073885541313,-0.027575485564499843,0.10262791694509057,-0.3380416704365194
8740,H38153,-1.4141547465804434,-0.8423274402349586,-0.6090163080446531,-0.23178234731199313,0.14742215536070732,0,0,0,0,0,0,-0.6021244699095445,1.870271309310242,0.035856439645498235,0.01375905646037849,-2.0079722936232773
8741,M23600,-1.4141547465804434,-0.778731559507503,0.17692990312012957,-0.6005496423166388,0.22577389462673148,0,0,0,0,0,0,-0.6417232822400768,1.9809073885541941,-0.05847912396023986,0.25991609513527136,1.3318889527502387
8742,L55921,-1.4141547465804434,-0.778731559507503,-0.014098689871310664,0.12701826404387812,0.27278493818634597,0,0,0,0,0,0,0.3383302418655126,1.9809073885541941,0.3022987802825959,0.26297609935744387,-0.3380416704365194
8743,L55922,-1.4141547465804434,-0.778731559507503,-0.40161383565394654,-0.09224877622915452,0.3041256338927556,0,0,0,0,0,0,-0.2622013153068574,1.9809073885541941,0.23194444007195164,0.20343970652993223,-0.3380416704365194
8744,H38157,-1.4141547465804434,-0.8423274402349586,-1.1875600468187293,1.1137199452725235,0.3354663295991652,0,0,0,0,0,0,0.7521510075489136,1.870271309310242,0.8150519485447086,0.04711211218943023,-2.0079722936232773
8745,M23604,-1.4141547465804434,-0.8423274402349586,1.4049708580651024,-1.686918160033026,0.4138180688651894,0,0,0,0,0,0,-1.8101371416561418,1.870271309310242,-0.4345145959596004,0.747645117614941,1.3318889527502387
8746,L55925,-1.4141547465804434,-0.9059233209623782,-0.7072595844402509,0.6353191301313617,0.46082911242480384,0,0,0,0,0,0,0.5299994254333337,1.759635230066353,0.7254843748628846,0.2721858208028174,-0.3380416704365194
8747,L55926,-1.461059162760932,-0.9695192016898337,-0.06867828786886501,0.45591882445342635,0.4921698081312135,0,0,0,0,0,0,0.7902857277301772,1.7596352300662899,0.6691867753168173,0.4623418113340679,-0.3380416704365194
8748,L55927,-1.461059162760932,-0.9695192016898337,-0.19966932306299545,0.20675173323407142,0.5235105038376232,0,0,0,0,0,0,0.31904326795248983,1.7596352300662899,0.5752397145937685,0.4588559812816254,-0.3380416704365194
8749,L55928,-1.461059162760932,-0.9695192016898337,-0.8546244990336477,-0.032448674336509185,0.5548511995440328,0,0,0,0,0,0,-0.49710025973539546,1.7596352300662899,0.4828466654014773,0.3175214173371401,-0.3380416704365194
8750,L55929,-1.5079635789414474,-1.0331150824172894,0.7445577222946949,-1.3480509159747036,0.5861918952504425,0,0,0,0,0,0,-1.52524433063727,1.7596352300662899,-0.16983817751654537,0.7685600979295958,-0.3380416704365194
8751,L55930,-1.461059162760932,-0.9695192016898337,1.2194002248734177,-0.9095168354286386,0.6175325909568521,0,0,0,0,0,0,-0.5434826990242015,1.7596352300662899,0.07880366740460633,0.9292845915407922,-0.3380416704365194
8752,M23611,-1.4141547465804434,-0.9695192016898337,-0.3743240366551694,0.20675173323407142,0.6488732866632618,0,0,0,0,0,0,0.18786061137808804,1.6489991508224007,0.693909686033409,0.5304739441772615,1.3318889527502387
8753,M23612,-1.4141547465804434,-0.9695192016898337,-0.4125297552534574,1.5921207604136847,0.6958843302228762,0,0,0,0,0,0,2.1467671040268654,1.6489991508224007,1.4895282713372122,0.5635992326017502,1.3318889527502387
8754,M23613,-1.4141547465804434,-0.9059233209623782,0.6353985262995862,-0.6802831115068321,0.7428953737824907,0,0,0,0,0,0,-0.49316673216102885,1.759635230066353,0.2925508897714824,0.9037350417245946,1.3318889527502387
8755,L55934,-1.4141547465804434,-0.9059233209623782,0.5153234107049666,-0.9394168863749613,0.7899064173421052,0,0,0,0,0,0,-0.9791672408033368,1.759635230066353,0.181615657541747,0.9183220521429121,-0.3380416704365194
8756,M23615,-1.4141547465804434,-0.8423274402349586,0.22605154131792848,-0.7998833152921226,0.8212471130485148,0,0,0,0,0,0,-0.920769485276206,1.870271309310242,0.282767680816488,0.8662029511031261,1.3318889527502387
8757,L55936,-1.367250330399928,-0.8423274402349586,1.2030263454741514,-1.367984283272252,0.8682581566081293,0,0,0,0,0,0,-1.3431698309543167,1.7596352300662899,-0.013589381787685272,1.2039125432860602,-0.3380416704365194
8758,L55937,-1.367250330399928,-0.778731559507503,0.25334134031670563,-0.5008828058288968,0.8995988523145391,0,0,0,0,0,0,-0.44049845724469994,1.870271309310242,0.5149864493330463,0.9527545268370667,-0.3380416704365194
8759,M23618,-1.367250330399928,-0.8423274402349586,-0.5162309914488107,1.303086934599233,0.9309395480209487,0,0,0,0,0,0,1.6337980179950435,1.7596352300662899,1.6136019646906223,0.7496058970194398,1.3318889527502387
8760,M23619,-1.367250330399928,-0.8423274402349586,-1.0292792126258217,1.303086934599233,0.9779505915805632,0,0,0,0,0,0,1.1475242121515392,1.7596352300662899,1.6697582904611665,0.6333851541345968,1.3318889527502387
8761,M23620,-1.4141547465804434,-0.8423274402349586,-0.8109608206356042,0.6452858137801359,1.0249616351401776,0,0,0,0,0,0,0.45772207633114276,1.870271309310242,1.3203176067040823,0.7424757900939893,1.3318889527502387
8762,L55941,-1.367250330399928,-0.778731559507503,-0.6745118256417183,0.9841530578384585,1.071972678699792,0,0,0,0,0,0,1.0411920796573768,1.870271309310242,1.5820272758611467,0.8276508590742667,-0.3380416704365194
8763,H38176,-1.367250330399928,-0.778731559507503,1.5468778128587437,-1.587251323545284,1.1033133744062018,0,0,0,0,0,0,-1.5737350626210218,1.870271309310242,-0.0138719293387321,1.5771736408333934,-2.0079722936232773
8764,L55943,-1.367250330399928,-0.778731559507503,0.34066869711279263,-0.32148250015096075,1.1816651136722258,0,0,0,0,0,0,-0.10436242100145122,1.870271309310242,0.8538315999258769,1.2647957340883793,-0.3380416704365194
8765,L55944,-1.4141547465804434,-0.778731559507503,0.433454013708635,-0.6503830605605098,1.2130058093786356,0,0,0,0,0,0,-0.565268390205308,1.9809073885541941,0.6629707291937883,1.3278575686734746,-0.3380416704365194
8766,L55945,-1.4141547465804434,-0.778731559507503,-1.0238212528260662,0.9442863232433619,1.2443465050850453,0,0,0,0,0,0,0.6772773350353538,1.9809073885541941,1.7489422416420213,0.8628557620186785,-0.3380416704365194
8767,L55946,-1.367250330399928,-0.778731559507503,-0.9856155342277781,1.0738532106774268,1.2756872007914548,0,0,0,0,0,0,0.8835972007101833,1.870271309310242,1.871073420581985,0.9028239725063426,-0.3380416704365194
8768,L55947,-1.367250330399928,-0.9059233209623782,-0.8764563382326694,1.3529203528431042,1.3070278964978645,0,0,0,0,0,0,1.359719967652097,1.6489991508224007,2.096758276980587,0.9677871689382249,-0.3380416704365194
8769,M23628,-1.367250330399928,-0.8423274402349586,-0.9692416548285118,1.3628870364918784,1.338368592204274,0,0,0,0,0,0,1.2842508976645024,1.7596352300662899,2.1414007900459753,0.9624593945967077,1.3318889527502387
8770,M23629,-1.4141547465804434,-0.9059233209623782,-0.4834832326502781,0.12701826404387812,1.3853796357638886,0,0,0,0,0,0,-0.00750784502021734,1.759635230066353,1.3354339006850844,1.1765804667385,1.3318889527502387
8771,L55950,-1.4141547465804434,-0.9059233209623782,0.7609316016939611,-0.710183162453155,1.432390679323503,0,0,0,0,0,0,-0.46805267149392166,1.759635230066353,0.7857376401236066,1.67129105224934,-0.3380416704365194
8772,L55951,-1.367250330399928,-0.9059233209623782,-0.025014609470821535,-0.09224877622915452,1.4637313750299128,0,0,0,0,0,0,0.00045681627179976984,1.6489991508224007,1.2512347304731488,1.4165085647799092,-0.3380416704365194
8773,L55952,-1.367250330399928,-0.9059233209623782,0.43891197350839045,-1.0988838247553485,-1.7016788913174623,0,0,0,0,0,0,-1.2739963572085742,1.6489991508224007,-1.531152278459849,-1.6560921796275558,-0.3380416704365194
8774,L55953,-1.367250330399928,-0.9059233209623782,0.24242542071719478,-0.23178234731199313,-1.6703381956110526,0,0,0,0,0,0,-0.029605875859833975,1.6489991508224007,-1.5045928086614533,-1.624699903303003,-0.3380416704365194
8775,M23634,-1.3203459142194127,-0.8423274402349586,-0.7236334638395172,1.1535866798676202,-1.6389974999046428,0,0,0,0,0,0,1.2310750708030929,1.6489991508223378,-1.4583962840653075,-1.6003188987884764,1.3318889527502387
8776,H38189,-1.367250330399928,-0.9059233209623782,-0.025014609470821535,-0.12214882717547682,-1.5919864563450283,0,0,0,0,0,0,-0.04452009455370899,1.6489991508224007,-1.4354746139866388,-1.5496159162074952,-2.0079722936232773
8777,L55956,-1.367250330399928,-0.9059233209623782,-1.0292792126258217,1.2632202000041364,-1.5136347170790043,0,0,0,0,0,0,1.0947388098632678,1.6489991508224007,-1.308222260683953,-1.4954271035740714,-0.3380416704365194
8778,H38191,-1.367250330399928,-0.9059233209623782,-0.3252023984573705,-0.11218214352670319,-1.4822940213725946,0,0,0,0,0,0,-0.23781930071438345,1.6489991508224007,-1.339302491299097,-1.4507649060271524,-2.0079722936232773
8779,L55958,-1.367250330399928,-0.8423274402349586,-0.4725673130507672,0.5057522426972973,-1.4039422821065706,0,0,0,0,0,0,0.5398283640620858,1.7596352300662899,-1.229179583278621,-1.3825139380685345,-0.3380416704365194
8780,M23639,-1.367250330399928,-0.9059233209623782,-1.045653092025088,1.1535866798676202,-1.3726015864001608,0,0,0,0,0,0,0.9344988044330632,1.6489991508224007,-1.1491833078885063,-1.375552180889935,1.3318889527502387
8781,M23640,-1.367250330399928,-0.9059233209623782,-1.1657282076197075,1.2133867817602655,-1.3255905428405463,0,0,0,0,0,0,0.9016250553748348,1.6489991508224007,-1.0895304561737584,-1.3407037832917958,1.3318889527502387
8782,L55961,-1.3203459142194127,-0.8423274402349586,0.06231274732526543,0.23665178418039373,-1.2785794992809318,0,0,0,0,0,0,0.5612626731273667,1.6489991508223378,-1.127780330896714,-1.2411199565663373,-0.3380416704365194
8783,L55962,-1.367250330399928,-0.8423274402349586,-0.46165139345125633,0.47585219175097504,-1.2472388035745223,0,0,0,0,0,0,0.5059785535710128,1.7596352300662899,-1.0733192904324504,-1.237951020155026,-0.3380416704365194
8784,M23643,-1.3203459142194127,-0.9059233209623782,-1.5641592730018543,0.5854857118874907,-1.2158981078681126,0,0,0,0,0,0,-0.24070844255560525,1.5383630715784486,-1.0297010122396064,-1.2711258232109415,1.3318889527502387
8785,L55964,-1.367250330399928,-0.9059233209623782,-0.5653526296466096,0.33631862066813567,-1.168887064308498,0,0,0,0,0,0,0.22671761701965737,1.6489991508224007,-1.0111941476460435,-1.172255007178028,-0.3380416704365194
8786,L55965,-1.367250330399928,-0.9059233209623782,0.8373430388905372,-1.278284130433284,-1.1375463686020884,0,0,0,0,0,0,-1.3656973288243848,1.6489991508224007,-1.1865855399583216,-1.0521721230418992,-0.3380416704365194
8787,L55966,-1.367250330399928,-0.9695192016898337,-1.2803453634145716,1.0738532106774268,-1.1062056728956788,0,0,0,0,0,0,0.6163711016258101,1.5383630715784486,-0.8507071386514821,-1.16462975393831,-0.3380416704365194
8788,M23647,-1.367250330399928,-0.9695192016898337,0.8646328378893143,-0.9792836209700579,-1.074864977189269,0,0,0,0,0,0,-0.854973184088107,1.5383630715784486,-1.1059182141344708,-0.9830893092753122,1.3318889527502387
8789,L55968,-1.4141547465804434,-0.9695192016898337,-0.9364938960299792,1.3230203018967819,-1.0278539336296546,0,0,0,0,0,0,1.2621919092821998,1.6489991508224007,-0.7232075562416305,-1.0731366179879807,-0.3380416704365194
8790,L55969,-1.4141547465804434,-0.9695192016898337,-0.37978199645492483,0.396118722560781,-0.996513237923245,0,0,0,0,0,0,0.4565605632260575,1.6489991508224007,-0.8334364195937488,-1.0005679741689513,-0.3380416704365194
8791,L55970,-1.4141547465804434,-0.9695192016898337,-0.7127175442400063,0.396118722560781,-0.9651725422168353,0,0,0,0,0,0,0.19518107212442745,1.6489991508224007,-0.8024268258663666,-0.9998252546975502,-0.3380416704365194
8792,M23651,-1.4141547465804434,-0.9695192016898337,-0.7018016246404954,0.5555856609411683,-0.9338318465104257,0,0,0,0,0,0,0.42426269041320797,1.6489991508224007,-0.7437275721364015,-0.970928515796905,1.3318889527502387
8793,L55972,-1.4141547465804434,-0.9695192016898337,-0.6690538658419629,1.123686628921298,-0.8868208029508112,0,0,0,0,0,0,1.239820581241387,1.6489991508224007,-0.5908340285762219,-0.9258900070511428,-0.3380416704365194
8794,L55973,-1.4141547465804434,-0.9695192016898337,1.3176435012690155,-1.3978843342185745,-0.8554801072444016,0,0,0,0,0,0,-1.3416471751190784,1.6489991508224007,-1.0371885223423458,-0.7031533890410977,-0.3380416704365194
8795,M23654,-1.4141547465804434,-0.9695192016898337,-0.2378750416612835,-0.3513825510972838,-0.824139411537992,0,0,0,0,0,0,-0.5279047585559922,1.6489991508224007,-0.8112211183926972,-0.8259100632742703,1.3318889527502387
8796,L55975,-1.461059162760932,-1.0331150824172894,-0.44527751405199,-0.052382041634057866,-0.7771283679783775,0,0,0,0,0,0,-0.2356914867907805,1.6489991508223378,-0.7101397320057177,-0.8036383820585229,-0.3380416704365194
8797,L55976,-1.5079635789414474,-1.096710963144709,1.3940549384655916,-1.6071846908428324,-0.7457876722719677,0,0,0,0,0,0,-1.674386517576024,1.6489991508224007,-1.0183991101977359,-0.5711671875099809,-0.3380416704365194
8798,L55977,-1.5079635789414474,-1.096710963144709,0.15509806392110784,-0.869650100833542,-0.7144469765655581,0,0,0,0,0,0,-1.0684475800656925,1.6489991508224007,-0.8369329455379525,-0.6772176250997716,-0.3380416704365194
8799,L55978,-1.461059162760932,-1.0331150824172894,-0.39069791605443566,0.675185864726459,-0.6831062808591485,0,0,0,0,0,0,0.8494643324035851,1.6489991508223378,-0.4590609144567879,-0.7105112632711111,-0.3380416704365194
8800,L55979,-1.461059162760932,-1.0331150824172894,-0.3743240366551694,0.13698494769265174,-0.6517655851527389,0,0,0,0,0,0,0.0872872413377132,1.6489991508223378,-0.5538556178329769,-0.6794259776614041,-0.3380416704365194
8801,L55980,-1.4141547465804434,-0.9695192016898337,-0.35795015725590307,0.7250192829703299,-0.6204248894463292,0,0,0,0,0,0,0.9487981044242461,1.6489991508224007,-0.38090119814847706,-0.6482218569362729,-0.3380416704365194
8802,L55981,-1.4141547465804434,-0.9059233209623782,-0.2869966798590824,-0.3513825510972838,-0.5890841937399195,0,0,0,0,0,0,-0.5598805310960024,1.759635230066353,-0.6183824148032814,-0.6098678234331204,-0.3380416704365194
8803,L55982,-1.4141547465804434,-0.9059233209623782,-0.09051012706788675,0.3163852533705877,-0.5577434980335099,0,0,0,0,0,0,0.5646593669136698,1.759635230066353,-0.4199280786368112,-0.5543718245300308,-0.3380416704365194
8804,L55983,-1.4141547465804434,-0.9695192016898337,-0.2979125994585933,0.8645528540531686,-0.5264028023271002,0,0,0,0,0,0,1.2025350345066983,1.6489991508224007,-0.24379499900303542,-0.5524110451255319,-0.3380416704365194
8805,M23664,-1.367250330399928,-0.9059233209623782,-1.5587013132020988,2.0705215755548467,-0.49506210662069056,0,0,0,0,0,0,1.5889479951558043,1.6489991508224007,0.11959647008698272,-0.6991228980429611,1.3318889527502387
8806,M23665,-1.4141547465804434,-0.9059233209623782,-0.39069791605443566,0.26655183512671676,-0.44805106306107606,0,0,0,0,0,0,0.2615922920152185,1.759635230066353,-0.32749971100063896,-0.4923002825734701,1.3318889527502387
8807,L55986,-1.4141547465804434,-0.9695192016898337,0.8264271192910263,-0.5606829077215421,-0.4010400195014616,0,0,0,0,0,0,-0.18191050184100716,1.6489991508224007,-0.5256714996160624,-0.2653648238184375,-0.3380416704365194
8808,M23667,-1.4141547465804434,-0.9059233209623782,0.34612665691254807,-0.710183162453155,-0.36969932379505194,0,0,0,0,0,0,-0.7113652654735855,1.759635230066353,-0.5464740630618804,-0.30592720988322253,1.3318889527502387
8809,L55988,-1.4141547465804434,-0.9059233209623782,-0.5162309914488107,0.8147194358092976,-0.3226882802354375,0,0,0,0,0,0,0.9422194503668697,1.759635230066353,-0.03619318587142631,-0.3959646156696057,-0.3380416704365194
8810,L55989,-1.461059162760932,-0.9695192016898337,-0.2051272828627509,0.33631862066813567,-0.2913475845290278,0,0,0,0,0,0,0.5056564532981729,1.7596352300662899,-0.15479252042330527,-0.3165233410085448,-0.3380416704365194
8811,M23670,-1.461059162760932,-0.9695192016898337,0.4607438127074122,-0.710183162453155,-0.2600068888226182,0,0,0,0,0,0,-0.644134153979205,1.7596352300662899,-0.46538291591145925,-0.17560469996804412,1.3318889527502387
8812,L55991,-1.5079635789414474,-0.9695192016898337,0.182387862919885,-0.4111826529899291,-0.2129958452630037,0,0,0,0,0,0,-0.3465135018760305,1.870271309310242,-0.32997200207229826,-0.1753076121794837,-0.3380416704365194
8813,M23672,-1.5079635789414474,-1.0331150824172894,-0.8873722578321803,0.19678504958529708,-0.18165514955659404,0,0,0,0,0,0,-0.2109385688538251,1.7596352300662899,-0.0957047638106509,-0.3324076347702428,1.3318889527502387
8814,L55993,-1.554867995121936,-1.0331150824172894,0.8318850790907818,-1.0390837228627032,-0.13464410599697954,0,0,0,0,0,0,-0.971749173913713,1.870271309310179,-0.4892581839749107,0.020473240481844367,-0.3380416704365194
8815,L55994,-1.5079635789414474,-1.0331150824172894,-0.42890363465272374,1.123686628921298,-0.1033034102905699,0,0,0,0,0,0,1.4597077008327655,1.7596352300662899,0.3133181347734196,-0.17932820025133495,-0.3380416704365194
8816,H38229,-1.461059162760932,-0.9695192016898337,-0.5762685492461205,1.502420607574717,-0.07196271458416025,0,0,0,0,0,0,1.8570232676867526,1.7596352300662899,0.48906271152450587,-0.1781794608022346,-2.0079722936232773
8817,M23676,-1.5079635789414474,-0.9695192016898337,-0.6308481472436748,0.5854857118874907,0.00638902468186389,0,0,0,0,0,0,0.5237233504201384,1.870271309310242,0.23201507695971327,-0.11792015435589259,1.3318889527502387
8818,H38231,-1.461059162760932,-0.9059233209623782,-0.8982881774316911,1.3529203528431042,0.05340006824147837,0,0,0,0,0,0,1.3388322529892085,1.870271309310242,0.5851288788804053,-0.1299324039400196,-2.0079722936232773
8819,M23678,-1.4141547465804434,-0.8423274402349586,-0.3252023984573705,0.8047527521605232,0.1317518075075025,0,0,0,0,0,0,1.092083922765929,1.870271309310242,0.45233152988842673,0.05985717831867298,1.3318889527502387
8820,H38233,-1.4141547465804434,-0.8423274402349586,-1.045653092025088,0.8944529049994909,0.17876285106711698,0,0,0,0,0,0,0.5921550174769188,1.870271309310242,0.541334008468157,-0.053006472555437084,-2.0079722936232773
8821,L56000,-1.461059162760932,-0.8423274402349586,0.056854787525509994,0.007418060258587462,0.2571145903331411,0,0,0,0,0,0,0.20894353832754547,1.9809073885541313,0.23476991558241928,0.2638376539442691,-0.3380416704365194
8822,H38235,-1.4141547465804434,-0.8423274402349586,0.44982789310790133,-0.610516325965413,0.2884552860395508,0,0,0,0,0,0,-0.49212234642788544,1.870271309310242,-0.015072756430681036,0.38510888923463954,-2.0079722936232773
8823,L56002,-1.4141547465804434,-0.778731559507503,-0.42890363465272374,0.9741863741896849,0.3668070253055749,0,0,0,0,0,0,1.2456574286098017,1.9809073885541941,0.7858789138991306,0.2550141466240241,-0.3380416704365194
8824,M23683,-1.461059162760932,-0.778731559507503,-0.5107730316490553,1.7416210151452978,0.39814772101198453,0,0,0,0,0,0,2.2604099366530384,2.091543467798083,1.1854011510792528,0.2640654212488321,1.3318889527502387
8825,M23684,-1.461059162760932,-0.7151356787800836,1.4104288178648579,-1.5374179053014132,0.44515876457159903,0,0,0,0,0,0,-1.5445020227073065,2.2021795470419723,-0.3456887095992743,0.7846127414381447,1.3318889527502387
8826,M23685,-1.461059162760932,-0.778731559507503,0.040480908126243685,0.13698494769265174,0.4921698081312135,0,0,0,0,0,0,0.3936534038791803,2.091543467798083,0.5109601467306301,0.490070004933042,1.3318889527502387
8827,M23686,-1.5079635789414474,-0.778731559507503,-0.3033705592583487,0.7947860685117489,0.539180851690828,0,0,0,0,0,0,1.0963297899988058,2.2021795470420353,0.8880551720464159,0.44684373169749836,1.3318889527502387
8828,L56007,-1.5079635789414474,-0.8423274402349586,-0.4234456748529683,0.9941197414872329,0.5861918952504425,0,0,0,0,0,0,1.2790680114560935,2.091543467798083,1.0419376320352591,0.4591530690701858,-0.3380416704365194
8829,L56008,-1.461059162760932,-0.8423274402349586,0.25334134031670563,-0.4111826529899291,0.6175325909568521,0,0,0,0,0,0,-0.3010876027914124,1.9809073885541313,0.3401601521228617,0.6698675345698185,-0.3380416704365194
8830,M23689,-1.461059162760932,-0.778731559507503,-0.39069791605443566,0.4160520898583297,0.6488732866632618,0,0,0,0,0,0,0.47666742874266965,2.091543467798083,0.8051627842580719,0.5260176273488548,1.3318889527502387
8831,H38244,-1.461059162760932,-0.8423274402349586,-0.6035583482448976,0.28648520242426473,0.6958843302228762,0,0,0,0,0,0,0.12734480254168176,1.9809073885541313,0.7816407006334287,0.5105690623437121,-2.0079722936232773
8832,H38245,-1.4141547465804434,-0.8423274402349586,1.011997752482711,-1.3081841813796065,0.7742360694889004,0,0,0,0,0,0,-1.3315937423607715,1.870271309310242,-0.035628090769332654,1.0445150417971005,-2.0079722936232773
8833,L56012,-1.4141547465804434,-0.778731559507503,0.6026507675010535,-0.5806162750190901,0.8525878087549246,0,0,0,0,0,0,-0.35140356965458436,1.9809073885541941,0.431952787769179,1.0089140218012747,-0.3380416704365194
8834,L56013,-1.4141547465804434,-0.778731559507503,-0.06322032806910959,0.13698494769265174,0.8839285044613342,0,0,0,0,0,0,0.3170618632438137,1.9809073885541941,0.875623079800358,0.8422675782714402,-0.3380416704365194
8835,L56014,-1.4141547465804434,-0.778731559507503,-0.36886607685541395,0.625352446482588,0.9152692001677438,0,0,0,0,0,0,0.795810235440082,1.9809073885541941,1.1938069407228944,0.7799385602314605,-0.3380416704365194
8836,H38249,-1.4141547465804434,-0.778731559507503,-1.1821020870189738,1.3529203528431042,0.9466098958741535,0,0,0,0,0,0,1.0672919623716597,1.9809073885541941,1.6621648250267846,0.5597469942767498,-2.0079722936232773
8837,L56016,-1.4141547465804434,-0.7151356787800836,0.9137544760871134,-1.1088505084041227,1.0249616351401776,0,0,0,0,0,0,-1.0452563604212888,2.091543467798083,0.23872558129707389,1.2869782889675585,-0.3380416704365194
8838,M23697,-1.367250330399928,-0.5879439173251723,-0.003182770271799793,-0.1420821944730255,1.0563023308465873,0,0,0,0,0,0,-0.05947335570489867,2.2021795470420353,0.8620254789062329,1.02799696075314,1.3318889527502387
8839,L56018,-1.367250330399928,-0.6515397980526278,-1.2039339262179956,1.4725205566283948,1.1033133744062018,0,0,0,0,0,0,1.201012378671459,2.091543467798083,1.9269825172453636,0.683771243074447,-0.3380416704365194
8840,M23699,-1.4141547465804434,-0.7151356787800836,-0.8982881774316911,-0.09224877622915452,1.1346540701126113,0,0,0,0,0,0,-0.6086055178236371,2.091543467798083,0.9619766750890253,0.8102910292960518,1.3318889527502387
8841,M23700,-1.461059162760932,-0.8423274402349586,0.007733149327711078,-0.29158244920463844,1.1816651136722258,0,0,0,0,0,0,-0.2777206920890969,1.9809073885541313,0.8733273809481035,1.1536452894616342,1.3318889527502387
8842,L56021,-1.461059162760932,-0.8423274402349586,-0.1887534034634846,-0.0623487252828322,1.2286761572318403,0,0,0,0,0,0,-0.06964391583514662,1.9809073885541313,1.0644354807873575,1.1327897267046916,-0.3380416704365194
8843,L56022,-1.461059162760932,-0.8423274402349586,-0.2651648406600607,0.3662186716144587,1.26001685293825,0,0,0,0,0,0,0.502855156985908,1.9809073885541313,1.3792287710973323,1.136414197725129,-0.3380416704365194
8844,H38257,-1.461059162760932,-0.778731559507503,0.12780826492233066,-0.1919156127168965,1.2913575486446596,0,0,0,0,0,0,-0.0456132833584961,2.091543467798083,1.0322603784119075,1.3021495720367116,-2.0079722936232773
8845,H38258,-1.4141547465804434,-0.7151356787800836,0.5699030087025209,-0.9095168354286386,1.3697092879106838,0,0,0,0,0,0,-0.9012287353906435,2.091543467798083,0.6009515417390241,1.5368093132943155,-2.0079722936232773
8846,M23705,-1.4141547465804434,-0.7151356787800836,-1.0511110518248434,1.9110546371744592,1.448061027176708,0,0,0,0,0,0,1.9294275047752136,2.091543467798083,2.6643609885896526,1.0270858915348882,1.3318889527502387
8847,M23706,-1.4141547465804434,-0.778731559507503,-1.1766441272192183,2.2399551975840075,1.4950720707363225,1,1,0,0,1,0,2.2235343357201445,1.9809073885541941,2.9647443537962426,1.0206687953019826,1.3318889527502387
8848,L56027,-1.367250330399928,-0.7151356787800836,-0.532604870848077,0.35625198796568436,-1.7016788913174623,0,0,0,0,0,0,0.2802448259968911,1.9809073885541313,-1.531152278459849,-1.6560921796275558,-0.3380416704365194
8849,M23708,-1.367250330399928,-0.7151356787800836,-0.5708105894463651,0.48581887539974866,-1.6703381956110526,0,0,0,0,0,0,0.4327349036503043,1.9809073885541313,-1.4995069527426115,-1.6276509753360366,1.3318889527502387
8850,L56029,-1.367250330399928,-0.7151356787800836,0.3024629785145046,-0.919483519077413,-1.623327152051438,0,0,0,0,0,0,-1.0641138673038595,1.9809073885541313,-1.4769384671027512,-1.5770668278704796,-0.3380416704365194
8851,L56030,-1.3203459142194127,-0.6515397980526278,-0.2706228004598161,0.32635193701936205,-1.5919864563450283,0,0,0,0,0,0,0.44038722528381197,1.9809073885541313,-1.4243493041641726,-1.5527353379873796,-0.3380416704365194
8852,M23711,-1.273441498038924,-0.7151356787800836,0.17692990312012957,-0.4809494385313481,-1.5606457606386188,0,0,0,0,0,0,-0.4574819261762066,1.7596352300662899,-1.4195813142402585,-1.5158964522058855,1.3318889527502387
8853,L56032,-1.273441498038924,-0.7151356787800836,0.18784582271964043,-0.0025486233901868775,-1.5136347170790043,0,0,0,0,0,0,0.28727246831337694,1.7596352300662899,-1.3620475691583613,-1.4689268728344804,-0.3380416704365194
8854,L56033,-1.273441498038924,-0.7151356787800836,-0.45073547385174545,0.11705158039510377,-1.4822940213725946,0,0,0,0,0,0,0.002389417908833652,1.7596352300662899,-1.3279299523694648,-1.4539536482910345,-0.3380416704365194
8855,M23714,-1.273441498038924,-0.6515397980526278,-0.5871844688456314,0.18681836593652273,-1.450953325666185,0,0,0,0,0,0,7.828012690386033e-06,1.870271309310242,-1.294942525784755,-1.4290378857570991,1.3318889527502387
8856,L56035,-1.273441498038924,-0.7151356787800836,0.6626883252983633,-1.178617293945542,-1.4039422821065706,0,0,0,0,0,0,-1.2881199661418439,1.7596352300662899,-1.3425871065800155,-1.3433775733888398,-0.3380416704365194
8857,M23716,-1.273441498038924,-0.7151356787800836,-1.1657282076197075,2.3695220850180725,-1.3726015864001608,0,0,0,0,0,0,2.4040959401821884,1.7596352300662899,-1.0586974546657806,-1.3801273328337658,1.3318889527502387
8858,L56037,-1.273441498038924,-0.7151356787800836,1.0993251092787981,-1.3580175996234776,-1.3255905428405463,0,0,0,0,0,0,-1.374755178921189,1.7596352300662899,-1.308222260683953,-1.2420706374897306,-0.3380416704365194
8859,L56038,-1.2265370818584087,-0.7151356787800836,-0.1887534034634846,-0.6404163769117354,-1.2942498471341368,0,0,0,0,0,0,-0.9222140561968164,1.6489991508223378,-1.223528632257686,-1.2683331979984733,-0.3380416704365194
8860,L56039,-1.17963266567792,-0.5879439173251723,-0.4561934336515009,0.445952140804652,-1.262909151427727,0,0,0,0,0,0,0.46767790294616435,1.759635230066353,-1.0920733841331796,-1.2520923988905026,-0.3380416704365194
8861,M23720,-1.17963266567792,-0.5879439173251723,-0.2869966798590824,-0.26168239825831613,-1.2315684557213173,0,0,0,0,0,0,-0.4291663840093667,1.759635230066353,-1.1359388914331894,-1.2140255502496253,1.3318889527502387
8862,L56041,-1.17963266567792,-0.5879439173251723,0.42799605390887957,-0.5208161731264447,-1.1845574121617028,0,0,0,0,0,0,-0.36309678562007075,1.759635230066353,-1.1267207775802885,-1.1270085369802734,-0.3380416704365194
8863,M23722,-1.1327282494974047,-0.5243480365977528,0.09506050612379804,0.1768516822877491,-1.1532167164552933,0,0,0,0,0,0,0.4947928895506064,1.7596352300662899,-1.0156795900189108,-1.1160856092875346,1.3318889527502387
8864,L56043,-1.1327282494974047,-0.5243480365977528,1.0392875514814883,-1.1188171920528969,-1.1062056728956788,0,0,0,0,0,0,-0.997497674512171,1.7596352300662899,-1.1459693294953495,-1.0046974944299414,-0.3380416704365194
8865,M23724,-1.1327282494974047,-0.5879439173251723,0.182387862919885,-0.5108494894776711,-1.074864977189269,0,0,0,0,0,0,-0.5001455714058731,1.6489991508224007,-1.0395195396384815,-1.0326039407020517,1.3318889527502387
8866,L56045,-1.17963266567792,-0.6515397980526278,-1.3676727202106587,0.9841530578384585,-1.0278539336296546,0,0,0,0,0,0,0.42387226584006915,1.6489991508224007,-0.7748431211954263,-1.1067768585793076,-0.3380416704365194
8867,H38280,-1.17963266567792,-0.7151356787800836,-0.6799697854414738,-0.032448674336509185,-0.996513237923245,0,0,0,0,0,0,-0.3734137549652455,1.5383630715784486,-0.9017776085031846,-1.0250777167251874,-2.0079722936232773
8868,L56047,-1.17963266567792,-0.7151356787800836,0.13872418452184151,0.19678504958529708,-0.9181614986572209,0,0,0,0,0,0,0.5579245430270361,1.5383630715784486,-0.7912308791561385,-0.8806930514848149,-0.3380416704365194
8869,L56048,-1.17963266567792,-0.6515397980526278,-0.46165139345125633,0.6552524974289103,-0.8868208029508112,0,0,0,0,0,0,0.7617847338910959,1.6489991508224007,-0.677152305421008,-0.9063218247112953,-0.3380416704365194
8870,L56049,-1.17963266567792,-0.6515397980526278,-0.06867828786886501,-0.24174903096076747,-0.8554801072444016,0,0,0,0,0,0,-0.25370958084110373,1.6489991508224007,-0.8159537898727304,-0.8389819259709296,-0.3380416704365194
8871,M23730,-1.17963266567792,-0.5879439173251723,-1.1056906498223977,0.9642196905409106,-0.824139411537992,0,0,0,0,0,0,0.6310705868044602,1.759635230066353,-0.5501471812254881,-0.914085718919008,1.3318889527502387
8872,M23731,-1.17963266567792,-0.5879439173251723,0.09506050612379804,-0.07231540893160583,-0.7771283679783775,0,0,0,0,0,0,0.11461696145738096,1.759635230066353,-0.7143073083836573,-0.7457953896258057,1.3318889527502387
8873,M23732,-1.17963266567792,-0.5879439173251723,0.4007062549101024,-0.18194892906812216,-0.730117324418763,0,0,0,0,0,0,0.15559202040822417,1.759635230066353,-0.6968599971065197,-0.6651261521053617,1.3318889527502387
8874,H38287,-1.1327282494974047,-0.5879439173251723,0.0896025463240426,-0.3513825510972838,-0.6831062808591485,0,0,0,0,0,0,-0.31473294162258925,1.6489991508224007,-0.6955178962390476,-0.6538665249189212,-2.0079722936232773
8875,L56054,-1.0858238333168893,-0.4607521558702971,-0.532604870848077,0.5356522936436197,-0.6047545415931244,0,0,0,0,0,0,0.5337670225641161,1.7596352300662899,-0.41120442299824245,-0.655797595544564,-0.3380416704365194
8876,H38289,-1.0858238333168893,-0.4607521558702971,-1.1384384086209303,1.103753261623749,-0.5734138458867147,0,0,0,0,0,0,0.7840389345599676,1.7596352300662899,-0.23425901915520717,-0.7063619371575504,-2.0079722936232773
8877,M23736,-1.0858238333168893,-0.4607521558702971,1.1539047072763524,-1.4676511197599937,-0.49506210662069056,0,0,0,0,0,0,-1.5371913225752956,1.7596352300662899,-0.8458331933959257,-0.3201478120289821,1.3318889527502387
8878,M23737,-1.0858238333168893,-0.5243480365977528,-0.4398195542522346,0.5854857118874907,-0.44805106306107606,0,0,0,0,0,0,0.680185998105233,1.6489991508223378,-0.2370844946656748,-0.4994303894989206,1.3318889527502387
8879,L56058,-1.0858238333168893,-0.5243480365977528,1.4268026972641241,-1.2982174977308325,-0.4010400195014616,0,0,0,0,0,0,-1.11520092269898,1.6489991508223378,-0.7425973819322146,-0.17495110683321116,-0.3380416704365194
8880,L56059,-1.1327282494974047,-0.5243480365977528,-0.07413624766862045,-0.04241535798528352,-0.36969932379505194,0,0,0,0,0,0,0.040719350376666394,1.7596352300662899,-0.34533552516046584,-0.3707418624208246,-0.3380416704365194
8881,L56060,-1.1327282494974047,-0.5243480365977528,-0.45073547385174545,-0.012515307038961216,-0.3383586280886423,0,0,0,0,0,0,-0.18261326607265616,1.7596352300662899,-0.3082158406416974,-0.3999455920363156,-0.3380416704365194
8882,H38295,-1.1327282494974047,-0.5243480365977528,-0.1123419662669085,-0.20188229636567082,-0.30701793238223263,0,0,0,0,0,0,-0.22364688870946997,1.7596352300662899,-0.339825847915054,-0.31642431174569136,-2.0079722936232773
8883,L56062,-1.1327282494974047,-0.5243480365977528,-0.8873722578321803,0.9741863741896849,-0.2286661931162085,0,0,0,0,0,0,0.8381713016255659,1.7596352300662899,0.11885478276548485,-0.3733463320338711,-0.3380416704365194
8884,M23743,-1.17963266567792,-0.5243480365977528,-0.06322032806910959,-0.18194892906812216,-0.19732549740979885,0,0,0,0,0,0,-0.1605054746187105,1.870271309310242,-0.23934487507404878,-0.20250104775904904,1.3318889527502387
8885,L56064,-1.1327282494974047,-0.5243480365977528,-0.07413624766862045,-0.7500498970482516,-0.15031445385018438,0,0,0,0,0,0,-1.0174971732711704,1.7596352300662899,-0.3982778725378531,-0.15903710429265708,-0.3380416704365194
8886,M23745,-1.1327282494974047,-0.5243480365977528,-0.5598946698468542,0.2964518860730391,-0.11897375814377473,0,0,0,0,0,0,0.1748009094066183,1.7596352300662899,-0.0008394235467002889,-0.2178109717961969,1.3318889527502387
8887,L56066,-1.17963266567792,-0.6515397980526278,0.23150950111768392,-0.32148250015096075,-0.07196271458416025,0,0,0,0,0,0,-0.17600533017229267,1.6489991508224007,-0.18311791241574302,-0.025753619418159648,-0.3380416704365194
8888,L56067,-1.2265370818584087,-0.7151356787800836,-0.057762368269354145,-0.23178234731199313,-0.04062201887775059,0,0,0,0,0,0,-0.231455380172232,1.6489991508223378,-0.12350037914487598,-0.05003559466983271,-0.3380416704365194
8889,M23748,-1.273441498038924,-0.7151356787800836,-0.057762368269354145,-0.08228209258038018,-0.009281323171340937,0,0,0,0,0,0,-0.007449281334246767,1.7596352300662899,-0.039725030259510845,-0.019732640236668122,1.3318889527502387
8890,M23749,-1.273441498038924,-0.778731559507503,2.9932371597939342,-2.07561882233522,0.03772972038827355,0,0,0,0,0,0,-1.9520662346061697,1.6489991508224007,-0.7823659497420462,0.6401884644926309,1.3318889527502387
8891,L56070,-1.273441498038924,-0.778731559507503,0.41162217450961325,-0.5706495913703157,0.08474076394788803,0,0,0,0,0,0,-0.45212334890988604,1.6489991508224007,-0.15415678843344982,0.16826451236437648,-0.3380416704365194
8892,M23751,-1.273441498038924,-0.7151356787800836,0.7663895614937165,-1.1586839266479936,0.11608145965429768,0,0,0,0,0,0,-1.2031928608699787,1.7596352300662899,-0.3717184027394573,0.2749388343101441,1.3318889527502387
8893,L56072,-1.3203459142194127,-0.778731559507503,-0.35795015725590307,0.30641856972181336,0.16309250321391217,0,0,0,0,0,0,0.3441280467766128,1.7596352300662899,0.27609249492300836,0.08211895660813508,-0.3380416704365194
8894,L56073,-1.367250330399928,-0.8423274402349586,-0.9255779764304684,0.6552524974289103,0.19443319892032182,0,0,0,0,0,0,0.37599645255901026,1.7596352300662899,0.4560399664959155,-0.013285835224906638,-0.3380416704365194
8895,M23754,-1.367250330399928,-0.8423274402349586,0.029564988526732817,-0.1919156127168965,0.22577389462673148,0,0,0,0,0,0,-0.1123758853651113,1.7596352300662899,0.11963178853086338,0.22702847694163095,1.3318889527502387
8896,H38309,-1.4141547465804434,-0.9059233209623782,-0.4343615944524792,0.0173847439073618,0.27278493818634597,0,0,0,0,0,0,-0.12817831996287607,1.759635230066353,0.25334741706374403,0.16689790853699848,-2.0079722936232773
8897,L56076,-1.4141547465804434,-0.8423274402349586,0.5316972901042328,-0.7998833152921226,0.3511366774523701,0,0,0,0,0,0,-0.74640587091273,1.870271309310242,-0.05522982712320215,0.4688579368298268,-0.3380416704365194
8898,M23757,-1.461059162760932,-0.8423274402349586,0.1987617423191513,-0.4311160202874771,0.3824773731587797,0,0,0,0,0,0,-0.366815579679211,1.9809073885541313,0.1411054024104174,0.42095748238759895,1.3318889527502387
8899,L56078,-1.4141547465804434,-0.9059233209623782,-0.04684644866984327,-0.12214882717547682,0.4294884167183942,0,0,0,0,0,0,-0.05962952553415377,1.759635230066353,0.32772805987680453,0.40720231777725074,-0.3380416704365194
8900,M23759,-1.461059162760932,-0.9695192016898337,0.9246703956866241,-1.2184840285406389,0.46082911242480384,0,0,0,0,0,0,-1.223231402086292,1.7596352300662899,-0.18106944267065408,0.6808003651888426,1.3318889527502387
8901,M23760,-1.461059162760932,-0.9059233209623782,0.23696746091743934,-1.0490504065114776,0.5078401559844183,0,0,0,0,0,0,-1.3010625407413725,1.870271309310242,-0.06706150582328535,0.5556669886471864,1.3318889527502387
8902,L56081,-1.461059162760932,-0.9059233209623782,-0.5162309914488107,1.0140531087847815,0.5548511995440328,0,0,0,0,0,0,1.2244964167457164,1.870271309310242,1.0168615368798593,0.4059347432127262,-0.3380416704365194
8903,H38316,-1.4141547465804434,-0.8423274402349586,-0.10142604666739763,0.6353191301313617,0.5861918952504425,0,0,0,0,0,0,1.0316266776154932,1.870271309310242,0.8563038909975357,0.5444568760921726,-2.0079722936232773
8904,M23763,-1.4141547465804434,-0.8423274402349586,-0.8655404186331586,0.9941197414872329,0.6645436345164666,0,0,0,0,0,0,0.8845537409143719,1.870271309310242,1.1300571495179683,0.4104702834514155,1.3318889527502387
8905,L56084,-1.4141547465804434,-0.8423274402349586,0.23696746091743934,-0.1719822454193478,0.7115546780760811,0,0,0,0,0,0,0.059489011730280865,1.870271309310242,0.5465611381625222,0.7595880467150705,-0.3380416704365194
8906,L56085,-1.461059162760932,-0.9059233209623782,-0.8491665392338922,1.5223539748722659,0.7428953737824907,0,0,0,0,0,0,1.6156432753441219,1.870271309310242,1.5101895610075073,0.48353407358471234,-0.3380416704365194
8907,L56086,-1.461059162760932,-0.8423274402349586,0.28063113931548284,-0.5507162240727678,0.7742360694889004,0,0,0,0,0,0,-0.5011606752960323,1.9809073885541313,0.38847578335185823,0.8348502864837146,-0.3380416704365194
8908,M23767,-1.5079635789414474,-0.9059233209623782,-0.745465303038539,0.37618535526323305,0.8055767651953101,0,0,0,0,0,0,0.14206380894898915,1.9809073885541941,0.938313317688859,0.5685011811129974,1.3318889527502387
8909,L56088,-1.5079635789414474,-0.9695192016898337,-0.12325788586641936,0.43598545715587766,0.8525878087549246,0,0,0,0,0,0,0.7172177688673812,1.870271309310242,1.019157235732114,0.7942284828612175,-0.3380416704365194
8910,L56089,-1.554867995121936,-1.0331150824172894,-0.06322032806910959,0.04728479485368411,0.8839285044613342,0,0,0,0,0,0,0.1827460494699788,1.870271309310179,0.823175190637303,0.8422675782714402,-0.3380416704365194
8911,L56090,-1.554867995121936,-1.0331150824172894,0.05139682772575456,-0.29158244920463844,0.9152692001677438,0,0,0,0,0,0,-0.24882927367687746,1.870271309310179,0.6511743689375861,0.9072802893347491,-0.3380416704365194
8912,L56091,-1.554867995121936,-1.096710963144709,1.2685218630712165,-1.6071846908428324,0.9466098958741535,0,0,0,0,0,0,-1.7278161204099731,1.7596352300662899,-0.1105738286844866,1.311190943735234,-0.3380416704365194
8913,L56092,-1.5079635789414474,-0.9695192016898337,-0.5162309914488107,0.37618535526323305,0.9779505915805632,0,0,0,0,0,0,0.32121012433340673,1.870271309310242,1.1080890774240828,0.792564791245279,-0.3380416704365194
8914,M23773,-1.5079635789414474,-0.9695192016898337,-0.29245463965883783,0.6951192320240069,1.0092912872869728,0,0,0,0,0,0,0.9605401234613747,1.870271309310242,1.3344803027003014,0.8914455102044779,1.3318889527502387
8915,M23774,-1.461059162760932,-0.9695192016898337,-0.09051012706788675,0.9343196395945875,1.0563023308465873,0,0,0,0,0,0,1.48692029358049,1.7596352300662899,1.5333584601933414,1.0001103203336004,1.3318889527502387
8916,L56095,-1.554867995121936,-1.096710963144709,-0.7509232628382944,1.4127204547357495,1.1033133744062018,0,0,0,0,0,0,1.5619891783806188,1.7596352300662899,1.8890505085173352,0.8308990188958608,-0.3380416704365194
8917,L56096,-1.554867995121936,-1.1603068438721644,3.9647540041504015,-2.414486066393543,1.1346540701126113,0,0,0,0,0,0,-2.372553499875904,1.6489991508223378,-0.5275080586978663,2.407345854260394,-0.3380416704365194
8918,M23777,-1.554867995121936,-1.1603068438721644,-0.06322032806910959,-0.20188229636567082,1.165994765819021,0,0,0,0,0,0,-0.19035343323511858,1.6489991508223378,0.9184290337839429,1.1148159154967852,1.3318889527502387
8919,L56098,-1.554867995121936,-1.1603068438721644,-0.7563812226380499,1.123686628921298,1.2130058093786356,0,0,0,0,0,0,1.1598616286627041,1.6489991508223378,1.832293769200817,0.9263137136551879,-0.3380416704365194
8920,L56099,-1.5079635789414474,-1.096710963144709,0.8318850790907818,-1.1885839775943163,1.2443465050850453,0,0,0,0,0,0,-1.2196199747847645,1.6489991508224007,0.32801060742785104,1.4958508101781165,-0.3380416704365194
8921,L56100,-1.554867995121936,-1.096710963144709,-0.24333300146103892,0.5854857118874907,1.2756872007914548,0,0,0,0,0,0,0.8411190071527582,1.7596352300662899,1.5422587080513146,1.1587155877197324,-0.3380416704365194
8922,L56101,-1.554867995121936,-1.223902724599584,0.5044074911054557,-0.660349744209284,1.3070278964978645,0,0,0,0,0,0,-0.5388268859895307,1.5383630715784486,0.7269677495058801,1.4488317161752846,-0.3380416704365194
8923,L56102,-1.554867995121936,-1.1603068438721644,-0.7727551020373161,0.26655183512671676,1.338368592204274,0,0,0,0,0,0,-0.0294692272592355,1.6489991508223378,1.3877051976287351,1.0316214317735775,-0.3380416704365194
8924,M23783,-1.6017724113024514,-1.223902724599584,-0.9692416548285118,0.5356522936436197,1.3697092879106838,0,0,0,0,0,0,0.18004235930099702,1.6489991508224007,1.604701716832649,0.9894547716505661,1.3318889527502387
8925,H38338,-1.554867995121936,-1.1603068438721644,-0.07413624766862045,0.22668510053162008,1.4167203314702983,0,0,0,0,0,0,0.4431397185244353,1.6489991508223378,1.4348200017657835,1.3531397394799678,-2.0079722936232773
8926,M23785,-1.5079635789414474,-1.1603068438721644,-0.7400073432387835,0.2565851514779424,1.4950720707363225,0,0,0,0,0,0,-0.018234760167186795,1.5383630715784486,1.530956806009444,1.1822845522788605,1.3318889527502387
8927,M23786,-1.461059162760932,-1.096710963144709,-0.44527751405199,1.9608880554183303,1.5420831142959368,1,0,0,1,1,0,2.6409372468620886,1.5383630715784486,2.8261547800078057,1.3347202965892209,1.3318889527502387
8928,M23787,-1.4141547465804434,-1.0331150824172894,1.3558492198673036,-1.487584487057542,1.5890941578555513,0,0,0,0,0,0,-1.4811068326440076,1.5383630715784486,0.32306602528453265,2.0643381965147984,1.3318889527502387
8929,L56108,-1.4141547465804434,-1.0331150824172894,-0.05230440846959871,0.15691831499020042,1.6361052014151658,0,0,0,0,0,0,0.3550111317528374,1.5383630715784486,1.5908215683874771,1.5732817908032517,-0.3380416704365194
8930,M23789,-1.4141547465804434,-1.0331150824172894,0.433454013708635,-0.4111826529899291,1.6674458971215755,0,0,0,0,0,0,-0.18577570511507494,1.5383630715784486,1.1873083470488184,1.7930970455591193,1.3318889527502387
8931,L56110,-1.4141547465804434,-1.0331150824172894,0.1660139835206187,-0.052382041634057866,-1.7016788913174623,0,0,0,0,0,0,0.19502490229517164,1.5383630715784486,-1.531152278459849,-1.6560921796275558,-0.3380416704365194
8932,L56111,-1.4141547465804434,-1.0331150824172894,-0.5817265090458759,-0.0025486233901868775,-1.6703381956110526,0,0,0,0,0,0,-0.2618499331910333,1.5383630715784486,-1.5029681602429343,-1.627690587041178,-0.3380416704365194
8933,L56112,-1.4141547465804434,-1.0331150824172894,-0.3634081170556585,0.3662186716144587,-1.6389974999046428,0,0,0,0,0,0,0.42625385573621244,1.5383630715784486,-1.4695569123316548,-1.5977045262491445,-0.3380416704365194
8934,M23793,-1.461059162760932,-1.096710963144709,0.018649068927221946,0.1768516822877491,-1.6076568041982333,0,0,0,0,0,0,0.43781042310110035,1.5383630715784486,-1.4427855318699738,-1.5643514705200927,1.3318889527502387
8935,L56114,-1.461059162760932,-1.1603068438721644,0.32975277751328175,-0.42114933663870274,-1.5606457606386188,0,0,0,0,0,0,-0.26779414731706025,1.4277269923344966,-1.4176741182706927,-1.5134009147819778,-0.3380416704365194
8936,L56115,-1.4141547465804434,-1.096710963144709,1.4213447374643688,-1.2982174977308325,-1.529305064932209,0,0,0,0,0,0,-1.117826527953334,1.4277269923345595,-1.4266450030164275,-1.4599053069885284,-0.3380416704365194
8937,L56116,-1.4141547465804434,-1.096710963144709,-0.4125297552534574,0.20675173323407142,-1.4979643692257996,0,0,0,0,0,0,0.15916440525243766,1.4277269923345595,-1.3383135748704333,-1.467490948523105,-0.3380416704365194
8938,M23797,-1.4141547465804434,-1.0331150824172894,-1.0947747302228867,1.2632202000041364,-1.4666236735193898,0,0,0,0,0,0,1.0331298122220758,1.5383630715784486,-1.252489756239979,-1.457043361292063,1.3318889527502387
8939,M23798,-1.4141547465804434,-1.0331150824172894,-0.1287158456661748,0.10708489674632944,-1.4196126299597753,0,0,0,0,0,0,0.22426770282321593,1.5383630715784486,-1.2705021626192101,-1.385682874479846,1.3318889527502387
8940,M23799,-1.461059162760932,-1.0331150824172894,-0.5817265090458759,0.48581887539974866,-1.3726015864001608,0,0,0,0,0,0,0.423989393212011,1.6489991508223378,-1.1988763584288558,-1.357875457470589,1.3318889527502387
8941,H38354,-1.461059162760932,-1.096710963144709,2.152711350631597,-2.0556854550376715,-1.3255905428405463,0,0,0,0,0,0,-2.2013913670121608,1.5383630715784486,-1.3675572464037733,-1.1962002829359992,-2.0079722936232773
8942,M23801,-1.461059162760932,-1.096710963144709,0.29700501871474916,-0.7699832643457997,-1.2472388035745223,0,0,0,0,0,0,-0.8335876780944669,1.5383630715784486,-1.2013486495005148,-1.1980323242987885,1.3318889527502387
8943,L56122,-1.461059162760932,-1.096710963144709,3.533575179969722,-2.284919178959478,-1.2002277600149078,0,0,0,0,0,0,-2.2159834854331972,1.5383630715784486,-1.3390199437480501,-0.962728892832637,-0.3380416704365194
8944,M23803,-1.461059162760932,-1.0331150824172894,-0.49985711204954436,0.445952140804652,-1.168887064308498,0,0,0,0,0,0,0.43300820085150127,1.6489991508223378,-0.9979850496346073,-1.168214613253606,1.3318889527502387
8945,L56124,-1.461059162760932,-1.096710963144709,-0.37978199645492483,-0.1719822454193478,-1.1218760207488836,0,0,0,0,0,0,-0.36183766637170023,1.5383630715784486,-1.0319613926479805,-1.1171056106949255,-0.3380416704365194
8946,L56125,-1.4141547465804434,-1.1603068438721644,0.5371552499039883,-0.610516325965413,-1.090535325042474,0,0,0,0,0,0,-0.43933694413961394,1.3170909130906074,-1.0655845512225455,-1.0230872285418324,-0.3380416704365194
8947,M23806,-1.461059162760932,-1.1603068438721644,1.6669529284533633,-1.5374179053014132,-1.0591946293360643,0,0,0,0,0,0,-1.432108548715176,1.4277269923344966,-1.1763785096767572,-0.9065793007947144,1.3318889527502387
8948,M23807,-1.461059162760932,-1.1603068438721644,-0.4834832326502781,-0.1719822454193478,-1.0121835857764498,0,0,0,0,0,0,-0.4326802051676089,1.4277269923344966,-0.9375198737106,-1.023414025109249,1.3318889527502387
8949,M23808,-1.4141547465804434,-1.096710963144709,-0.3142864788578596,0.19678504958529708,-0.9651725422168353,0,0,0,0,0,0,0.2184796585264433,1.4277269923345595,-0.8356261631143611,-0.9658483146125215,1.3318889527502387
8950,L56129,-1.4141547465804434,-1.096710963144709,-1.4004204790091912,2.030654840959749,-0.9181614986572209,0,0,0,0,0,0,1.7106335739886216,1.4277269923345595,-0.4663011954523612,-1.0203243121082204,-0.3380416704365194
8951,L56130,-1.4141547465804434,-1.1603068438721644,-0.6635959060422074,1.004086425136007,-0.8868208029508112,0,0,0,0,0,0,1.0786142749926646,1.3170909130906074,-0.6128727375578695,-0.9253750548843046,-0.3380416704365194
8952,L56131,-1.461059162760932,-1.223902724599584,1.2139422650736622,-1.1487172429992196,-0.8554801072444016,0,0,0,0,0,0,-0.9594800817028485,1.3170909130906074,-0.9895086231032045,-0.7133137914098646,-0.3380416704365194
8953,M23812,-1.5079635789414474,-1.2874986053270396,-0.34157627785663675,0.2565851514779424,-0.824139411537992,0,0,0,0,0,0,0.28458829937305247,1.3170909130906074,-0.6905733140957293,-0.8364467768418805,1.3318889527502387
8954,L56133,-1.461059162760932,-1.2874986053270396,-0.12325788586641936,-0.39124928569238043,-0.7771283679783775,0,0,0,0,0,0,-0.5125610728316644,1.2064548338466554,-0.7809885304306934,-0.7691662956592268,-0.3380416704365194
8955,L56134,-1.461059162760932,-1.2874986053270396,-0.5107730316490553,0.9044195886482652,-0.7457876722719677,0,0,0,0,0,0,1.074026786258292,1.2064548338466554,-0.475483990861381,-0.7819905851987523,-0.3380416704365194
8956,M23815,-1.4141547465804434,-1.2874986053270396,-1.0129053332265552,1.5123872912234915,-0.7144469765655581,0,0,0,0,0,0,1.440781869649895,1.0958187546027662,-0.30514313602406373,-0.8107288772788319,1.3318889527502387
8957,L56136,-1.4141547465804434,-1.223902724599584,-1.0511110518248434,1.7416210151452978,-0.6674359330059436,0,0,0,0,0,0,1.7057532668243953,1.2064548338467183,-0.19314835047790313,-0.7750486338727235,-0.3380416704365194
8958,L56137,-1.4141547465804434,-1.223902724599584,-1.0511110518248434,1.3728537201406528,-0.636095237299534,0,0,0,0,0,0,1.2189328665784984,1.2064548338467183,-0.2414639817068995,-0.7483503446074256,-0.3380416704365194
8959,M23818,-1.4141547465804434,-1.223902724599584,1.0556614308807546,-1.2184840285406389,-0.6047545415931244,0,0,0,0,0,0,-1.1583428380307401,1.2064548338467183,-0.8463276516102574,-0.4540749871120272,1.3318889527502387
8960,L56139,-1.461059162760932,-1.2874986053270396,-0.658137946242452,0.6552524974289103,-0.5577434980335099,0,0,0,0,0,0,0.5983920500328008,1.2064548338466554,-0.33226770092455304,-0.6295548408883921,-0.3380416704365194
8961,L56140,-1.461059162760932,-1.3510944860544953,1.399512898265347,-1.5174845380038648,-0.5264028023271002,0,0,0,0,0,0,-1.5142050758317898,1.0958187546027032,-0.8768781055671886,-0.32142528951979205,-0.3380416704365194
8962,M23821,-1.461059162760932,-1.2874986053270396,-0.7509232628382944,0.5057522426972973,-0.49506210662069056,0,0,0,0,0,0,0.3158222652241005,1.2064548338466554,-0.3073681979885571,-0.5862691500951364,1.3318889527502387
8963,L56142,-1.461059162760932,-1.3510944860544953,0.4771176921066785,-0.969316937321284,-0.44805106306107606,0,0,0,0,0,0,-1.0476769927747451,1.0958187546027032,-0.6778586742986249,-0.36633506022384477,-0.3380416704365194
8964,M23823,-1.5079635789414474,-1.3510944860544953,0.7991373202922492,-0.9493835700237356,-0.41671036735466643,0,0,0,0,0,0,-0.8408300539261798,1.2064548338466554,-0.6507341093981358,-0.28618077487023885,1.3318889527502387
8965,M23824,-1.5079635789414474,-1.3510944860544953,-0.46165139345125633,0.495785559048523,-0.36969932379505194,0,0,0,0,0,0,0.5344014624954663,1.2064548338466554,-0.1832238677473856,-0.43050602255289916,1.3318889527502387
8966,L56145,-1.554867995121936,-1.3510944860544953,-0.24333300146103892,0.47585219175097504,-0.3226882802354375,0,0,0,0,0,0,0.6804983377637431,1.3170909130905446,-0.14186596996291556,-0.3523917400140749,-0.3380416704365194
8967,L56146,-1.554867995121936,-1.4146903667819146,0.520781370504722,-0.9593502536725096,-0.2913475845290278,0,0,0,0,0,0,-1.0081269835158553,1.2064548338466554,-0.5680183138291959,-0.1979853133729304,-0.3380416704365194
8968,L56147,-1.554867995121936,-1.4146903667819146,-0.025014609470821535,0.04728479485368411,-0.2600068888226182,0,0,0,0,0,0,0.2103490667908421,1.2064548338466554,-0.21843635629658856,-0.25668986039247277,-0.3380416704365194
8969,L56148,-1.554867995121936,-1.4146903667819146,-0.4725673130507672,1.0638865270286526,-0.2286661931162085,0,0,0,0,0,0,1.3345766251420041,1.2064548338466554,0.14873418628868015,-0.30259982665134566,-0.3380416704365194
8970,L56149,-1.6017724113024514,-1.4146903667819146,-0.7891289814365825,1.004086425136007,-0.19732549740979885,0,0,0,0,0,0,0.9663672102154607,1.3170909130906074,0.16413302782072853,-0.3289416105703711,-0.3380416704365194
8971,L56150,-1.6017724113024514,-1.5418821282367898,0.18784582271964043,-0.25171571460954184,-0.1659848017033892,0,0,0,0,0,0,-0.09705172086944085,1.0958187546027662,-0.23666067333910473,-0.1275755074841068,-0.3380416704365194
8972,L56151,-1.6486768274829668,-1.5418821282367898,-0.1450897250654411,-0.42114933663870274,-0.13464410599697954,0,0,0,0,0,0,-0.5709490677444671,1.2064548338467183,-0.2702838319136693,-0.15678914002588312,-0.3380416704365194
8973,M23832,-1.6955812436634554,-1.669073889691701,-0.46710935325101177,0.9941197414872329,-0.1033034102905699,0,0,0,0,0,0,1.2401036390569113,1.0958187546027032,0.2664858781874185,-0.18639888961907336,1.3318889527502387
8974,L56153,-1.6955812436634554,-1.669073889691701,0.045938867925999126,0.8346528031068455,-0.05629236673095542,0,0,0,0,0,0,1.4560279492309376,1.0958187546027032,0.2600226029572237,-0.04543073394714593,-0.3380416704365194
8975,L56154,-1.6955812436634554,-1.6054780089642455,-0.3634081170556585,0.24661846782916805,-0.024951671024545763,0,0,0,0,0,0,0.25360810949454404,1.2064548338466554,0.0711748835263436,-0.09422245175505506,-0.3380416704365194
8976,H38389,-1.7424856598439709,-1.669073889691701,0.6572303654986078,-0.5706495913703157,0.00638902468186389,0,0,0,0,0,0,-0.3019074943950018,1.2064548338466554,-0.2145513274696954,0.13682272140839688,-2.0079722936232773
8977,L56156,-1.7424856598439709,-1.669073889691701,-0.03047256927057697,-0.5307828567752191,0.08474076394788803,0,0,0,0,0,0,-0.6625817150599795,1.2064548338466554,-0.13805157802378437,0.07682089104547395,-0.3380416704365194
8978,M23837,-1.6486768274829668,-1.6054780089642455,0.08414458652428716,-0.869650100833542,0.11608145965429768,0,0,0,0,0,0,-1.1080366317818957,1.0958187546027662,-0.2529071575242936,0.1313464031725995,1.3318889527502387
8979,L56158,-1.6486768274829668,-1.5418821282367898,-0.5762685492461205,0.5057522426972973,0.16309250321391217,0,0,0,0,0,0,0.4563751115538167,1.2064548338467183,0.3601503913594203,0.034981027489879045,-0.3380416704365194
8980,M23839,-1.6486768274829668,-1.6054780089642455,-1.1384384086209303,1.1137199452725235,0.19443319892032182,0,0,0,0,0,0,0.7970400728454661,1.0958187546027662,0.6526224251367009,-0.060017744365463394,1.3318889527502387
8981,L56160,-1.6017724113024514,-1.5418821282367898,-0.15054768486519654,0.24661846782916805,0.2414442424799363,0,0,0,0,0,0,0.4150096280298347,1.0958187546027662,0.32575022701947676,0.20181562661913519,-0.3380416704365194
8982,L56161,-1.6017724113024514,-1.4782862475093703,-0.21058524266250633,-0.052382041634057866,0.27278493818634597,0,0,0,0,0,0,-0.0703271588381383,1.2064548338466554,0.22219654956083817,0.21805642572710576,-0.3380416704365194
8983,L56162,-1.6017724113024514,-1.4782862475093703,-1.2312237252167726,2.010721473662201,0.3041256338927556,0,0,0,0,0,0,1.8674183219465545,1.2064548338466554,1.1858249724058234,0.010768372722203422,-0.3380416704365194
8984,M23843,-1.6017724113024514,-1.4782862475093703,-1.5259535544035663,1.1137199452725235,0.3354663295991652,0,0,0,0,0,0,0.44291522439488057,1.2064548338466554,0.8150519485447086,-0.03270547367047388,1.3318889527502387
8985,L56164,-1.554867995121936,-1.4146903667819146,-0.7345493834390281,2.0406215246085235,0.3824773731587797,0,0,0,0,0,0,2.442406351421363,1.2064548338466554,1.306048955376221,0.19573522987993158,-0.3380416704365194
8986,L56165,-1.554867995121936,-1.4146903667819146,0.23696746091743934,0.23665178418039373,0.4138180688651894,0,0,0,0,0,0,0.6933823486773004,1.2064548338466554,0.4857074593558256,0.46154957723124,-0.3380416704365194
8987,M23846,-1.554867995121936,-1.4146903667819146,-0.532604870848077,0.396118722560781,0.44515876457159903,0,0,0,0,0,0,0.3365830919007187,1.2064548338466554,0.5930048918658338,0.3016272206491567,1.3318889527502387
8988,L56167,-1.5079635789414474,-1.3510944860544953,0.2151356217184176,-0.4111826529899291,0.4921698081312135,0,0,0,0,0,0,-0.32554770229851493,1.2064548338466554,0.2390081288481207,0.5344351146914006,-0.3380416704365194
8989,L56168,-1.5079635789414474,-1.3510944860544953,1.5523357726584992,-1.5274512216526388,0.5235105038376232,0,0,0,0,0,0,-1.4645137882856383,1.2064548338466554,-0.2974083968141586,0.9102511672203536,-0.3380416704365194
8990,L56169,-1.5079635789414474,-1.3510944860544953,-0.39069791605443566,0.8246861194580719,0.5548511995440328,0,0,0,0,0,0,1.0645394691310364,1.2064548338466554,0.9202302744218661,0.43873323506979844,-0.3380416704365194
8991,L56170,-1.5079635789414474,-1.3510944860544953,-0.25970688086030524,-0.15204887812179985,0.5861918952504425,0,0,0,0,0,0,-0.25066426917062684,1.2064548338466554,0.4489409592758654,0.5025278862000097,-0.3380416704365194
8992,M23851,-1.461059162760932,-1.2874986053270396,0.3133788981140154,-1.0490504065114776,0.6175325909568521,0,0,0,0,0,0,-1.260887852165462,1.2064548338466554,0.005623851683494477,0.6859894985623649,1.3318889527502387
8993,H38406,-1.5079635789414474,-1.3510944860544953,-0.494399152249789,-0.2716490819070898,0.6645436345164666,0,0,0,0,0,0,-0.5816662222771075,1.2064548338466554,0.4527553512149971,0.5121535305493679,-2.0079722936232773
8994,M23853,-1.5079635789414474,-1.3510944860544953,0.49894953130570024,-0.24174903096076747,0.7428953737824907,0,0,0,0,0,0,0.12695437796854436,1.2064548338466554,0.5349766885696049,0.8651136292117378,1.3318889527502387
8995,M23854,-1.554867995121936,-1.3510944860544953,2.398319541620592,-1.9560186185499293,0.7899064173421052,0,0,0,0,0,0,-1.923360267866191,1.3170909130905446,-0.39117886531780305,1.4615470735256715,1.3318889527502387
8996,L56175,-1.5079635789414474,-1.2874986053270396,-0.3634081170556585,0.37618535526323305,0.8369174609017197,0,0,0,0,0,0,0.4406410012563516,1.3170909130906074,0.969181637640718,0.7086077821980995,-0.3380416704365194
8997,L56176,-1.5079635789414474,-1.3510944860544953,-0.003182770271799793,-0.28161576555586415,0.8682581566081293,0,0,0,0,0,0,-0.26991220062633486,1.2064548338466554,0.6177631210263066,0.8449908829999109,-0.3380416704365194
8998,M23857,-1.554867995121936,-1.3510944860544953,0.3734164559113252,-0.10221545987792885,0.8995988523145391,0,0,0,0,0,0,0.26263667774836263,1.3170909130905446,0.7495009167018595,0.9889200136311573,1.3318889527502387
8999,L56178,-1.554867995121936,-1.2874986053270396,-0.40161383565394654,0.28648520242426473,0.9466098958741535,0,0,0,0,0,0,0.28191389104705633,1.4277269923344966,1.023501404329458,0.7990710138147527,-0.3380416704365194
9000,L56179,-1.554867995121936,-1.3510944860544953,-0.2651648406600607,-0.052382041634057866,0.9779505915805632,0,0,0,0,0,0,-0.1087839792922412,1.3170909130905446,0.8483925595682265,0.8704612094058257,-0.3380416704365194
9001,L56180,-1.6017724113024514,-1.3510944860544953,-0.25970688086030524,0.6153857628338136,1.0092912872869728,0,0,0,0,0,0,0.8714257146426033,1.4277269923344966,1.2855995763692114,0.9017247476886691,-0.3380416704365194
9002,L56181,-1.6017724113024514,-1.4146903667819146,-0.2215011622620172,-0.0025486233901868775,1.0406319829933826,0,0,0,0,0,0,-0.004813915465564588,1.3170909130906074,0.9349580655201786,0.9434259702762691,-0.3380416704365194
9003,L56182,-1.554867995121936,-1.4146903667819146,-0.3470342376563922,-0.3314491837997351,1.071972678699792,0,0,0,0,0,0,-0.5701291761408769,1.2064548338466554,0.7568471530290753,0.9328199362246614,-0.3380416704365194
9004,L56183,-1.554867995121936,-1.3510944860544953,-1.083858810623376,0.9143862722970396,1.1033133744062018,0,0,0,0,0,0,0.584941923488193,1.3170909130905446,1.5729504357837691,0.722768966786147,-0.3380416704365194
9005,M23864,-1.554867995121936,-1.4146903667819146,-0.014098689871310664,-0.5606829077215421,1.1346540701126113,0,0,0,0,0,0,-0.6974856718985263,1.2064548338466554,0.6615226729946736,1.100664633835023,1.3318889527502387
9006,L56185,-1.5079635789414474,-1.3510944860544953,-1.111148609622153,1.8113878006867175,1.1816651136722258,0,0,0,0,0,0,1.7354743374545332,1.2064548338466554,2.2445306461780437,0.7801069099783114,-0.3380416704365194
9007,L56186,-1.461059162760932,-1.3510944860544953,-0.6745118256417183,0.18681836593652273,1.2130058093786356,0,0,0,0,0,0,-0.06527116061599961,1.0958187546027032,1.214786096388116,0.9539428779913085,-0.3380416704365194
9008,L56187,-1.4141547465804434,-1.2874986053270396,-0.8600824588334031,0.625352446482588,1.2443465050850453,0,0,0,0,0,0,0.3899638916630264,1.0958187546027662,1.5364664832548562,0.9187082662680407,-0.3380416704365194
9009,M23868,-1.4141547465804434,-1.2874986053270396,-0.5489787502473433,0.24661846782916805,1.2756872007914548,0,0,0,0,0,0,0.11289909333557274,1.0958187546027662,1.3141015605810535,1.0533484520436307,1.3318889527502387
9010,L56189,-1.461059162760932,-1.3510944860544953,0.20967766191866216,-0.5507162240727678,1.3226982443510693,0,0,0,0,0,0,-0.5448101425728716,1.0958187546027032,0.8137098476772364,1.361794897053362,-0.3380416704365194
9011,L56190,-1.5079635789414474,-1.3510944860544953,-0.5435207904475878,0.007418060258587462,1.354038940057479,0,0,0,0,0,0,-0.22052349212436517,1.2064548338466554,1.2236863442460895,1.1265805919237786,-0.3380416704365194
9012,M23871,-1.5079635789414474,-1.3510944860544953,-0.057762368269354145,-0.4012159693411548,1.3853796357638886,0,0,0,0,0,0,-0.4853289588552819,1.2064548338466554,0.9666740281251774,1.328748832039156,1.3318889527502387
9013,L56192,-1.5079635789414474,-1.2874986053270396,0.897380596687847,-1.3879176505698,1.432390679323503,0,0,0,0,0,0,-1.519661259241395,1.3170909130906074,0.30540680334410997,1.7208056836760794,-0.3380416704365194
9014,H38427,-1.5079635789414474,-1.2874986053270396,-0.5762685492461205,0.30641856972181336,1.4637313750299128,0,0,0,0,0,0,0.17624548032722956,1.3170909130906074,1.5366077570303793,1.214469062706241,-2.0079722936232773
9015,M23874,-1.5079635789414474,-1.223902724599584,-1.0947747302228867,2.1303216774474913,1.5420831142959368,1,0,0,0,1,0,2.17102223063307,1.4277269923345595,2.9504403840244997,1.0907815134022458,1.3318889527502387
9016,L56195,-1.5079635789414474,-1.223902724599584,-0.5981003884451422,0.9741863741896849,1.5890941578555513,1,0,0,0,0,0,1.0952756436513327,1.4277269923345595,2.1550337093839818,1.3198361983823428,-0.3380416704365194
9017,L56196,-1.461059162760932,-1.1603068438721644,-0.7891289814365825,1.2731868836529108,1.620434853561961,1,0,0,0,1,0,1.3342642854834925,1.4277269923344966,2.414765545683719,1.2746986603737271,-0.3380416704365194
9018,M23877,-1.461059162760932,-1.223902724599584,-0.9364938960299792,1.203420098111491,1.6517755492683708,0,0,0,0,0,0,1.1018445370943815,1.3170909130906074,2.3990841566006234,1.2451285224856783,1.3318889527502387
9019,L56198,-1.461059162760932,-1.223902724599584,0.40616421470985786,-0.4510493875850258,1.6987865928279853,1,1,0,0,0,0,-0.26630077332480745,1.3170909130906074,1.18193994357893,1.814437851704044,-0.3380416704365194
9020,L56199,-1.5079635789414474,-1.223902724599584,0.6626883252983633,-0.8596834171847676,-1.7016788913174623,0,0,0,0,0,0,-0.769011453697426,1.4277269923345595,-1.531152278459849,-1.6560921796275558,-0.3380416704365194
9021,L56200,-1.461059162760932,-1.1603068438721644,0.06777070712502087,-0.6404163769117354,-1.6703381956110526,0,0,0,0,0,0,-0.7685331835953316,1.4277269923344966,-1.5074889210596825,-1.6253336905852651,-0.3380416704365194
9022,M23881,-1.4141547465804434,-1.1603068438721644,-0.025014609470821535,-0.5307828567752191,-1.6389974999046428,0,0,0,0,0,0,-0.6592045425023344,1.3170909130906074,-1.482271552128759,-1.5952486005303783,1.3318889527502387
9023,L56202,-1.4141547465804434,-1.096710963144709,0.040480908126243685,0.6652191810776846,-1.5919864563450283,0,0,0,0,0,0,1.1944532458427393,1.4277269923345595,-1.4159435145205315,-1.548784070399526,-0.3380416704365194
9024,L56203,-1.4141547465804434,-1.096710963144709,0.9028385564876025,-0.8995501517798646,-1.5606457606386188,0,0,0,0,0,0,-0.7011947053433383,1.4277269923345595,-1.432931686027218,-1.504042649442324,-0.3380416704365194
9025,L56204,-1.4141547465804434,-1.096710963144709,-0.9528677754292455,0.5555856609411683,-1.529305064932209,0,0,0,0,0,0,0.21997303251869682,1.4277269923345595,-1.3543834668362178,-1.5072908092639181,-0.3380416704365194
9026,L56205,-1.367250330399928,-1.0331150824172894,-0.5489787502473433,-0.4012159693411548,-1.4979643692257996,0,0,0,0,0,0,-0.8006944078075826,1.4277269923344966,-1.3663211008679437,-1.4707093995658431,-0.3380416704365194
9027,M23886,-1.367250330399928,-1.0331150824172894,0.7882214006927383,-1.178617293945542,-1.4666236735193898,0,0,0,0,0,0,-1.2250371157370556,1.4277269923344966,-1.3822850375020856,-1.4057957177653875,1.3318889527502387
9028,M23887,-1.4141547465804434,-1.096710963144709,-0.5271469110483216,0.40608540620955536,-1.4196126299597753,0,0,0,0,0,0,0.3549623286811951,1.4277269923345595,-1.2514302029235538,-1.398695319618793,1.3318889527502387
9029,L56208,-1.4141547465804434,-1.096710963144709,-0.7945869412363379,0.8745195377019429,-1.3726015864001608,0,0,0,0,0,0,0.784478162204748,1.4277269923345595,-1.1699505528904435,-1.365985954098289,-0.3380416704365194
9030,L56209,-1.4141547465804434,-1.096710963144709,-0.3142864788578596,-0.11218214352670319,-1.341260890693751,0,0,0,0,0,0,-0.23024506399550443,1.4277269923345595,-1.2159704852671849,-1.3183132669606241,-0.3380416704365194
9031,M23890,-1.367250330399928,-1.0331150824172894,-0.7509232628382944,0.43598545715587766,-1.3099201949873416,0,0,0,0,0,0,0.21996327190436782,1.4277269923344966,-1.1400005124794865,-1.308747040168978,1.3318889527502387
9032,H38445,-1.367250330399928,-1.0331150824172894,1.3776810590663253,-1.5972180071940585,-1.262909151427727,0,0,0,0,0,0,-1.6638548147156242,1.4277269923344966,-1.2948012520092318,-1.1589256683979496,-2.0079722936232773
9033,L56212,-1.4141547465804434,-1.096710963144709,0.9956238730834448,-1.1088505084041227,-1.1845574121617028,0,0,0,0,0,0,-1.0030905065223739,1.4277269923345595,-1.1954857878162946,-1.0930216939689594,-0.3380416704365194
9034,L56213,-1.4141547465804434,-1.1603068438721644,-0.8437085794341368,0.10708489674632944,-1.1532167164552933,0,0,0,0,0,0,-0.2999748927579686,1.3170909130906074,-1.024332608769718,-1.175701225525329,-0.3380416704365194
9035,H38448,-1.4141547465804434,-1.1603068438721644,0.24242542071719478,0.625352446482588,-1.1218760207488836,0,0,0,0,0,0,1.3008634632515284,1.3170909130906074,-0.9274187987606782,-1.075335067623328,-2.0079722936232773
9036,M23895,-1.461059162760932,-1.223902724599584,1.0392875514814883,-1.2184840285406389,-1.0435242814828596,0,0,0,0,0,0,-1.166453908537684,1.3170909130906074,-1.120257502350094,-0.9361296328301925,1.3318889527502387
9037,L56216,-1.461059162760932,-1.096710963144709,-0.11779992606666392,-0.2218156636632188,-0.996513237923245,0,0,0,0,0,0,-0.2569989078697919,1.5383630715784486,-0.9319748780213073,-0.9791776533925998,-0.3380416704365194
9038,L56217,-1.461059162760932,-1.1603068438721644,1.939850918441135,-1.5473845889501874,-0.9651725422168353,0,0,0,0,0,0,-1.331047147958379,1.4277269923344966,-1.1261203640343143,-0.7736226124876334,-0.3380416704365194
9039,L56218,-1.461059162760932,-1.096710963144709,4.461428345928146,-2.494219535583736,-0.9338318465104257,0,0,0,0,0,0,-2.4172278316572307,1.5383630715784486,-1.273292319685797,-0.5118882707658883,-0.3380416704365194
9040,M23899,-1.461059162760932,-1.096710963144709,-1.0893167704231315,1.193453414462717,-0.9024911508040161,0,0,0,0,0,0,0.9466410086576575,1.5383630715784486,-0.5963083873777529,-0.9788211480463272,1.3318889527502387
9041,L56220,-1.461059162760932,-1.096710963144709,0.05139682772575456,-0.29158244920463844,-0.8554801072444016,0,0,0,0,0,0,-0.24882927367687746,1.5383630715784486,-0.8254897697205585,-0.8272172495439363,-0.3380416704365194
9042,L56221,-1.461059162760932,-1.096710963144709,-1.2639714840153053,2.1502550447450397,-0.824139411537992,0,0,0,0,0,0,2.0110945648613754,1.5383630715784486,-0.3147850712035346,-0.930168071206413,-0.3380416704365194
9043,M23902,-1.461059162760932,-1.0331150824172894,0.31883685791377087,-0.7002164788043806,-0.7927987158315822,0,0,0,0,0,0,-0.7117654506610519,1.6489991508223378,-0.8572057323255577,-0.7376749900718205,1.3318889527502387
9044,L56223,-1.4141547465804434,-1.0331150824172894,-1.0784008508236205,0.007418060258587462,-0.7457876722719677,0,0,0,0,0,0,-0.6031395737997037,1.5383630715784486,-0.6693822477672221,-0.8448147495529994,-0.3380416704365194
9045,L56224,-1.4141547465804434,-1.0331150824172894,-0.8873722578321803,-0.0025486233901868775,-0.7144469765655581,0,0,0,0,0,0,-0.4799410997459764,1.5383630715784486,-0.6433525546270391,-0.7963795370913629,-0.3380416704365194
9046,L56225,-1.4141547465804434,-1.0331150824172894,0.34066869711279263,-0.5307828567752191,-0.6831062808591485,0,0,0,0,0,0,-0.4329339811401485,1.5383630715784486,-0.7368404755796367,-0.624256775325731,-0.3380416704365194
9047,L56226,-1.4141547465804434,-1.0331150824172894,0.6736042448978742,-1.178617293945542,-0.6517655851527389,0,0,0,0,0,0,-1.282634500889254,1.5383630715784486,-0.8662119355151734,-0.5520347339266887,-0.3380416704365194
9048,L56227,-1.461059162760932,-1.0331150824172894,-0.2869966798590824,-0.25171571460954184,-0.6204248894463292,0,0,0,0,0,0,-0.41464258988862907,1.6489991508223378,-0.6197245156707535,-0.6393389320583158,-0.3380416704365194
9049,M23908,-1.461059162760932,-1.0331150824172894,-0.9310359362302237,1.0539198433798782,-0.5890841937399195,0,0,0,0,0,0,0.9063394320954776,1.6489991508223378,-0.2648094731121384,-0.6928345398517651,1.3318889527502387
9050,L56229,-1.461059162760932,-0.9695192016898337,0.024107028726977384,-0.5606829077215421,-0.542073150180305,0,0,0,0,0,0,-0.6740504368959119,1.7596352300662899,-0.634699535876232,-0.5238906174237299,-0.3380416704365194
9051,M23910,-1.4141547465804434,-0.9695192016898337,0.13872418452184151,-0.8497167335359936,-0.5107324544738954,0,0,0,0,0,0,-1.047013271000411,1.6489991508224007,-0.6883129336873551,-0.47748550485058966,1.3318889527502387
9052,L56231,-1.4141547465804434,-0.9059233209623782,1.525045973659722,-1.5274512216526388,-0.46372141091428093,0,0,0,0,0,0,-1.4765193439096347,1.759635230066353,-0.8447736400795001,-0.23224943832023415,-0.3380416704365194
9053,M23912,-1.4141547465804434,-0.9059233209623782,1.9671407174399123,-1.7766183128719937,-0.43238071520787125,0,0,0,0,0,0,-1.745902538760595,1.759635230066353,-0.898916814548836,-0.13122968728340018,1.3318889527502387
9054,M23913,-1.4141547465804434,-0.9695192016898337,0.5316972901042328,-0.7699832643457997,-0.38536967164825675,0,0,0,0,0,0,-0.6984422121027135,1.6489991508224007,-0.5758590083707434,-0.29352874617396696,1.3318889527502387
9055,M23914,-1.461059162760932,-1.0331150824172894,-0.10688400646715306,-0.1719822454193478,-0.3383586280886423,0,0,0,0,0,0,-0.17540993269825722,1.6489991508223378,-0.3573791145238341,-0.3456676530663237,1.3318889527502387
9056,H38469,-1.461059162760932,-1.0331150824172894,1.7651962048489611,-1.6769514763842517,-0.2913475845290278,0,0,0,0,0,0,-1.643777231041997,1.6489991508223378,-0.7968818301770738,0.005222734002408596,-2.0079722936232773
9057,L56236,-1.461059162760932,-1.096710963144709,-0.6035583482448976,0.19678504958529708,-0.2129958452630037,0,0,0,0,0,0,0.0017256961344985968,1.5383630715784486,-0.12530161978279922,-0.310779643763043,-0.3380416704365194
9058,M23917,-1.461059162760932,-1.0331150824172894,0.7936793604924938,-0.5407495404239934,-0.18165514955659404,0,0,0,0,0,0,-0.1690850546134204,1.6489991508223378,-0.34922055398735885,-0.036547809069188864,1.3318889527502387
9059,M23918,-1.5079635789414474,-1.096710963144709,-1.1711861674194628,1.7216876478477496,-0.13464410599697954,0,0,0,0,0,0,1.5566110798856407,1.6489991508224007,0.48906271152450587,-0.3429641541904237,1.3318889527502387
9060,L56239,-1.5079635789414474,-1.096710963144709,1.4431765766633906,-1.4277843851648968,-0.08763306243736507,0,0,0,0,0,0,-1.3363569221530567,1.6489991508224007,-0.5998755502097183,0.1850103607128998,-0.3380416704365194
9061,H38474,-1.5079635789414474,-1.096710963144709,-0.47802527285052265,0.5854857118874907,-0.05629236673095542,0,0,0,0,0,0,0.6488934685682136,1.6489991508224007,0.16731168777000463,-0.1452522309034528,-2.0079722936232773
9062,M23921,-1.5079635789414474,-1.0331150824172894,1.7597382450492058,-1.3879176505698,0.022059372535068716,0,0,0,0,0,0,-1.1186952226285656,1.7596352300662899,-0.5210447834676716,0.3733145040287902,1.3318889527502387
9063,L56242,-1.5079635789414474,-1.096710963144709,0.19330378251939587,-0.4610160712338001,0.0690704160946832,0,0,0,0,0,0,-0.4164385429250645,1.6489991508224007,-0.12233487049680834,0.10750015667748175,-0.3380416704365194
9064,L56243,-1.5079635789414474,-1.096710963144709,-0.6635959060422074,-0.02248199068773485,0.10041111180109286,0,0,0,0,0,0,-0.3479678334109694,1.6489991508224007,0.08131127692014616,-0.040083153753058064,-0.3380416704365194
9065,L56244,-1.5079635789414474,-1.0331150824172894,1.5959994510565427,-1.4676511197599937,0.1317518075075025,0,0,0,0,0,0,-1.337957662902923,1.7596352300662899,-0.4898232790770042,0.4676992944544411,-0.3380416704365194
9066,H38479,-1.5079635789414474,-1.0331150824172894,3.5008274211711896,-2.255019128013155,0.16309250321391217,0,0,0,0,0,0,-2.1620463306541686,1.7596352300662899,-0.8040514742848853,0.9152818537733103,-2.0079722936232773
9067,L56246,-1.5079635789414474,-1.096710963144709,0.6299405664998307,-0.9593502536725096,0.2414442424799363,0,0,0,0,0,0,-0.948977660685433,1.6489991508224007,-0.20416770496872683,0.37741431551092425,-0.3380416704365194
9068,L56247,-1.554867995121936,-1.1603068438721644,-1.034737172425577,1.6618875459551044,0.27278493818634597,0,0,0,0,0,0,1.6170683250360764,1.6489991508223378,0.9876178653465192,0.029643350222076526,-0.3380416704365194
9069,H38482,-1.554867995121936,-1.1603068438721644,1.361307179667059,-0.9593502536725096,0.3041256338927556,0,0,0,0,0,0,-0.5526771977216043,1.6489991508223378,-0.1613617509851423,0.612866290871356,-2.0079722936232773
9070,M23929,-1.5079635789414474,-1.1603068438721644,0.7500156820944502,-1.178617293945542,0.3824773731587797,0,0,0,0,0,0,-1.2442362441211214,1.5383630715784486,-0.21119607530101508,0.5539834911786774,1.3318889527502387
9071,L56250,-1.554867995121936,-1.1603068438721644,-0.619932227644164,0.525685609994846,0.4294884167183942,0,0,0,0,0,0,0.4490936932647913,1.6489991508223378,0.6399431037834775,0.2657885304224826,-0.3380416704365194
9072,L56251,-1.6017724113024514,-1.223902724599584,-0.6090163080446531,1.402753771086975,0.46082911242480384,0,0,0,0,0,0,1.685334061649273,1.6489991508224007,1.1007781595407475,0.2967846896956216,-0.3380416704365194
9073,H38486,-1.5079635789414474,-1.223902724599584,1.2521479836719502,-1.26831744678451,0.4921698081312135,0,0,0,0,0,0,-1.147391428754216,1.4277269923345595,-0.18622593547725746,0.7978529538816549,-2.0079722936232773
9074,L56253,-1.5079635789414474,-1.223902724599584,0.81005323989176,-0.869650100833542,0.5705215473972377,0,0,0,0,0,0,-0.7030101796084303,1.4277269923345595,0.06665412270959534,0.7691839822855726,-0.3380416704365194
9075,M23934,-1.5079635789414474,-1.223902724599584,0.0732286669247763,0.13698494769265174,0.6018622431036473,0,0,0,0,0,0,0.41784020618508594,1.4277269923345595,0.6130657679901538,0.6061124951447487,1.3318889527502387
9076,L56255,-1.461059162760932,-1.223902724599584,-0.1887534034634846,-0.39124928569238043,0.6488732866632618,0,0,0,0,0,0,-0.5547269267305792,1.3170909130906074,0.3760436911058007,0.5809788682325358,-0.3380416704365194
9077,L56256,-1.5079635789414474,-1.223902724599584,-0.3634081170556585,0.43598545715587766,0.6802139823696715,0,0,0,0,0,0,0.5269638743771851,1.4277269923345595,0.8470504587007543,0.5626386487520714,-0.3380416704365194
9078,L56257,-1.461059162760932,-1.223902724599584,1.2084843052739067,-1.377950966921026,0.7115546780760811,0,0,0,0,0,0,-1.357810752446995,1.3170909130906074,-0.11156274511315034,1.0310470620490273,-0.3380416704365194
9079,L56258,-1.461059162760932,-1.223902724599584,0.13872418452184151,-0.42114933663870274,0.7428953737824907,0,0,0,0,0,0,-0.3897530233510744,1.3170909130906074,0.43580249815219135,0.7631531001777958,-0.3380416704365194
9080,H38493,-1.461059162760932,-1.223902724599584,0.0732286669247763,0.24661846782916805,0.7742360694889004,0,0,0,0,0,0,0.5846881475156527,1.3170909130906074,0.8349009140057436,0.7753931170664858,-2.0079722936232773
9081,L56260,-1.5079635789414474,-1.2874986053270396,1.7924860038477384,-1.4477177524624456,0.8525878087549246,0,0,0,0,0,0,-1.2129241933554462,1.3170909130906074,-0.06889806490508925,1.3608046044248272,-0.3380416704365194
9082,L56261,-1.461059162760932,-1.2874986053270396,-0.07413624766862045,-0.4809494385313481,0.8839285044613342,0,0,0,0,0,0,-0.6150768051234008,1.2064548338466554,0.5143153988993103,0.8389996125972754,-0.3380416704365194
9083,L56262,-1.5079635789414474,-1.3510944860544953,-1.2639714840153053,0.9642196905409106,0.9152692001677438,0,0,0,0,0,0,0.49067391030399904,1.2064548338466554,1.3943450650783344,0.5087172151283521,-0.3380416704365194
9084,M23943,-1.5079635789414474,-1.3510944860544953,0.0022751895279556423,-0.42114933663870274,0.9466098958741535,0,0,0,0,0,0,-0.47686650623251314,1.2064548338466554,0.5997153962031945,0.9229170099393135,1.3318889527502387
9085,L56264,-1.5079635789414474,-1.3510944860544953,-1.1711861674194628,3.535624071924654,0.993620939433768,1,0,0,1,1,0,3.9121596569997443,1.2064548338466554,3.049226071559225,0.6024880241243113,-0.3380416704365194
9086,H38499,-1.554867995121936,-1.3510944860544953,-0.9583257352290009,1.402753771086975,1.0249616351401776,0,0,0,0,0,0,1.348007230457954,1.3170909130905446,1.7873687085843815,0.695951842405425,-2.0079722936232773
9087,L56266,-1.554867995121936,-1.4146903667819146,-0.6144742678444085,0.37618535526323305,1.1033133744062018,0,0,0,0,0,0,0.2444331320257994,1.2064548338466554,1.231562357231518,0.8752146140227927,-0.3380416704365194
9088,L56267,-1.554867995121936,-1.4146903667819146,0.7663895614937165,-1.2284507121894128,1.1346540701126113,0,0,0,0,0,0,-1.3180460096728792,1.2064548338466554,0.2332159040516622,1.356982074878683,-0.3380416704365194
9089,M23948,-1.554867995121936,-1.3510944860544953,0.6626883252983633,-1.2982174977308325,1.165994765819021,0,0,0,0,0,0,-1.4827856583085017,1.3170909130905446,0.20746875846252574,1.3558432383558678,1.3318889527502387
9090,L56269,-1.5079635789414474,-1.3510944860544953,2.4474411798183904,-1.9560186185499293,1.2130058093786356,0,0,0,0,0,0,-1.9055276254881077,1.2064548338466554,-0.19759847440688963,2.0075350113420427,-0.3380416704365194
9091,M23950,-1.5079635789414474,-1.3510944860544953,1.1266149082775754,-1.0889171411065743,1.2443465050850453,0,0,0,0,0,0,-0.9015215538204971,1.2064548338466554,0.39440928192384034,1.5963853178269685,1.3318889527502387
9092,M23951,-1.5079635789414474,-1.2874986053270396,1.2248581846731732,-0.879616784482316,1.2913575486446596,0,0,0,0,0,0,-0.48879397694188254,1.3170909130906074,0.5667986065062467,1.682332815057503,1.3318889527502387
9093,L56272,-1.461059162760932,-1.223902724599584,0.1496401041213524,-0.5507162240727678,1.338368592204274,0,0,0,0,0,0,-0.5817443071917361,1.3170909130906074,0.8258593923722471,1.3562987729649938,-0.3380416704365194
9094,M23953,-1.461059162760932,-1.223902724599584,0.9192124358868687,-0.929450202726187,1.3697092879106838,0,0,0,0,0,0,-0.7421892855228381,1.3170909130906074,0.5871067117377328,1.6610316206177196,1.3318889527502387
9095,M23954,-1.461059162760932,-1.223902724599584,-0.9310359362302237,1.8811545862281362,1.4167203314702983,0,0,0,0,0,0,2.016218887383813,1.3170909130906074,2.6015294769256285,1.0437426135468433,1.3318889527502387
9096,L56275,-1.461059162760932,-1.223902724599584,-0.45073547385174545,0.575519028238717,1.4637313750299128,0,0,0,0,0,0,0.6570142996894872,1.3170909130906074,1.7292345499565105,1.2604780582279675,-0.3380416704365194
9097,L56276,-1.5079635789414474,-1.223902724599584,0.935586315286135,-0.8995501517798646,1.4950720707363225,0,0,0,0,0,0,-0.6830985263783872,1.4277269923345595,0.6951811500131192,1.802485019677629,-0.3380416704365194
9098,L56277,-1.461059162760932,-1.223902724599584,0.5535291293032546,-0.3015491328534128,1.526412766442732,0,0,0,0,0,0,0.06739510933632668,1.3170909130906074,1.1535439146987305,1.6935924422439435,-0.3380416704365194
9099,L56278,-1.461059162760932,-1.223902724599584,-0.3961558758541911,0.9841530578384585,-1.7016788913174623,0,0,0,0,0,0,1.289092162371414,1.3170909130906074,-1.531152278459849,-1.6560921796275558,-0.3380416704365194
9100,H38513,-1.461059162760932,-1.223902724599584,-0.3470342376563922,1.2333201490578134,-1.6703381956110526,0,0,0,0,0,0,1.693249919869647,1.3170909130906074,-1.4942091861604845,-1.626838935380638,-2.0079722936232773
9101,L56280,-1.461059162760932,-1.1603068438721644,-0.5162309914488107,1.3529203528431042,-1.5919864563450283,0,0,0,0,0,0,1.7043672595897552,1.4277269923344966,-1.398884706126083,-1.5558547597672643,-0.3380416704365194
9102,H38515,-1.461059162760932,-1.1603068438721644,0.6135666871005644,-0.8497167335359936,-1.5606457606386188,0,0,0,0,0,0,-0.7803728087757448,1.4277269923344966,-1.43134235605258,-1.508766345280435,-2.0079722936232773
9103,L56282,-1.461059162760932,-1.096710963144709,-0.2542489210605498,-0.1719822454193478,-1.4822940213725946,0,0,0,0,0,0,-0.2760809088819166,1.5383630715784486,-1.3422692405850878,-1.448962573443219,-0.3380416704365194
9104,L56283,-1.461059162760932,-1.1603068438721644,-0.27608076025957157,0.10708489674632944,-1.450953325666185,0,0,0,0,0,0,0.1162177022072466,1.4277269923344966,-1.2994632866015035,-1.4200064169848619,-0.3380416704365194
9105,M23964,-1.4141547465804434,-1.096710963144709,0.05139682772575456,0.7848193848629745,-1.4196126299597753,0,0,0,0,0,0,1.3850975649060735,1.4277269923345595,-1.2272723873090554,-1.3798005362663492,1.3318889527502387
9106,M23965,-1.461059162760932,-1.1603068438721644,0.7445577222946949,-0.5008828058288968,-1.3726015864001608,0,0,0,0,0,0,-0.13391756118800643,1.4277269923344966,-1.2723034032571332,-1.3073408246364586,1.3318889527502387
9107,L56286,-1.4141547465804434,-1.096710963144709,1.7106166068514068,-1.8065183638183164,-1.3255905428405463,0,0,0,0,0,0,-1.9015745766850845,1.4277269923345595,-1.346366180075266,-1.2154515716347154,-0.3380416704365194
9108,M23967,-1.367250330399928,-0.9695192016898337,0.6626883252983633,-0.9593502536725096,-1.2942498471341368,0,0,0,0,0,0,-0.9312328638363068,1.5383630715784486,-1.2529135775665492,-1.2281669289851023,1.3318889527502387
9109,M23968,-1.367250330399928,-0.9059233209623782,-0.5489787502473433,-0.11218214352670319,-1.2472388035745223,0,0,0,0,0,0,-0.3930911534514063,1.6489991508224007,-1.133749147912577,-1.2425459779514274,1.3318889527502387
9110,L56289,-1.367250330399928,-0.9059233209623782,-0.15054768486519654,-0.02248199068773485,-1.2002277600149078,0,0,0,0,0,0,0.016278772098221865,1.6489991508224007,-1.0824667673975894,-1.1766321005961518,-0.3380416704365194
9111,M23970,-1.3203459142194127,-0.9059233209623782,-0.8273347000348705,0.9044195886482652,-1.168887064308498,0,0,0,0,0,0,0.7966301270436714,1.5383630715784486,-0.9427470034049652,-1.1884165828757156,1.3318889527502387
9112,L56291,-1.3203459142194127,-0.9059233209623782,-1.034737172425577,1.103753261623749,-1.1218760207488836,0,0,0,0,0,0,0.8786192874026725,1.5383630715784486,-0.8646932424282969,-1.1610746034018702,-0.3380416704365194
9113,M23972,-1.3203459142194127,-0.9059233209623782,-0.31974443865761504,-0.1620155617705742,-1.090535325042474,0,0,0,0,0,0,-0.3063583345287767,1.5383630715784486,-1.0036006822116619,-1.0837228461870176,1.3318889527502387
9114,L56293,-1.3203459142194127,-0.9059233209623782,1.1102410288783089,-1.1387505593504452,-1.0435242814828596,0,0,0,0,0,0,-0.9951258452303567,1.5383630715784486,-1.10839050520613,-0.9307226350783925,-0.3380416704365194
9115,L56294,-1.3203459142194127,-0.8423274402349586,-0.3524921974561476,-0.09224877622915452,-1.0121835857764498,0,0,0,0,0,0,-0.22794155901398908,1.6489991508223378,-0.9250877814645425,-1.0129565349519216,-0.3380416704365194
9116,M23975,-1.3203459142194127,-0.9059233209623782,-0.5271469110483216,0.8246861194580719,-0.9808428900700402,0,0,0,0,0,0,0.9469240664731835,1.5383630715784486,-0.7480717407337455,-0.9983002040496066,1.3318889527502387
9117,H38530,-1.3203459142194127,-0.8423274402349586,0.646314445899097,-0.779949947994574,-0.9338318465104257,0,0,0,0,0,0,-0.6486337971846208,1.6489991508223378,-0.9756284746580322,-0.8510733989653393,-2.0079722936232773
9118,M23977,-1.3203459142194127,-0.8423274402349586,-0.35795015725590307,0.6652191810776846,-0.8554801072444016,0,0,0,0,0,0,0.8624166676174414,1.6489991508223378,-0.6423989566422562,-0.8673241009995952,1.3318889527502387
9119,L56298,-1.3203459142194127,-0.9059233209623782,-0.07959420746837588,0.21671841688284574,-0.8084690636847871,0,0,0,0,0,0,0.4241260418126095,1.5383630715784486,-0.6836155806512026,-0.7947158454754244,-0.3380416704365194
9120,M23979,-1.4141547465804434,-1.0331150824172894,0.733641802695184,-1.0390837228627032,-0.7771283679783775,0,0,0,0,0,0,-1.0235780359977957,1.5383630715784486,-0.9164347627137354,-0.6774354894780492,1.3318889527502387
9121,L56300,-1.4141547465804434,-1.0331150824172894,-0.08505216726813132,-0.12214882717547682,-0.730117324418763,0,0,0,0,0,0,-0.08607102974993107,1.5383630715784486,-0.6837215359828452,-0.7197704993479115,-0.3380416704365194
9122,L56301,-1.461059162760932,-1.096710963144709,-0.7891289814365825,0.595452395536265,-0.6987766287123534,0,0,0,0,0,0,0.40770868851215264,1.5383630715784486,-0.49363767101613554,-0.7713251335894327,-0.3380416704365194
9123,L56302,-1.4141547465804434,-1.0331150824172894,0.2151356217184176,0.12701826404387812,-0.6674359330059436,0,0,0,0,0,0,0.507227912205055,1.5383630715784486,-0.5707731524519017,-0.6234150265914764,-0.3380416704365194
9124,L56303,-1.4141547465804434,-0.9695192016898337,-0.42890363465272374,0.28648520242426473,-0.636095237299534,0,0,0,0,0,0,0.261026176384168,1.6489991508224007,-0.5032442877517256,-0.6715828600434086,-0.3380416704365194
9125,L56304,-1.4141547465804434,-1.0331150824172894,-0.6253901874439194,1.0439531597311038,-0.6047545415931244,0,0,0,0,0,0,1.1684509692717409,1.5383630715784486,-0.2851175783436245,-0.667582077824128,-0.3380416704365194
9126,L56305,-1.4141547465804434,-0.9695192016898337,0.15509806392110784,-0.5706495913703157,-0.5734138458867147,0,0,0,0,0,0,-0.6090154636254319,1.6489991508224007,-0.6614709163379127,-0.5373784030243738,-0.3380416704365194
9127,L56306,-1.4141547465804434,-0.9695192016898337,-0.3470342376563922,0.07718484580000713,-0.542073150180305,0,0,0,0,0,0,0.02094434574722174,1.6489991508224007,-0.4674313856565482,-0.5737221424916006,-0.3380416704365194
9128,L56307,-1.4141547465804434,-0.9695192016898337,1.2030263454741514,-1.26831744678451,-0.5107324544738954,0,0,0,0,0,0,-1.171285412630268,1.6489991508224007,-0.8010494065550137,-0.3307241373017337,-0.3380416704365194
9129,M23988,-1.367250330399928,-0.9059233209623782,-0.2979125994585933,0.595452395536265,-0.47939175876748574,0,0,0,0,0,0,0.8109196664205253,1.6489991508224007,-0.2666813506378233,-0.5082637997454509,1.3318889527502387
9130,L56309,-1.3203459142194127,-0.9059233209623782,0.6736042448978742,-0.9792836209700579,-0.43238071520787125,0,0,0,0,0,0,-0.9578012560383542,1.5383630715784486,-0.6700532982009582,-0.3213361631832239,-0.3380416704365194
9131,L56310,-1.3203459142194127,-0.9059233209623782,0.19330378251939587,-0.7201498461019287,-0.4010400195014616,0,0,0,0,0,0,-0.8163894756477339,1.5383630715784486,-0.5725743930898248,-0.36071019809376714,-0.3380416704365194
9132,H38545,-1.3203459142194127,-0.9059233209623782,-0.4234456748529683,0.675185864726459,-0.36969932379505194,0,0,0,0,0,0,0.8221150910552615,1.5383630715784486,-0.12918664860969206,-0.4246137814131172,-2.0079722936232773
9133,M23992,-1.3203459142194127,-0.9059233209623782,0.24242542071719478,0.20675173323407142,-0.2913475845290278,0,0,0,0,0,0,0.6510993674064444,1.5383630715784486,-0.19611509976389419,-0.2434397450226773,1.3318889527502387
9134,L56313,-1.273441498038924,-0.8423274402349586,-0.33611831805688136,0.575519028238717,-0.24433654096941335,0,0,0,0,0,0,0.7506869153996457,1.5383630715784486,-0.030083095080039993,-0.29397437785680763,-0.3380416704365194
9135,L56314,-1.273441498038924,-0.8423274402349586,-0.49985711204954436,0.027351427556136138,-0.2129958452630037,0,0,0,0,0,0,-0.16100326594946143,1.5383630715784486,-0.18234090665036432,-0.2929048618179901,-0.3380416704365194
9136,H38549,-1.273441498038924,-0.778731559507503,-0.745465303038539,1.0339864760823294,-0.18165514955659404,0,0,0,0,0,0,1.0465213750807123,1.6489991508224007,0.19206991693047704,-0.3074324546785954,-2.0079722936232773
9137,L56316,-1.273441498038924,-0.8423274402349586,0.8373430388905372,-1.0789504574578,-0.1033034102905699,0,0,0,0,0,0,-1.0350077153764137,1.5383630715784486,-0.48283022718859675,0.05501464736513786,-0.3380416704365194
9138,L56317,-1.273441498038924,-0.8423274402349586,1.0392875514814883,-1.1487172429992196,-0.07196271458416025,0,0,0,0,0,0,-1.0481845447198253,1.5383630715784486,-0.4879867199952003,0.1266722219659153,-0.3380416704365194
9139,L56318,-1.3203459142194127,-0.9059233209623782,-0.10142604666739763,-0.29158244920463844,-0.04062201887775059,0,0,0,0,0,0,-0.3499492381196455,1.5383630715784486,-0.14596290945309376,-0.05843327615980773,-0.3380416704365194
9140,L56319,-1.367250330399928,-0.9695192016898337,-0.025014609470821535,-0.3015491328534128,-0.009281323171340937,0,0,0,0,0,0,-0.3143815595067651,1.5383630715784486,-0.12364165292039955,-0.013315544003762681,-0.3380416704365194
9141,L56320,-1.367250330399928,-0.9695192016898337,-0.9146620568309575,-0.0025486233901868775,0.022059372535068716,0,0,0,0,0,0,-0.49941352533123917,1.5383630715784486,0.018974223470454087,-0.16045322275146184,-0.3380416704365194
9142,L56321,-1.367250330399928,-0.9695192016898337,0.30792093831426,-0.3513825510972838,0.05340006824147837,0,0,0,0,0,0,-0.17261839700032064,1.5383630715784486,-0.09128995832554523,0.11518482747491172,-0.3380416704365194
9143,L56322,-1.3203459142194127,-0.9695192016898337,0.7500156820944502,-0.5706495913703157,0.08474076394788803,0,0,0,0,0,0,-0.24515928268937875,1.4277269923344966,-0.15415678843344982,0.23825839534921547,-0.3380416704365194
9144,L56323,-1.3203459142194127,-0.9695192016898337,-0.4834832326502781,0.26655183512671676,0.11608145965429768,0,0,0,0,0,0,0.19090592304856566,1.4277269923344966,0.2141439443560057,0.011877500466162387,-0.3380416704365194
9145,M24004,-1.367250330399928,-0.9695192016898337,-0.5107730316490553,0.16688499863897477,0.14742215536070732,0,0,0,0,0,0,0.028879725196253918,1.5383630715784486,0.20255949476308835,0.03479287189045744,1.3318889527502387
9146,L56325,-1.3203459142194127,-0.9695192016898337,0.182387862919885,-0.28161576555586415,0.19443319892032182,0,0,0,0,0,0,-0.14679181148723472,1.4277269923344966,0.05432798579518043,0.22995974312209394,-0.3380416704365194
9147,L56326,-1.3203459142194127,-0.9059233209623782,-0.06867828786886501,0.007418060258587462,0.22577389462673148,0,0,0,0,0,0,0.11914588650578235,1.5383630715784486,0.206515160477743,0.2051033981458707,-0.3380416704365194
9148,L56327,-1.273441498038924,-0.8423274402349586,0.8045952800920046,-1.26831744678451,0.2571145903331411,0,0,0,0,0,0,-1.365092170736021,1.5383630715784486,-0.33032518651110654,0.43342526658085195,-0.3380416704365194
9149,L56328,-1.3203459142194127,-0.9059233209623782,-0.8055028608358488,0.04728479485368411,0.2884552860395508,0,0,0,0,0,0,-0.3535411441925163,1.5383630715784486,0.2809664401785651,0.09584441243962727,-0.3380416704365194
9150,M24009,-1.367250330399928,-0.9059233209623782,-0.6090163080446531,1.0539198433798782,0.3197959817459604,0,0,0,0,0,0,1.1971569360117202,1.6489991508224007,0.7696677481578224,0.1694231547397622,1.3318889527502387
9151,M24010,-1.367250330399928,-0.9059233209623782,-1.0565690116245987,1.701754280550201,0.3668070253055749,0,0,0,0,0,0,1.6475604841981617,1.6489991508224007,1.1262074391349564,0.10468772561244294,1.3318889527502387
9152,L56331,-1.3203459142194127,-0.9059233209623782,0.06777070712502087,0.05725147850245845,0.4138180688651894,0,0,0,0,0,0,0.29254320005074125,1.5383630715784486,0.39988364072537136,0.42010583072705904,-0.3380416704365194
9153,L56332,-1.367250330399928,-0.9059233209623782,-1.5314115142033216,1.3628870364918784,0.44515876457159903,0,0,0,0,0,0,0.7453869018192957,1.6489991508224007,1.0623516925983878,0.05335095574919941,-0.3380416704365194
9154,L56333,-1.367250330399928,-0.9059233209623782,0.029564988526732817,-0.610516325965413,0.4764994602780087,0,0,0,0,0,0,-0.7461520949401904,1.6489991508224007,0.1281788519500279,0.4719872615359967,-0.3380416704365194
9155,L56334,-1.367250330399928,-0.9059233209623782,0.3024629785145046,-0.39124928569238043,0.5078401559844183,0,0,0,0,0,0,-0.2384830224887178,1.6489991508224007,0.26161193293186175,0.5724227399219951,-0.3380416704365194
9156,L56335,-1.367250330399928,-0.9695192016898337,-1.0947747302228867,1.7416210151452978,0.539180851690828,0,0,0,0,0,0,1.6609325258281415,1.5383630715784486,1.3678562321677,0.2415065551708096,-0.3380416704365194
9157,M24016,-1.367250330399928,-1.0331150824172894,-0.9364938960299792,1.4824872402771685,0.5705215473972377,0,0,0,0,0,0,1.4759884055326231,1.4277269923344966,1.2752512723121237,0.3096882026454299,1.3318889527502387
9158,L56337,-1.367250330399928,-0.9695192016898337,-0.42890363465272374,1.2333201490578134,0.6175325909568521,0,0,0,0,0,0,1.616677900462937,1.5383630715784486,1.2026365516931055,0.4866633982908823,-0.3380416704365194
9159,H38572,-1.4141547465804434,-1.0331150824172894,-0.29245463965883783,0.625352446482588,0.6488732866632618,0,0,0,0,0,0,0.8589418889165131,1.5383630715784486,0.9164158824827348,0.5527555283192942,-2.0079722936232773
9160,M24019,-1.367250330399928,-0.9059233209623782,-0.16692156426446284,-0.44108270393625143,0.727225025929286,0,0,0,0,0,0,-0.6143642802774242,1.6489991508224007,0.4122450960836672,0.6616877174581212,1.3318889527502387
9161,H38574,-1.367250330399928,-0.9695192016898337,0.7118099634961622,-1.1885839775943163,0.7742360694889004,0,0,0,0,0,0,-1.279745359048032,1.5383630715784486,0.03133567882874996,0.9584586123774271,-2.0079722936232773
9162,M24021,-1.367250330399928,-0.9695192016898337,0.38979033531059154,-0.9892503046188322,0.8525878087549246,0,0,0,0,0,0,-1.1263085018047585,1.5383630715784486,0.19591962731348936,0.9459611194053181,1.3318889527502387
9163,M24022,-1.3203459142194127,-0.9059233209623782,-0.17237952406421828,-0.02248199068773485,0.8995988523145391,0,0,0,0,0,0,0.000778916544638987,1.5383630715784486,0.7964038101756226,0.824531437294382,1.3318889527502387
9164,L56343,-1.3203459142194127,-0.9059233209623782,-0.6854277452412292,0.7349859666191036,0.9466098958741535,0,0,0,0,0,0,0.6861887759172312,1.5383630715784486,1.292098170043287,0.7120440976191152,-0.3380416704365194
9165,L56344,-1.3203459142194127,-0.9059233209623782,4.603335300721787,-2.5440529538276073,0.9779505915805632,0,0,0,0,0,0,-2.49576173454396,1.5383630715784486,-0.6614709163379127,2.380974361562512,-0.3380416704365194
9166,L56345,-1.3203459142194127,-0.9059233209623782,-1.1711861674194628,2.2399551975840075,1.0092912872869728,0,0,0,0,0,0,2.2296249590610984,1.5383630715784486,2.2815443753651694,0.6156193043786827,-0.3380416704365194
9167,M24026,-1.3203459142194127,-0.9059233209623782,-0.821876740235115,1.3429536691943298,1.0406319829933826,0,0,0,0,0,0,1.3983720003927689,1.5383630715784486,1.7693563022051504,0.7527946392833219,1.3318889527502387
9168,M24027,-1.3203459142194127,-0.8423274402349586,-0.8109608206356042,0.12701826404387812,1.0876430265529968,0,0,0,0,0,0,-0.2487902312195635,1.6489991508223378,1.0589611219858268,0.7976152836508065,1.3318889527502387
9169,H38582,-1.3203459142194127,-0.778731559507503,-0.8491665392338922,0.445952140804652,1.1346540701126113,0,0,0,0,0,0,0.15565058409419474,1.7596352300662899,1.3071791455804078,0.8264228962148835,-2.0079722936232773
9170,L56349,-1.273441498038924,-0.778731559507503,1.939850918441135,-1.5374179053014132,1.2130058093786356,0,0,0,0,0,0,-1.3125410231916326,1.6489991508224007,0.0783092091902743,1.8362341924580947,-0.3380416704365194
9171,L56350,-1.273441498038924,-0.8423274402349586,-0.3634081170556585,0.6851525483752327,1.2443465050850453,0,0,0,0,0,0,0.8866425123806602,1.5383630715784486,1.5763056879524495,1.0881275291577726,-0.3380416704365194
9172,M24031,-1.273441498038924,-0.778731559507503,-0.8327926598346259,0.5655523445899426,1.2756872007914548,0,0,0,0,0,0,0.3312245146343989,1.6489991508224007,1.5288376993765935,0.9555075403443934,1.3318889527502387
9173,L56352,-1.273441498038924,-0.7151356787800836,0.9519601946854014,-1.26831744678451,1.3226982443510693,0,0,0,0,0,0,-1.2934102191078656,1.7596352300662899,0.3229247515090091,1.6217269061911737,-0.3380416704365194
9174,H38587,-1.2265370818584087,-0.7151356787800836,0.597192807701298,-0.7699832643457997,1.354038940057479,0,0,0,0,0,0,-0.6607271983375729,1.6489991508223378,0.6864928128184318,1.5301743526831324,-2.0079722936232773
9175,L56354,-1.2265370818584087,-0.7151356787800836,1.8034019234472491,-1.4277843851648968,1.432390679323503,1,1,0,0,0,0,-1.1714415824595223,1.6489991508223378,0.2771520482394337,2.04958283634963,-0.3380416704365194
9176,L56355,-1.2265370818584087,-0.6515397980526278,-0.7509232628382944,2.4193555032619436,-1.7016788913174623,1,0,0,1,0,0,2.9450975105653256,1.7596352300662899,-1.531152278459849,-1.6560921796275558,-0.3380416704365194
9177,L56356,-1.2265370818584087,-0.7151356787800836,-0.12325788586641936,0.04728479485368411,-1.6703381956110526,0,0,0,0,0,0,0.13936987939433568,1.6489991508223378,-1.5026149758041258,-1.6260268954252395,-0.3380416704365194
9178,L56357,-1.17963266567792,-0.5879439173251723,-0.19966932306299545,0.30641856972181336,-1.6389974999046428,0,0,0,0,0,0,0.4658429074524157,1.759635230066353,-1.4704045549847948,-1.5965161750949028,-0.3380416704365194
9179,L56358,-1.2265370818584087,-0.6515397980526278,-1.0947747302228867,1.6917875969014267,-1.6076568041982333,0,0,0,0,0,0,1.5955364098275098,1.7596352300662899,-1.4105751110506428,-1.5764726522933588,-0.3380416704365194
9180,H38593,-1.17963266567792,-0.5879439173251723,-0.5762685492461205,0.47585219175097504,-1.5763161084918236,0,0,0,0,0,0,0.4143556668698294,1.759635230066353,-1.404853523141946,-1.542406585871762,-2.0079722936232773
9181,L56360,-1.17963266567792,-0.5879439173251723,-0.18329544366372916,-0.3015491328534128,-1.4979643692257996,0,0,0,0,0,0,-0.41882989343553534,1.759635230066353,-1.361729703163434,-1.462083950771305,-0.3380416704365194
9182,L56361,-1.17963266567792,-0.5879439173251723,-0.10688400646715306,-0.3812826020436061,-1.4666236735193898,0,0,0,0,0,0,-0.48717371496335954,1.759635230066353,-1.3399029048450712,-1.4301569164273433,-0.3380416704365194
9183,M24042,-1.2265370818584087,-0.6515397980526278,0.19330378251939587,0.5057522426972973,-1.43528297781298,0,0,0,0,0,0,1.0756860906941288,1.7596352300662899,-1.2609661827713818,-1.3907729785905147,1.3318889527502387
9184,L56363,-1.17963266567792,-0.5879439173251723,0.013191109127466513,-0.3314491837997351,-1.3882719342533656,0,0,0,0,0,0,-0.33435177642277814,1.759635230066353,-1.2726212692520609,-1.3504878744617195,-0.3380416704365194
9185,L56364,-1.1327282494974047,-0.5243480365977528,0.6790622046976296,-0.3314491837997351,-1.356931238546956,0,0,0,0,0,0,0.1014791745712833,1.7596352300662899,-1.2467681683312821,-1.293347989795262,-0.3380416704365194
9186,L56365,-1.17963266567792,-0.5879439173251723,-0.5380628306478324,1.0339864760823294,-1.3255905428405463,0,0,0,0,0,0,1.2330857573547531,1.759635230066353,-1.1047880239302839,-1.3133717067442356,-0.3380416704365194
9187,L56366,-1.17963266567792,-0.6515397980526278,0.4825756519064339,-1.0889171411065743,-1.2942498471341368,0,0,0,0,0,0,-1.2355297761401423,1.6489991508224007,-1.2648512115982748,-1.2366636397379307,-0.3380416704365194
9188,L56367,-1.17963266567792,-0.6515397980526278,-0.8819142980324248,0.7349859666191036,-1.262909151427727,0,0,0,0,0,0,0.5199850351323415,1.6489991508224007,-1.063394807701933,-1.2737203898977025,-0.3380416704365194
9189,L56368,-1.17963266567792,-0.6515397980526278,-0.21058524266250633,0.027351427556136138,-1.2315684557213173,0,0,0,0,0,0,0.04695638293254769,1.6489991508224007,-1.1052118452568538,-1.2098663212097793,-0.3380416704365194
9190,L56369,-1.17963266567792,-0.5879439173251723,0.29700501871474916,-0.7899166316433484,-1.2002277600149078,0,0,0,0,0,0,-0.8647240378022312,1.759635230066353,-1.1694914131199925,-1.1506468220233987,-0.3380416704365194
9191,M24050,-1.1327282494974047,-0.6515397980526278,-0.5544367100470987,-0.1420821944730255,-1.168887064308498,0,0,0,0,0,0,-0.4390148438667747,1.5383630715784486,-1.0688338480595831,-1.1715816081906243,1.3318889527502387
9192,M24051,-1.17963266567792,-0.6515397980526278,2.3437399436230373,-1.8264517311158648,-1.1218760207488836,0,0,0,0,0,0,-1.6932049820012807,1.6489991508224007,-1.2488872749641329,-0.9342678826885471,1.3318889527502387
9193,L56372,-1.17963266567792,-0.6515397980526278,0.11689234532281978,-0.4111826529899291,-1.074864977189269,0,0,0,0,0,0,-0.3884451010310624,1.6489991508224007,-1.0253921620861433,-1.0373573453190188,-0.3380416704365194
9194,M24053,-1.17963266567792,-0.6515397980526278,-0.057762368269354145,0.0971182130975551,-1.0435242814828596,0,0,0,0,0,0,0.2613580372713355,1.6489991508224007,-0.9244520494746872,-1.0197301365310996,1.3318889527502387
9195,L56374,-1.17963266567792,-0.7151356787800836,-0.8055028608358488,0.06721816215123279,-0.996513237923245,0,0,0,0,0,0,-0.32634807267344706,1.5383630715784486,-0.8858843087568041,-1.0353272454305225,-0.3380416704365194
9196,L56375,-1.17963266567792,-0.6515397980526278,-0.04684644866984327,-0.23178234731199313,-0.9651725422168353,0,0,0,0,0,0,-0.22411539819723528,1.6489991508224007,-0.9070047381975498,-0.9430418753773653,-0.3380416704365194
9197,L56376,-1.1327282494974047,-0.7151356787800836,0.36250053631181434,-0.2218156636632188,-0.9338318465104257,0,0,0,0,0,0,0.06681923309094856,1.4277269923344966,-0.8787146646489925,-0.8763060551404058,-0.3380416704365194
9198,M24057,-1.17963266567792,-0.778731559507503,-0.39069791605443566,0.9044195886482652,-0.9024911508040161,0,0,0,0,0,0,1.17924620871901,1.4277269923345595,-0.6485443658775233,-0.9141748452555761,1.3318889527502387
9199,M24058,-1.17963266567792,-0.778731559507503,-0.014098689871310664,-0.23178234731199313,-0.8554801072444016,0,0,0,0,0,0,-0.20209545227224654,1.4277269923345595,-0.8140465939031647,-0.8336343457768417,1.3318889527502387
9200,L56379,-1.17963266567792,-0.778731559507503,0.395248295110347,-0.8497167335359936,-0.8084690636847871,0,0,0,0,0,0,-0.9029661247411084,1.4277269923345595,-0.8990227698804786,-0.7456072340263842,-0.3380416704365194
9201,M24060,-1.17963266567792,-0.778731559507503,0.3352107373130372,-0.779949947994574,-0.7771283679783775,0,0,0,0,0,0,-0.8272237575523161,1.4277269923345595,-0.8622562698005186,-0.7200873929890426,1.3318889527502387
9202,L56381,-1.2265370818584087,-0.8423274402349586,-0.745465303038539,0.42601877350710404,-0.730117324418763,0,0,0,0,0,0,0.21058332153472578,1.4277269923344966,-0.5632856423491626,-0.7940622523405915,-0.3380416704365194
9203,L56382,-1.2265370818584087,-0.778731559507503,0.040480908126243685,-0.3015491328534128,-0.6987766287123534,0,0,0,0,0,0,-0.2711615592603771,1.5383630715784486,-0.6970719077698049,-0.6749894666855683,-0.3380416704365194
9204,L56383,-1.2265370818584087,-0.778731559507503,0.10051846592355347,-0.47098275488257374,-0.6674359330059436,0,0,0,0,0,0,-0.49022878724816477,1.5383630715784486,-0.7106341902200494,-0.6371404824229685,-0.3380416704365194
9205,L56384,-1.2265370818584087,-0.778731559507503,0.43891197350839045,-0.3812826020436061,-0.636095237299534,0,0,0,0,0,0,-0.13481553770622307,1.5383630715784486,-0.6641551180728569,-0.564512421046227,-0.3380416704365194
9206,L56385,-1.2265370818584087,-0.778731559507503,0.20967766191866216,-0.7002164788043806,-0.6047545415931244,0,0,0,0,0,0,-0.7759902929422695,1.5383630715784486,-0.7177685158839802,-0.561521737308052,-0.3380416704365194
9207,M24066,-1.17963266567792,-0.7151356787800836,0.03502294832648825,0.40608540620955536,-0.5734138458867147,0,0,0,0,0,0,0.797313370046663,1.5383630715784486,-0.4122639763146678,-0.5530646382603649,1.3318889527502387
9208,L56387,-1.17963266567792,-0.778731559507503,-0.8437085794341368,0.8645528540531686,-0.5264028023271002,0,0,0,0,0,0,0.728169178143906,1.4277269923345595,-0.24379499900303542,-0.6266829922656412,-0.3380416704365194
9209,L56388,-1.1327282494974047,-0.7151356787800836,-0.7345493834390281,0.0971182130975551,-0.49506210662069056,0,0,0,0,0,0,-0.2336612790104621,1.4277269923344966,-0.418868525320386,-0.583981574123221,-0.3380416704365194
9210,M24069,-1.1327282494974047,-0.6515397980526278,-0.8055028608358488,1.5921207604136847,-0.46372141091428093,0,0,0,0,0,0,1.7539218985353084,1.5383630715784486,0.02854552176216299,-0.566304850703875,1.3318889527502387
9211,M24070,-1.17963266567792,-0.6515397980526278,4.996308406304179,-2.5938863720714784,-0.41671036735466643,0,0,0,0,0,0,-2.514424029139961,1.6489991508224007,-1.1285926551059735,0.3382779508312293,1.3318889527502387
9212,M24071,-1.1327282494974047,-0.6515397980526278,-0.7181755040397618,0.9143862722970396,-0.36969932379505194,0,0,0,0,0,0,0.9060368530512964,1.5383630715784486,-0.05713702309276767,-0.47006821306286406,1.3318889527502387
9213,L56392,-1.1327282494974047,-0.7151356787800836,-0.821876740235115,1.3927870874382007,-0.3226882802354375,0,0,0,0,0,0,1.466208269975514,1.4277269923344966,0.1440721516964083,-0.44476623640380014,-0.3380416704365194
9214,L56393,-1.1327282494974047,-0.6515397980526278,0.7554736418942057,-0.7500498970482516,-0.2913475845290278,0,0,0,0,0,0,-0.5368064388235406,1.5383630715784486,-0.5012664548943981,-0.159660988648634,-0.3380416704365194
9215,L56394,-1.1327282494974047,-0.7151356787800836,-0.17783748386397372,-0.28161576555586415,-0.2600068888226182,0,0,0,0,0,0,-0.38579021393372287,1.4277269923344966,-0.3256631519188349,-0.282199798503529,-0.3380416704365194
9216,L56395,-1.17963266567792,-0.778731559507503,0.7663895614937165,-0.819816682589671,-0.2286661931162085,0,0,0,0,0,0,-0.6453347095416042,1.4277269923345595,-0.4787332876984189,-0.09129118557459208,-0.3380416704365194
9217,H38630,-1.273441498038924,-0.778731559507503,-0.39069791605443566,0.37618535526323305,-0.19732549740979885,0,0,0,0,0,0,0.41931405894868284,1.6489991508224007,-0.04947292077062397,-0.25954190316265296,-2.0079722936232773
9218,L56397,-1.2265370818584087,-0.778731559507503,-0.6526799864426965,0.9642196905409106,-0.11897375814377473,0,0,0,0,0,0,1.0328955574781935,1.5383630715784486,0.23816048619498054,-0.23481429622813926,-0.3380416704365194
9219,L56398,-1.273441498038924,-0.778731559507503,-1.0183632930263107,1.024019792433556,-0.08763306243736507,0,0,0,0,0,0,0.7878260529194075,1.6489991508224007,0.2950231808431416,-0.2750102740203664,-0.3380416704365194
9220,M24079,-1.273441498038924,-0.778731559507503,-1.0401951322253324,1.701754280550201,-0.05629236673095542,0,0,0,0,0,0,1.6642511346998154,1.6489991508224007,0.5826565878087461,-0.2523523786794904,1.3318889527502387
9221,L56400,-1.2265370818584087,-0.7151356787800836,-1.411336398608702,1.8113878006867175,-0.009281323171340937,0,0,0,0,0,0,1.423573906588833,1.6489991508223378,0.685009438175436,-0.28497261786342637,-0.3380416704365194
9222,M24081,-1.2265370818584087,-0.6515397980526278,0.733641802695184,-0.9892503046188322,0.022059372535068716,0,0,0,0,0,0,-0.941832890997006,1.7596352300662899,-0.3656436303919519,0.16852198844779553,1.3318889527502387
9223,M24082,-1.17963266567792,-0.6515397980526278,-0.08505216726813132,-0.1420821944730255,0.0690704160946832,0,0,0,0,0,0,-0.11584090345171194,1.6489991508224007,0.005376622576328624,0.050429592495021776,1.3318889527502387
9224,L56403,-1.17963266567792,-0.6515397980526278,-0.8655404186331586,0.396118722560781,0.11608145965429768,0,0,0,0,0,0,0.07520360079908871,1.6489991508224007,0.26740415772832027,-0.0685342609708626,-0.3380416704365194
9225,L56404,-1.17963266567792,-0.6515397980526278,-0.494399152249789,0.6851525483752327,0.14742215536070732,0,0,0,0,0,0,0.7770112922434819,1.6489991508224007,0.4192734664159553,0.038298507795470595,-0.3380416704365194
9226,L56405,-1.1327282494974047,-0.5879439173251723,1.525045973659722,-1.6271180581403808,0.17876285106711698,0,0,0,0,0,0,-1.6541625246874705,1.6489991508224007,-0.5309339477543082,0.5067069210924264,-0.3380416704365194
9227,L56406,-1.1327282494974047,-0.5879439173251723,1.535961893259233,-1.6370847417891552,0.21010354677352663,0,0,0,0,0,0,-1.6673393540308814,1.6489991508224007,-0.5185724923960123,0.5451698867847177,-0.3380416704365194
9228,L56407,-1.1327282494974047,-0.5879439173251723,-0.36886607685541395,0.43598545715587766,0.2414442424799363,0,0,0,0,0,0,0.5226399222296803,1.6489991508224007,0.40896048080274855,0.15269711224380958,-0.3380416704365194
9229,M24088,-1.0858238333168893,-0.5879439173251723,0.17147194332037413,-0.24174903096076747,0.27278493818634597,0,0,0,0,0,0,-0.09265944442163722,1.5383630715784486,0.13764419491009453,0.30540023556387424,1.3318889527502387
9230,M24089,-1.0858238333168893,-0.6515397980526278,2.7367130492054286,-2.2051857097692844,0.3197959817459604,0,0,0,0,0,0,-2.2987925373957885,1.4277269923344966,-0.7201701700678776,0.9525168566062184,1.3318889527502387
9231,L56410,-1.0389194171364007,-0.5243480365977528,2.0817578732347766,-1.7267848946281228,0.3668070253055749,0,0,0,0,0,0,-1.6068040239658186,1.5383630715784486,-0.4775324606064699,0.8563198306703489,-0.3380416704365194
9232,L56411,-1.0389194171364007,-0.5879439173251723,-0.008640730071555228,-0.34141586744850944,0.39814772101198453,0,0,0,0,0,0,-0.3636629012511213,1.4277269923345595,0.19627281175229783,0.3861486964946011,-0.3380416704365194
9233,L56412,-1.0389194171364007,-0.5879439173251723,-1.0401951322253324,1.203420098111491,0.4294884167183942,0,0,0,0,0,0,1.0054096675292707,1.4277269923345595,0.9665680727935352,0.16208508636231939,-0.3380416704365194
9234,L56413,-0.9920150009558852,-0.5879439173251723,-0.7509232628382944,0.5157189263460716,0.46082911242480384,0,0,0,0,0,0,0.3295164071269197,1.3170909130906074,0.666997031796205,0.26125299018379333,-0.3380416704365194
9235,L56414,-0.9920150009558852,-0.5879439173251723,1.9835145968391785,-1.9560186185499293,0.4921698081312135,0,0,0,0,0,0,-2.073947025725556,1.3170909130906074,-0.5274021033662237,0.9836318509947816,-0.3380416704365194
9236,M24095,-1.0389194171364007,-0.7151356787800836,0.28063113931548284,-0.47098275488257374,0.5235105038376232,0,0,0,0,0,0,-0.3768494912088605,1.2064548338466554,0.23420482048032593,0.5826029481433328,1.3318889527502387
9237,L56416,-1.0858238333168893,-0.8423274402349586,0.08414458652428716,-0.829783366238445,0.5705215473972377,0,0,0,0,0,0,-1.0472865682016064,1.0958187546027032,0.08713882016048564,0.5782060488726384,-0.3380416704365194
9238,M24097,-1.0858238333168893,-0.778731559507503,1.4759243354619231,-1.4477177524624456,0.6018622431036473,0,0,0,0,0,0,-1.356717563642209,1.2064548338466554,-0.21243222083684485,0.9802351472789071,1.3318889527502387
9239,M24098,-1.0389194171364007,-0.778731559507503,-0.46165139345125633,0.12701826404387812,0.6488732866632618,0,0,0,0,0,0,0.008577647393072688,1.0958187546027662,0.6515275533763946,0.5067069210924264,1.3318889527502387
9240,H38653,-1.0389194171364007,-0.778731559507503,-0.5708105894463651,1.193453414462717,0.6958843302228762,0,0,0,0,0,0,1.4278880981220088,1.0958187546027662,1.273379394786439,0.5196599486736615,-2.0079722936232773
9241,M24100,-1.0858238333168893,-0.8423274402349586,-0.9746996146282673,0.9642196905409106,0.7742360694889004,0,0,0,0,0,0,0.7472609397703583,1.0958187546027032,1.2366835315942406,0.47497794527417175,1.3318889527502387
9242,L56421,-1.0858238333168893,-0.8423274402349586,0.7773054810932274,-1.0789504574578,0.8212471130485148,0,0,0,0,0,0,-1.0662514418417899,1.0958187546027032,0.12355213580163735,1.0272344354291683,-0.3380416704365194
9243,M24102,-1.0389194171364007,-0.8423274402349586,-1.4822898760055228,2.0904549428523946,0.8525878087549246,0,0,0,0,0,0,1.6966661348846055,0.9851826753588141,1.9748036902600274,0.3922984137178021,1.3318889527502387
9244,L56423,-0.9920150009558852,-0.778731559507503,-0.4725673130507672,0.9044195886482652,0.8995988523145391,0,0,0,0,0,0,1.107505693404884,0.9851826753588141,1.341649946808113,0.7341177203091558,-0.3380416704365194
9245,L56424,-0.9920150009558852,-0.778731559507503,1.235774104272684,-1.2583507631357356,0.9309395480209487,0,0,0,0,0,0,-1.1381090845278579,0.9851826753588141,0.08869283169124303,1.2836509057356815,-0.3380416704365194
9246,L56425,-0.9920150009558852,-0.7151356787800836,0.9137544760871134,-1.2583507631357356,0.9622802437273583,0,0,0,0,0,0,-1.295323299516242,1.0958187546027032,0.1079767020501844,1.2193214965860617,-0.3380416704365194
9247,L56426,-0.9920150009558852,-0.7151356787800836,1.7542802852494503,-1.288250814082058,0.993620939433768,0,0,0,0,0,0,-0.9394903435581774,1.0958187546027032,0.10903625536660977,1.5154586042231053,-0.3380416704365194
9248,L56427,-0.9920150009558852,-0.7151356787800836,0.8428009986902927,-0.919483519077413,1.0249616351401776,0,0,0,0,0,0,-0.7674595160192018,1.0958187546027032,0.3554883567671488,1.2645778697101016,-0.3380416704365194
9249,M24108,-0.9920150009558852,-0.5879439173251723,-0.2869966798590824,0.06721816215123279,1.0563023308465873,0,0,0,0,0,0,0.05011882197496645,1.3170909130906074,0.9925624474898376,0.9373653793896362,1.3318889527502387
9250,L56429,-0.9920150009558852,-0.6515397980526278,0.6353985262995862,-0.7699832643457997,1.1033133744062018,0,0,0,0,0,0,-0.6387267736412414,1.2064548338466554,0.5045321899443163,1.2811454653854886,-0.3380416704365194
9251,H38664,-0.9920150009558852,-0.6515397980526278,1.5414198530589884,-1.3978843342185745,1.1346540701126113,0,0,0,0,0,0,-1.237999211565241,1.2064548338466554,0.12454105223030075,1.6115070862646947,-2.0079722936232773
9252,M24111,-1.0389194171364007,-0.5879439173251723,0.6026507675010535,-1.1088505084041227,1.2130058093786356,0,0,0,0,0,0,-1.205486605237165,1.4277269923345595,0.36078612334927557,1.3849578416347907,1.3318889527502387
9253,M24112,-1.0858238333168893,-0.6515397980526278,-0.041388488870087836,-0.3812826020436061,1.26001685293825,0,0,0,0,0,0,-0.4448907336925028,1.4277269923344966,0.8785898290863496,1.2131519735102898,1.3318889527502387
9254,M24113,-1.0389194171364007,-0.6515397980526278,-0.17783748386397372,0.05725147850245845,1.3070278964978645,0,0,0,0,0,0,0.11465600391469419,1.3170909130906074,1.2152099177146867,1.211161485326935,1.3318889527502387
9255,L56434,-0.9920150009558852,-0.5879439173251723,0.41162217450961325,-0.879616784482316,1.354038940057479,0,0,0,0,0,0,-0.941091084308043,1.3170909130906074,0.6107347506940182,1.4645179514112758,-0.3380416704365194
9256,L56435,-1.0389194171364007,-0.6515397980526278,0.6026507675010535,-0.8397500498872194,1.3853796357638886,0,0,0,0,0,0,-0.7703877003177376,1.3170909130906074,0.6605337565660101,1.564804885902994,-0.3380416704365194
9257,L56436,-1.0389194171364007,-0.5879439173251723,0.15509806392110784,-0.47098275488257374,1.4167203314702983,0,0,0,0,0,0,-0.4558714248120119,1.4277269923345595,0.9428340785056072,1.4359083973729057,-0.3380416704365194
9258,M24117,-0.9920150009558852,-0.5879439173251723,-1.334924961412126,1.8711879025793627,1.448061027176708,0,0,0,0,0,0,1.5788652805545125,1.3170909130906074,2.635964959709453,0.9235805060004318,1.3318889527502387
9259,H38672,-0.9920150009558852,-0.6515397980526278,-0.8819142980324248,0.32635193701936205,-1.7016788913174623,0,0,0,0,0,0,-0.03187033838403468,1.2064548338466554,-1.531152278459849,-1.6560921796275558,-2.0079722936232773
9260,M24119,-1.0389194171364007,-0.6515397980526278,0.8373430388905372,-1.1885839775943163,-1.623327152051438,0,0,0,0,0,0,-1.2168870027727978,1.3170909130906074,-1.4817064570266654,-1.572214393990659,1.3318889527502387
9261,L56440,-1.0389194171364007,-0.6515397980526278,-0.8928302176319357,1.7814877497403943,-1.5763161084918236,0,0,0,0,0,0,1.9219899166569316,1.3170909130906074,-1.36783979395482,-1.5470015436681632,-0.3380416704365194
9262,H38675,-0.9920150009558852,-0.6515397980526278,-0.38523995625468027,-0.15204887812179985,-1.544975412785414,0,0,0,0,0,0,-0.3368700149195191,1.2064548338466554,-1.3955294539574028,-1.5105191632329416,-2.0079722936232773
9263,M24122,-0.9920150009558852,-0.5879439173251723,-0.745465303038539,0.7050859156727813,-1.4666236735193898,0,0,0,0,0,0,0.5942925920148507,1.3170909130906074,-1.2821572490998892,-1.447536552058129,1.3318889527502387
9264,L56443,-0.9920150009558852,-0.5879439173251723,0.2860890991152383,0.0173847439073618,-1.4196126299597753,0,0,0,0,0,0,0.3884705176707729,1.3170909130906074,-1.276223750527907,-1.37213567132149,-0.3380416704365194
9265,M24124,-0.9920150009558852,-0.6515397980526278,-0.07959420746837588,-0.3015491328534128,-1.3882719342533656,0,0,0,0,0,0,-0.3503982263787542,1.2064548338466554,-1.2705021626192101,-1.3538548693987378,1.3318889527502387
9266,M24125,-0.9920150009558852,-0.7151356787800836,-0.821876740235115,0.9741863741896849,-1.341260890693751,0,0,0,0,0,0,0.8963836054804561,1.0958187546027032,-1.1274271464579055,-1.3394956262849833,1.3318889527502387
9267,L56446,-1.0389194171364007,-0.7151356787800836,1.0720353102800209,-1.4377510688136712,-1.2942498471341368,0,0,0,0,0,0,-1.5232238834712801,1.2064548338466554,-1.2969909955298442,-1.2088562227286737,-0.3380416704365194
9268,L56447,-1.0389194171364007,-0.778731559507503,-0.9746996146282673,1.7316543314965234,-1.262909151427727,0,0,0,0,0,0,1.7708956068524868,1.0958187546027662,-0.9645031648355661,-1.278434182809528,-0.3380416704365194
9269,L56448,-1.0389194171364007,-0.778731559507503,0.6845201644973851,-0.8397500498872194,-1.2315684557213173,0,0,0,0,0,0,-0.7242687976157994,1.0958187546027662,-1.1973929837858603,-1.1611439238858676,-0.3380416704365194
9270,L56449,-1.0389194171364007,-0.778731559507503,-1.0183632930263107,2.0904549428523946,-1.2002277600149078,0,0,0,0,0,0,2.2019243355969498,1.0958187546027662,-0.8428664441099344,-1.2270181895360017,-0.3380416704365194
9271,L56450,-1.0389194171364007,-0.778731559507503,-1.3021772026135934,2.0406215246085235,-1.168887064308498,0,0,0,0,0,0,1.829283601765291,1.0958187546027662,-0.8058527149228086,-1.2177094388277747,-0.3380416704365194
9272,L56451,-1.0389194171364007,-0.8423274402349586,2.4583570994179014,-1.936085251252381,-1.1375463686020884,0,0,0,0,0,0,-1.8626980498148584,0.9851826753588141,-1.2705021626192101,-0.9462900351989594,-0.3380416704365194
9273,L56452,-1.0389194171364007,-0.9059233209623782,-1.0238212528260662,1.4127204547357495,-1.1062056728956788,0,0,0,0,0,0,1.2979645607959782,0.8745465961149249,-0.8050757091574299,-1.1469431275926787,-0.3380416704365194
9274,H38687,-1.0389194171364007,-0.8423274402349586,-0.1123419662669085,-0.42114933663870274,-1.074864977189269,0,0,0,0,0,0,-0.5500418318529213,0.9851826753588141,-1.0268048998413772,-1.0539942614784032,-2.0079722936232773
9275,L56454,-1.0389194171364007,-0.8423274402349586,-0.6144742678444085,1.4924539239259427,-0.996513237923245,0,0,0,0,0,0,1.80550674526118,0.9851826753588141,-0.6586101223835642,-1.0197301365310996,-0.3380416704365194
9276,L56455,-1.0389194171364007,-0.8423274402349586,0.3515846167123035,-1.0490504065114776,-0.9651725422168353,0,0,0,0,0,0,-1.2408005078775066,0.9851826753588141,-1.0431220209143277,-0.9090649352923367,-0.3380416704365194
9277,L56456,-1.0858238333168893,-0.8423274402349586,0.8209691594912709,-0.9593502536725096,-0.9338318465104257,0,0,0,0,0,0,-0.845466345732194,1.0958187546027032,-1.006779342160938,-0.8355456105499138,-0.3380416704365194
9278,L56457,-1.0389194171364007,-0.8423274402349586,-0.5107730316490553,0.8446194867556199,-0.9024911508040161,0,0,0,0,0,0,0.9892851326586675,0.9851826753588141,-0.6593518097050619,-0.9252859285477365,-0.3380416704365194
9279,H38692,-1.0389194171364007,-0.778731559507503,0.3570425765120589,-0.0025486233901868775,-0.8711504550976064,0,0,0,0,0,0,0.4080015069420055,1.0958187546027662,-0.7842731457116121,-0.8131749000713129,-2.0079722936232773
9280,M24139,-1.0389194171364007,-0.778731559507503,0.5699030087025209,-1.168650610296768,-0.7927987158315822,0,0,0,0,0,0,-1.3186902102185576,1.0958187546027662,-0.9534838103447422,-0.7112539827425123,1.3318889527502387
9281,H38694,-1.0389194171364007,-0.778731559507503,-0.38523995625468027,0.33631862066813567,-0.7457876722719677,0,0,0,0,0,0,0.36618703515891476,1.0958187546027662,-0.5982862202350805,-0.7680967796204092,-2.0079722936232773
9282,L56461,-1.0389194171364007,-0.7151356787800836,-1.1166065694219085,0.5057522426972973,-0.6674359330059436,0,0,0,0,0,0,0.0215397432212572,1.2064548338466554,-0.48219449519874164,-0.782891751490719,-0.3380416704365194
9283,M24142,-1.0389194171364007,-0.7151356787800836,-0.6908857050409846,0.43598545715587766,-0.636095237299534,0,0,0,0,0,0,0.2675267455269172,1.2064548338466554,-0.46721947499326333,-0.7039060114387842,1.3318889527502387
9284,M24143,-0.9920150009558852,-0.6515397980526278,1.4268026972641241,-1.2384173958381872,-0.5890841937399195,0,0,0,0,0,0,-1.009669160579751,1.2064548338466554,-0.8415596616863432,-0.38909198482757423,1.3318889527502387
9285,L56464,-1.0389194171364007,-0.7151356787800836,0.7773054810932274,-0.819816682589671,-0.542073150180305,0,0,0,0,0,0,-0.6391464800573652,1.2064548338466554,-0.7026522219029785,-0.42276193419775715,-0.3380416704365194
9286,M24145,-1.0389194171364007,-0.6515397980526278,-0.7127175442400063,0.7648860175654266,-0.5107324544738954,0,0,0,0,0,0,0.7043923216397951,1.3170909130906074,-0.25347225262638706,-0.5948945988896744,1.3318889527502387
9287,L56466,-1.0389194171364007,-0.7151356787800836,0.3515846167123035,-0.7899166316433484,-0.46372141091428093,0,0,0,0,0,0,-0.8334900719511831,1.2064548338466554,-0.6383020171520781,-0.4004506412768683,-0.3380416704365194
9288,L56467,-1.0389194171364007,-0.7151356787800836,0.9192124358868687,-1.178617293945542,-0.43238071520787125,0,0,0,0,0,0,-1.1592115327059718,1.2064548338466554,-0.7272691772879276,-0.2852399968731308,-0.3380416704365194
9289,L56468,-1.0389194171364007,-0.7151356787800836,-0.5271469110483216,1.3130536182480075,-0.4010400195014616,0,0,0,0,0,0,1.6375460938971702,1.2064548338466554,0.025437498700648854,-0.4692066584760388,-0.3380416704365194
9290,L56469,-1.0389194171364007,-0.7151356787800836,-0.9474098156294901,0.5057522426972973,-0.36969932379505194,0,0,0,0,0,0,0.1577003131031698,1.2064548338466554,-0.18022180001751376,-0.5054216599015561,-0.3380416704365194
9291,L56470,-1.0389194171364007,-0.6515397980526278,-0.6690538658419629,0.42601877350710404,-0.3383586280886423,0,0,0,0,0,0,0.27098200299919023,1.3170909130906074,-0.17301683746582128,-0.43440777550932624,-0.3380416704365194
9292,L56471,-1.0389194171364007,-0.6515397980526278,-1.0238212528260662,1.7814877497403943,-0.30701793238223263,0,0,0,0,0,0,1.7865906746926388,1.3170909130906074,0.28569911165859824,-0.46361150512481725,-0.3380416704365194
9293,L56472,-1.0389194171364007,-0.6515397980526278,0.55898708910301,-0.5806162750190901,-0.275677236675823,0,0,0,0,0,0,-0.37803052554260314,1.3170909130906074,-0.4351856463933365,-0.1754759619263346,-0.3380416704365194
9294,L56473,-0.9920150009558852,-0.5879439173251723,-0.5653526296466096,-0.1919156127168965,-0.24433654096941335,0,0,0,0,0,0,-0.5166605308496145,1.3170909130906074,-0.2829984717107738,-0.3326552079273766,-0.3380416704365194
9295,L56474,-1.0858238333168893,-0.6515397980526278,-0.5653526296466096,-0.37131591839483175,-0.2129958452630037,0,0,0,0,0,0,-0.7691285810693671,1.4277269923344966,-0.3165509933975767,-0.30419419778328666,-0.3380416704365194
9296,M24155,-1.0389194171364007,-0.6515397980526278,-0.6963436648407401,0.7947860685117489,-0.18165514955659404,0,0,0,0,0,0,0.7597057230391353,1.3170909130906074,0.10984857957586927,-0.29878720003148673,1.3318889527502387
9297,H38710,-1.0389194171364007,-0.6515397980526278,-0.09051012706788675,-0.08228209258038018,-0.13464410599697954,0,0,0,0,0,0,-0.030347682548796225,1.3170909130906074,-0.1502011227187952,-0.1468862137405352,-2.0079722936232773
9298,M24157,-1.0858238333168893,-0.7151356787800836,-0.33611831805688136,0.34628530431691,-0.05629236673095542,0,0,0,0,0,0,0.4186600977886761,1.3170909130905446,0.0783092091902743,-0.11821724214445303,1.3318889527502387
9299,L56478,-1.0858238333168893,-0.7151356787800836,-1.2421396448162836,1.0638865270286526,-0.009281323171340937,0,0,0,0,0,0,0.6381958352642305,1.3170909130905446,0.3989300427405886,-0.2518176206600816,-0.3380416704365194
9300,M24159,-1.0858238333168893,-0.7151356787800836,-1.122064529221664,1.0439531597311038,0.022059372535068716,0,0,0,0,0,0,0.7207901537115954,1.3170909130905446,0.426902250294218,-0.20184745462421608,1.3318889527502387
9301,L56480,-1.0858238333168893,-0.7151356787800836,-0.9474098156294901,0.19678504958529708,0.0690704160946832,0,0,0,0,0,0,-0.25592524029366287,1.3170909130905446,0.14107008396653645,-0.1263772534035797,-0.3380416704365194
9302,M24161,-1.0858238333168893,-0.7151356787800836,-0.44527751405199,1.0339864760823294,0.10041111180109286,0,0,0,0,0,0,1.3165487704773513,1.3170909130905446,0.5118431078276512,0.005470307159542293,1.3318889527502387
9303,M24162,-1.0858238333168893,-0.7151356787800836,1.4377186168636351,-1.477617803408768,0.14742215536070732,0,0,0,0,0,0,-1.426896380663782,1.3170909130905446,-0.48509060759697087,0.45196354458702326,1.3318889527502387
9304,L56483,-1.0389194171364007,-0.6515397980526278,-0.2706228004598161,-0.1620155617705742,0.19443319892032182,0,0,0,0,0,0,-0.2727134969386012,1.3170909130906074,0.10561036631016751,0.13050465443834494,-0.3380416704365194
9305,L56484,-0.9920150009558852,-0.5879439173251723,-0.019556649671066097,0.30641856972181336,0.22577389462673148,0,0,0,0,0,0,0.6043460247731569,1.3170909130906074,0.3368402183980624,0.21606593754375084,-0.3380416704365194
9306,H38719,-0.9920150009558852,-0.5879439173251723,0.5753609685022764,-0.969316937321284,0.2571145903331411,0,0,0,0,0,0,-0.9946182932852775,1.3170909130906074,-0.19788102195793644,0.3814349035827755,-2.0079722936232773
9307,M24166,-0.9920150009558852,-0.5243480365977528,1.323101461068771,-1.1586839266479936,0.3354663295991652,0,0,0,0,0,0,-0.9214429676648686,1.4277269923344966,-0.231786728083548,0.6393071040532349,1.3318889527502387
9308,L56487,-0.9920150009558852,-0.5879439173251723,-0.7945869412363379,0.9841530578384585,0.3824773731587797,0,0,0,0,0,0,0.9342547890748518,1.3170909130906074,0.8081295335440628,0.1812472487244676,-0.3380416704365194
9309,L56488,-0.9451105847753966,-0.5879439173251723,-0.6417640668431857,0.8047527521605232,0.4138180688651894,0,0,0,0,0,0,0.8203484198618111,1.2064548338467183,0.7574828850189307,0.2463094744192033,-0.3380416704365194
9310,L56489,-0.9920150009558852,-0.5243480365977528,0.11689234532281978,-0.23178234731199313,0.44515876457159903,0,0,0,0,0,0,-0.1140156685722909,1.4277269923344966,0.2881714027302574,0.4630746278791836,-0.3380416704365194
9311,L56490,-0.9451105847753966,-0.4607521558702971,0.045938867925999126,0.08715152944878075,0.4764994602780087,0,0,0,0,0,0,0.3220885796229668,1.4277269923345595,0.4718273109106533,0.4761167817969868,-0.3380416704365194
9312,L56491,-0.9451105847753966,-0.39715627514287766,-0.003182770271799793,0.32635193701936205,0.5078401559844183,0,0,0,0,0,0,0.6469999093884944,1.5383630715784486,0.6201647752102042,0.4942292339728881,-0.3380416704365194
9313,H38726,-0.8982061685948812,-0.39715627514287766,0.17692990312012957,-0.6304496932629611,0.539180851690828,0,0,0,0,0,0,-0.6877836212560436,1.4277269923344966,0.16582831312700919,0.5714621560723164,-2.0079722936232773
9314,L56493,-0.8982061685948812,-0.39715627514287766,-0.6690538658419629,0.5157189263460716,0.6175325909568521,0,0,0,0,0,0,0.39554696305890097,1.4277269923344966,0.8262832136988175,0.42217554232069676,-0.3380416704365194
9315,M24174,-0.8982061685948812,-0.39715627514287766,0.13326622472208607,-0.6204830096141867,0.6488732866632618,0,0,0,0,0,0,-0.6987447911468955,1.4277269923344966,0.2541950597168842,0.6686197658578646,1.3318889527502387
9316,L56495,-0.8982061685948812,-0.333560394415422,0.15509806392110784,0.10708489674632944,0.6958843302228762,0,0,0,0,0,0,0.43236400030582356,1.5383630715784486,0.6843737061855808,0.721174595654206,-0.3380416704365194
9317,H38730,-0.8982061685948812,-0.39715627514287766,-0.6745118256417183,0.12701826404387812,0.727225025929286,0,0,0,0,0,0,-0.1482559036365026,1.4277269923344966,0.7242835477709361,0.5189370350548311,-2.0079722936232773
9318,L56497,-0.8982061685948812,-0.333560394415422,-0.3306603582571259,-0.18194892906812216,0.8055767651953101,0,0,0,0,0,0,-0.3427263835165906,1.5383630715784486,0.6218600605164845,0.6889207647428279,-0.3380416704365194
9319,L56498,-0.8982061685948812,-0.39715627514287766,-0.9637836950287564,0.45591882445342635,0.8369174609017197,0,0,0,0,0,0,0.07795609403971274,1.4277269923344966,1.0149543409102935,0.5321376357931998,-0.3380416704365194
9320,L56499,-0.8982061685948812,-0.39715627514287766,2.0217203154374666,-1.836418414764639,0.8682581566081293,0,0,0,0,0,0,-1.8362467849847521,1.4277269923344966,-0.2858239472212414,1.4475245299056188,-0.3380416704365194
9321,L56500,-0.9451105847753966,-0.4607521558702971,-0.7181755040397618,0.3163852533705877,0.8995988523145391,0,0,0,0,0,0,0.08087451772392018,1.4277269923345595,0.9957411074391136,0.6601428609576069,-0.3380416704365194
9322,L56501,-0.9451105847753966,-0.5243480365977528,-1.122064529221664,1.3529203528431042,0.9309395480209487,0,0,0,0,0,0,1.1247331776946028,1.3170909130906074,1.6432694575505324,0.5649361276502721,-0.3380416704365194
9323,M24182,-0.8982061685948812,-0.4607521558702971,-0.15600564466495198,-0.18194892906812216,0.9622802437273583,0,0,0,0,0,0,-0.22372497362409716,1.3170909130906074,0.7564233317025053,0.8893559927582695,1.3318889527502387
9324,L56503,-0.8513017524143659,-0.39715627514287766,-0.5107730316490553,0.027351427556136138,1.0092912872869728,0,0,0,0,0,0,-0.1688507998695374,1.3170909130905446,0.9251042196774228,0.8229172603098703,-0.3380416704365194
9325,L56504,-0.8513017524143659,-0.4607521558702971,-0.019556649671066097,-0.23178234731199313,1.0406319829933826,0,0,0,0,0,0,-0.20576544325974452,1.2064548338466554,0.7928013288997761,1.0075474179738968,-0.3380416704365194
9326,M24185,-0.8513017524143659,-0.4607521558702971,-0.16692156426446284,0.08715152944878075,1.071972678699792,0,0,0,0,0,0,0.16677768442862992,1.2064548338466554,1.0194044648392797,0.9906629286573785,1.3318889527502387
9327,L56506,-0.8513017524143659,-0.4607521558702971,0.7445577222946949,-0.869650100833542,1.1189837222594066,0,0,0,0,0,0,-0.739553919654156,1.2064548338466554,0.45233152988842673,1.3332051488675625,-0.3380416704365194
9328,L56507,-0.8982061685948812,-0.5243480365977528,-0.19966932306299545,-0.6204830096141867,1.1503244179658163,0,0,0,0,0,0,-0.8993937398968942,1.2064548338466554,0.6350691585279208,1.0546160266081552,-0.3380416704365194
9329,H38742,-0.8982061685948812,-0.5879439173251723,2.7858346874032276,-2.085585505983994,1.1816651136722258,0,0,0,0,0,0,-2.042927793389734,1.0958187546027662,-0.29641948038549504,2.0811137536421778,-2.0079722936232773
9330,L56509,-0.8982061685948812,-0.5879439173251723,-0.3634081170556585,0.13698494769265174,1.26001685293825,0,0,0,0,0,0,0.09534950877301483,1.0958187546027662,1.2256994955472975,1.1027244425023754,-0.3380416704365194
9331,M24190,-0.9451105847753966,-0.6515397980526278,-0.18329544366372916,-0.3812826020436061,1.2913575486446596,0,0,0,0,0,0,-0.536503859779358,1.0958187546027662,0.9040897455683199,1.194336413568129,1.3318889527502387
9332,L56511,-0.9451105847753966,-0.7151356787800836,-0.24333300146103892,-0.20188229636567082,1.338368592204274,0,0,0,0,0,0,-0.3124294366410739,0.9851826753588141,1.0656716263231871,1.2179746986112543,-0.3380416704365194
9333,M24192,-0.8982061685948812,-0.6515397980526278,2.076299913435021,-1.786584996520768,1.3697092879106838,0,0,0,0,0,0,-1.721510763553793,0.9851826753588141,-0.008220978317796841,2.0725180136264956,1.3318889527502387
9334,L56513,-0.8982061685948812,-0.6515397980526278,-0.494399152249789,0.05725147850245845,1.4167203314702983,0,0,0,0,0,0,-0.11462082666065539,0.9851826753588141,1.3153377061168832,1.2013972000095818,-0.3380416704365194
9335,L56514,-0.9451105847753966,-0.7151356787800836,-0.7563812226380499,0.48581887539974866,1.448061027176708,0,0,0,0,0,0,0.2840612261993159,0.9851826753588141,1.649202956122514,1.1345722534360543,-0.3380416704365194
9336,L56515,-0.9451105847753966,-0.7151356787800836,-0.21604320246226177,1.004086425136007,1.4794017228831176,0,0,0,0,0,0,1.4787994624592176,0.9851826753588141,2.0536697754459556,1.3613591682968067,-0.3380416704365194
9337,L56516,-0.8982061685948812,-0.7151356787800836,1.0065397926829558,-0.7998833152921226,1.5107424185895273,0,0,0,0,0,0,-0.4755195414551871,0.874546596114862,0.7784973591280336,1.8458301280285967,-0.3380416704365194
9338,H38751,-0.8982061685948812,-0.7151356787800836,-0.2215011622620172,0.03731811120490977,1.5420831142959368,0,0,0,0,0,0,0.05374977050514979,0.874546596114862,1.4151476285241518,1.4187664319729685,-2.0079722936232773
9339,H38752,-0.8982061685948812,-0.6515397980526278,-0.05230440846959871,-0.9095168354286386,1.620434853561961,0,0,0,0,0,0,-1.243943425691268,0.9851826753588141,0.7750008331838301,1.558120410660384,-2.0079722936232773
9340,L56519,-0.8982061685948812,-0.6515397980526278,-0.45073547385174545,0.48581887539974866,1.6987865928279853,0,0,0,0,0,0,0.5289355184715322,0.9851826753588141,1.9023655618604134,1.4770550560885263,-0.3380416704365194
9341,H38754,-0.9451105847753966,-0.7151356787800836,0.1987617423191513,-0.28161576555586415,-1.7016788913174623,0,0,0,0,0,0,-0.1359282477396668,0.9851826753588141,-1.531152278459849,-1.6560921796275558,-2.0079722936232773
9342,M24201,-0.9920150009558852,-0.7151356787800836,-0.9692416548285118,0.6153857628338136,-1.623327152051438,0,0,0,0,0,0,0.2864720979384441,1.0958187546027032,-1.4497432653145004,-1.5886037369929098,1.3318889527502387
9343,H38756,-0.9920150009558852,-0.7151356787800836,0.9028385564876025,-0.8098499989408967,-1.5763161084918236,0,0,0,0,0,0,-0.5513302329442775,1.0958187546027032,-1.4413021572269784,-1.5209370416851276,-2.0079722936232773
9344,M24203,-0.9920150009558852,-0.778731559507503,-0.8164187804353596,1.0439531597311038,-1.4979643692257996,0,0,0,0,0,0,0.9962737325178386,0.9851826753588141,-1.2997458341525503,-1.4770175636096097,1.3318889527502387
9345,L56524,-1.0389194171364007,-0.778731559507503,0.41162217450961325,-0.6204830096141867,-1.450953325666185,0,0,0,0,0,0,-0.5309891126837823,1.0958187546027662,-1.3407152290543307,-1.4000421175936004,-0.3380416704365194
9346,L56525,-1.0389194171364007,-0.778731559507503,-0.5380628306478324,0.7050859156727813,-1.4196126299597753,0,0,0,0,0,0,0.7686171639210126,1.0958187546027662,-1.2323582432278972,-1.3990518249650656,-0.3380416704365194
9347,M24206,-1.0389194171364007,-0.778731559507503,0.4662017725071676,0.04728479485368411,-1.3882719342533656,0,0,0,0,0,0,0.5652450037733755,1.0958187546027662,-1.2457792519026185,-1.334049016828042,1.3318889527502387
9348,M24207,-1.0389194171364007,-0.8423274402349586,-0.6253901874439194,0.26655183512671676,-1.341260890693751,0,0,0,0,0,0,0.08279735874662504,0.9851826753588141,-1.185102165315326,-1.3312960033207153,1.3318889527502387
9349,L56528,-1.0389194171364007,-0.8423274402349586,-0.5708105894463651,0.9143862722970396,-1.2942498471341368,0,0,0,0,0,0,1.0354333172035912,0.9851826753588141,-1.080277023876977,-1.2863565238378065,-0.3380416704365194
9350,M24209,-1.0389194171364007,-0.8423274402349586,0.31883685791377087,-0.37131591839483175,-1.262909151427727,0,0,0,0,0,0,-0.19672711439159765,0.9851826753588141,-1.1731645312836003,-1.2127183639799595,1.3318889527502387
9351,L56530,-1.0389194171364007,-0.8423274402349586,3.522659260370211,-2.2051857097692844,-1.2158981078681126,0,0,0,0,0,0,-2.0486084709288934,0.9851826753588141,-1.3362651051253442,-0.9850104769746697,-0.3380416704365194
9352,L56531,-0.9920150009558852,-0.778731559507503,0.5699030087025209,-0.9493835700237356,-1.1845574121617028,0,0,0,0,0,0,-0.9654535776718611,0.9851826753588141,-1.1768376494472084,-1.1185118262274447,-0.3380416704365194
9353,L56532,-1.0389194171364007,-0.8423274402349586,1.3067275816695045,-1.1985506612430905,-1.1532167164552933,0,0,0,0,0,0,-0.9992253032483068,0.9851826753588141,-1.186267673963394,-1.0391398720503813,-0.3380416704365194
9354,L56533,-1.0389194171364007,-0.778731559507503,-1.0674849312241097,0.43598545715587766,-1.1218760207488836,0,0,0,0,0,0,-0.03082595265089125,1.0958187546027662,-0.9522476648089127,-1.1632730530372173,-0.3380416704365194
9355,M24214,-1.0389194171364007,-0.778731559507503,0.36250053631181434,-0.7998833152921226,-1.090535325042474,0,0,0,0,0,0,-0.8429285860067971,1.0958187546027662,-1.091755518138252,-1.0354460805459467,1.3318889527502387
9356,L56535,-0.9920150009558852,-0.7151356787800836,0.9137544760871134,-1.1885839775943163,-1.0435242814828596,0,0,0,0,0,0,-1.178625394605264,1.0958187546027032,-1.1158073784211076,-0.9456958596218386,-0.3380416704365194
9357,L56536,-0.9920150009558852,-0.7151356787800836,-1.4768319162057673,1.2731868836529108,-1.0121835857764498,0,0,0,0,0,0,0.6861399728455889,1.0958187546027032,-0.7121882017508065,-1.102716658802315,-0.3380416704365194
9358,M24217,-0.9920150009558852,-0.7151356787800836,0.5753609685022764,-1.4477177524624456,-0.9808428900700402,0,0,0,0,0,0,-1.7657849101476542,1.0958187546027032,-1.1184915801560518,-0.9062822130061539,1.3318889527502387
9359,L56538,-1.0389194171364007,-0.8423274402349586,-0.7290914236392727,0.5157189263460716,-0.9338318465104257,0,0,0,0,0,0,0.3471245553754482,0.9851826753588141,-0.7506499871370472,-0.9733547327368153,-0.3380416704365194
9360,M24219,-1.0858238333168893,-0.8423274402349586,0.22059358151817304,0.7449526502678779,-0.9024911508040161,0,0,0,0,0,0,1.4680042230119486,1.0958187546027032,-0.6773642160842931,-0.8576093303136689,1.3318889527502387
9361,L56540,-1.1327282494974047,-0.9059233209623782,-0.04684644866984327,0.26655183512671676,-0.8554801072444016,0,0,0,0,0,0,0.5235476593622274,1.0958187546027662,-0.7186867954248821,-0.8368428938932944,-0.3380416704365194
9362,L56541,-1.1327282494974047,-0.9059233209623782,0.37887441571108066,-0.6802831115068321,-0.824139411537992,0,0,0,0,0,0,-0.645012609268765,1.0958187546027662,-0.8764896026844992,-0.7632443457405887,-0.3380416704365194
9363,M24222,-1.1327282494974047,-0.9695192016898337,0.771847521293472,-0.6902497951556064,-0.7927987158315822,0,0,0,0,0,0,-0.4288150018935418,0.9851826753588141,-0.8551572625804686,-0.6900023029341557,1.3318889527502387
9364,L56543,-1.17963266567792,-0.9695192016898337,-0.11779992606666392,-0.5606829077215421,-0.7457876722719677,0,0,0,0,0,0,-0.7610955954770511,1.0958187546027662,-0.7921844771409214,-0.7384969329535044,-0.3380416704365194
9365,L56544,-1.17963266567792,-0.9695192016898337,0.7773054810932274,-1.1387505593504452,-0.7144469765655581,0,0,0,0,0,0,-1.1648141253305038,1.0958187546027662,-0.8970096185792704,-0.6060948085184029,-0.3380416704365194
9366,M24225,-1.1327282494974047,-0.9059233209623782,-1.5641592730018543,1.5821540767649103,-0.6831062808591485,0,0,0,0,0,0,0.9832725942323401,1.0958187546027662,-0.25015231890158757,-0.8489046581088482,1.3318889527502387
9367,L56546,-1.1327282494974047,-0.9695192016898337,-0.4343615944524792,0.8047527521605232,-0.636095237299534,0,0,0,0,0,0,0.9983820252127849,0.9851826753588141,-0.37835827018905627,-0.6722562590308122,-0.3380416704365194
9368,L56547,-1.17963266567792,-0.9695192016898337,-0.3743240366551694,0.5157189263460716,-0.6047545415931244,0,0,0,0,0,0,0.6332569644140329,1.0958187546027662,-0.4161490051415608,-0.6356946551853078,-0.3380416704365194
9369,L56548,-1.273441498038924,-1.0331150824172894,-0.16692156426446284,-0.13211551082425116,-0.5734138458867147,0,0,0,0,0,0,-0.15746992356256193,1.2064548338466554,-0.5495820861233945,-0.5794460338845316,-0.3380416704365194
9370,M24229,-1.273441498038924,-1.096710963144709,0.03502294832648825,-0.3115158165021871,-0.542073150180305,0,0,0,0,0,0,-0.289862896313692,1.0958187546027662,-0.5693604146966681,-0.5224249843334985,1.3318889527502387
9371,H38784,-1.273441498038924,-1.0331150824172894,-0.6690538658419629,1.193453414462717,-0.49506210662069056,0,0,0,0,0,0,1.3367044390656058,1.2064548338466554,-0.11972130564962576,-0.5748312702355596,-2.0079722936232773
9372,L56551,-1.273441498038924,-1.0331150824172894,-1.373130680010414,1.1336533125700714,-0.41671036735466643,0,0,0,0,0,0,0.6077329579451296,1.2064548338466554,-0.045446618168208046,-0.609372677118853,-0.3380416704365194
9373,L56552,-1.273441498038924,-1.0331150824172894,-0.29245463965883783,0.14695163134142608,-0.38536967164825675,0,0,0,0,0,0,0.16226828060888512,1.2064548338466554,-0.3029180740595706,-0.4191374631773198,-0.3380416704365194
9374,L56553,-1.273441498038924,-0.9695192016898337,-0.47802527285052265,0.5555856609411683,-0.3540289759418471,0,0,0,0,0,0,0.6063469507104896,1.3170909130906074,-0.14914156940236983,-0.4186423168630524,-0.3380416704365194
9375,M24234,-1.2265370818584087,-0.9695192016898337,-0.407071795453702,0.47585219175097504,-0.3226882802354375,0,0,0,0,0,0,0.5496084996191956,1.2064548338466554,-0.14186596996291556,-0.3785354654073934,1.3318889527502387
9376,H38789,-1.273441498038924,-1.0331150824172894,-1.3785886398101694,0.9542530068921362,-0.275677236675823,0,0,0,0,0,0,0.37643568020379065,1.2064548338466554,0.059767026152830485,-0.49538999557449864,-2.0079722936232773
9377,H38790,-1.273441498038924,-1.0331150824172894,1.0774932700797764,-1.2184840285406389,-0.19732549740979885,0,0,0,0,0,0,-1.1475280773548144,1.2064548338466554,-0.5919642187804091,-0.003808734769828693,-2.0079722936232773
9378,H38791,-1.273441498038924,-1.096710963144709,-0.2869966798590824,0.10708489674632944,-0.11897375814377473,0,0,0,0,0,0,0.10821399845791553,1.0958187546027662,-0.06861551735404242,-0.16780119405518998,-2.0079722936232773
9379,L56558,-1.3203459142194127,-1.096710963144709,1.5032141344607002,-1.1088505084041227,-0.04062201887775059,0,0,0,0,0,0,-0.7416622123491016,1.2064548338466554,-0.4529508236654016,0.25018151859677434,-0.3380416704365194
9380,L56559,-1.367250330399928,-1.1603068438721644,-0.6635959060422074,0.8545861704043942,-0.009281323171340937,0,0,0,0,0,0,0.8708595990115527,1.2064548338466554,0.31882781201883126,-0.1384489205454188,-0.3380416704365194
9381,L56560,-1.4141547465804434,-1.223902724599584,-0.5762685492461205,0.575519028238717,0.022059372535068716,0,0,0,0,0,0,0.5544204824831223,1.2064548338467183,0.24430589543024753,-0.09291526548538913,-0.3380416704365194
9382,M24241,-1.367250330399928,-1.223902724599584,-0.3306603582571259,0.24661846782916805,0.05340006824147837,0,0,0,0,0,0,0.2784391123461274,1.0958187546027662,0.14604998455373577,-0.014583118568287213,1.3318889527502387
9383,L56562,-1.367250330399928,-1.1603068438721644,0.37887441571108066,-0.6304496932629611,0.10041111180109286,0,0,0,0,0,0,-0.5664396639247223,1.2064548338466554,-0.16644760690398408,0.17743462210460864,-0.3380416704365194
9384,H38797,-1.367250330399928,-1.223902724599584,0.040480908126243685,-0.1719822454193478,0.1317518075075025,0,0,0,0,0,0,-0.07473895651459783,1.0958187546027662,0.04737025235065395,0.1374862174695152,-2.0079722936232773
9385,M24244,-1.3203459142194127,-1.223902724599584,-0.8819142980324248,1.7416210151452978,0.21010354677352663,0,0,0,0,0,0,1.8794336381848786,0.9851826753588141,0.9421277096279903,0.009956332766804894,1.3318889527502387
9386,M24245,-1.367250330399928,-1.223902724599584,1.9998884762384448,-1.6370847417891552,0.2571145903331411,0,0,0,0,0,0,-1.4723710828200425,1.0958187546027662,-0.49367298946001636,0.7045178736422508,1.3318889527502387
9387,M24246,-1.367250330399928,-1.2874986053270396,2.6875914110076295,-2.3148192299058006,0.3041256338927556,0,0,0,0,0,0,-2.532705659777153,0.9851826753588141,-0.7761852220628985,0.9208869100508172,1.3318889527502387
9388,H38801,-1.4141547465804434,-1.3510944860544953,-0.821876740235115,1.203420098111491,0.3511366774523701,0,0,0,0,0,0,1.208430445561083,0.9851826753588141,0.8747401187033372,0.14713166767144406,-2.0079722936232773
9389,M24248,-1.367250330399928,-1.3510944860544953,0.018649068927221946,-0.20188229636567082,0.4294884167183942,0,0,0,0,0,0,-0.13486434077786605,0.874546596114862,0.2893015929344444,0.4233638934749385,1.3318889527502387
9390,L56569,-1.3203459142194127,-1.2874986053270396,-1.5423274338028325,1.7416210151452978,0.4764994602780087,0,0,0,0,0,0,1.2015199306165383,0.874546596114862,1.2867650850172792,0.07555331648094941,-0.3380416704365194
9391,M24250,-1.367250330399928,-1.2874986053270396,0.10597642572330891,-0.09224877622915452,0.5078401559844183,0,0,0,0,0,0,0.09181616638611531,0.9851826753588141,0.41100895054783765,0.5221554860975692,1.3318889527502387
9392,H38805,-1.3203459142194127,-1.1603068438721644,2.894993883398336,-2.135418924227865,0.5548511995440328,0,0,0,0,0,0,-2.1069086203127405,1.0958187546027032,-0.5902689334741285,1.2971981088940376,-2.0079722936232773
9393,L56572,-1.3203459142194127,-1.223902724599584,-0.5653526296466096,0.6353191301313617,0.633202938810057,0,0,0,0,0,0,0.6474977007192446,0.9851826753588141,0.9053612095480301,0.46425307610714,-0.3380416704365194
9394,H38807,-1.273441498038924,-1.1603068438721644,-0.281538720059327,0.30641856972181336,0.6645436345164666,0,0,0,0,0,0,0.40288694503389694,0.9851826753588141,0.7620742827234406,0.5704718634437816,-2.0079722936232773
9395,L56574,-1.273441498038924,-1.1603068438721644,-1.1275224890214195,1.303086934599233,0.7428953737824907,0,0,0,0,0,0,1.0544079514581024,0.9851826753588141,1.3889766616084458,0.40474639205848445,-0.3380416704365194
9396,L56575,-1.273441498038924,-1.1603068438721644,-0.2215011622620172,-0.0025486233901868775,0.7742360694889004,0,0,0,0,0,0,-0.004813915465564588,0.9851826753588141,0.6953930606764045,0.6909013499998975,-0.3380416704365194
9397,L56576,-1.2265370818584087,-1.096710963144709,-0.23241708186152807,0.7349859666191036,0.8055767651953101,0,0,0,0,0,0,1.069380733837948,0.9851826753588141,1.1417475544425282,0.7174411924446299,-0.3380416704365194
9398,M24257,-1.273441498038924,-1.1603068438721644,-0.9310359362302237,1.3429536691943298,0.8369174609017197,0,0,0,0,0,0,1.294128639364896,0.9851826753588141,1.5241756647843216,0.541763280142558,1.3318889527502387
9399,H38812,-1.273441498038924,-1.1603068438721644,-0.07959420746837588,0.0173847439073618,0.8839285044613342,0,0,0,0,0,0,0.12623209250823875,0.9851826753588141,0.8056925609162846,0.837365629760193,-2.0079722936232773
9400,L56579,-1.2265370818584087,-1.096710963144709,-0.3470342376563922,0.48581887539974866,0.9622802437273583,0,0,0,0,0,0,0.6120178676353197,0.9851826753588141,1.1587004075053338,0.8304335813604494,-0.3380416704365194
9401,L56580,-1.273441498038924,-1.1603068438721644,-0.5162309914488107,0.396118722560781,0.993620939433768,0,0,0,0,0,0,0.3494378209712911,0.9851826753588141,1.135672782095023,0.8068844226538922,-0.3380416704365194
9402,M24261,-1.273441498038924,-1.1603068438721644,0.9792499936841785,-1.4277843851648968,1.0249616351401776,0,0,0,0,0,0,-1.5487478899401834,0.9851826753588141,0.04207248576852715,1.307655599051365,1.3318889527502387
9403,L56582,-1.273441498038924,-1.223902724599584,1.0556614308807546,-0.919483519077413,1.071972678699792,0,0,0,0,0,0,-0.6505956806646404,0.8745465961149249,0.3880166435814072,1.3832941500188523,-0.3380416704365194
9404,L56583,-1.273441498038924,-1.223902724599584,0.8537169182898036,-1.0789504574578,1.1033133744062018,0,0,0,0,0,0,-1.0264866990676742,0.8745465961149249,0.30855014484950544,1.3520504175885797,-0.3380416704365194
9405,L56584,-1.273441498038924,-1.1603068438721644,2.5456844562139884,-2.0556854550376715,1.1346540701126113,0,0,0,0,0,0,-2.065757870303985,0.9851826753588141,-0.29737307837027777,1.9413141432719212,-0.3380416704365194
9406,M24265,-1.273441498038924,-1.223902724599584,-0.39069791605443566,0.8844862213507165,1.165994765819021,0,0,0,0,0,0,1.1505695238220162,0.8745465961149249,1.6229260338751654,1.0060817848836652,1.3318889527502387
9407,M24266,-1.273441498038924,-1.223902724599584,3.5390331397694776,-2.4244527500423168,1.2130058093786356,0,0,0,0,0,0,-2.513447967707116,0.8745465961149249,-0.50635231081324,2.375923869156985,1.3318889527502387
9408,L56587,-1.2265370818584087,-1.096710963144709,-0.5762685492461205,1.0140531087847815,1.26001685293825,0,0,0,0,0,0,1.170705671181614,0.9851826753588141,1.8131158541735177,1.029729972853076,-0.3380416704365194
9409,H38822,-1.17963266567792,-1.0331150824172894,0.5262393303044774,-0.5407495404239934,1.2913575486446596,0,0,0,0,0,0,-0.3340882398359102,0.9851826753588141,0.7961565810684563,1.4402260732333174,-2.0079722936232773
9410,L56589,-1.1327282494974047,-0.9695192016898337,0.6736042448978742,-1.1586839266479936,1.3697092879106838,0,0,0,0,0,0,-1.2501511764041635,0.9851826753588141,0.4278911667228818,1.573687810780951,-0.3380416704365194
9411,M24270,-1.1327282494974047,-0.9695192016898337,0.6845201644973851,-0.8895834681310903,1.4010499836170935,0,0,0,0,0,0,-0.8055747149718089,0.9851826753588141,0.6366938069464395,1.6105663082675867,1.3318889527502387
9412,L56591,-1.1327282494974047,-0.9695192016898337,-0.745465303038539,0.6652191810776846,1.448061027176708,0,0,0,0,0,0,0.5394769819462616,0.9851826753588141,1.776985086083413,1.138553229802764,-0.3380416704365194
9413,L56592,-1.1327282494974047,-0.9695192016898337,0.8810067172885807,-1.3181508650283809,1.4794017228831176,0,0,0,0,0,0,-1.4109865793084044,0.9851826753588141,0.38314269832585046,1.7654282695178571,-0.3380416704365194
9414,L56593,-1.0858238333168893,-0.9059233209623782,-0.5544367100470987,0.495785559048523,1.5107424185895273,0,0,0,0,0,0,0.45989869332638794,0.9851826753588141,1.7197338885525626,1.2652215599186492,-0.3380416704365194
9415,L56594,-1.0858238333168893,-0.9059233209623782,-1.0183632930263107,1.3927870874382007,1.5420831142959368,1,0,0,0,1,0,1.2768133095462204,0.9851826753588141,2.4094324606577104,1.119480193777184,-0.3380416704365194
9416,M24275,-1.0389194171364007,-0.8423274402349586,-0.9801575744280226,0.42601877350710404,-1.7016788913174623,0,0,0,0,0,0,0.02507308560815744,0.9851826753588141,-1.531152278459849,-1.6560921796275558,1.3318889527502387
9417,M24276,-1.0858238333168893,-0.9695192016898337,-0.4234456748529683,0.595452395536265,-1.6546678477578478,0,0,0,0,0,0,0.7078768609550524,0.874546596114862,-1.4825187812359248,-1.612628236161164,1.3318889527502387
9418,H38831,-1.0858238333168893,-1.0331150824172894,-0.13963176526568566,0.38615203891200667,-1.6076568041982333,0,0,0,0,0,0,0.6303092588868405,0.7639105168709099,-1.4383354079409874,-1.5660745796937434,-2.0079722936232773
9419,L56598,-1.1327282494974047,-1.0331150824172894,-0.5926424286453867,0.625352446482588,-1.529305064932209,0,0,0,0,0,0,0.6109246788305347,0.874546596114862,-1.351663946657393,-1.5001012847807556,-0.3380416704365194
9420,L56599,-1.1327282494974047,-1.0331150824172894,2.0217203154374666,-1.786584996520768,-1.4979643692257996,0,0,0,0,0,0,-1.7429841150763885,0.874546596114862,-1.4301415289606312,-1.410073781920658,-0.3380416704365194
9421,L56600,-1.1327282494974047,-1.0331150824172894,-0.3743240366551694,0.20675173323407142,-1.4666236735193898,0,0,0,0,0,0,0.18786061137808804,0.874546596114862,-1.3086460820105232,-1.437435567247074,-0.3380416704365194
9422,M24281,-1.0858238333168893,-0.9695192016898337,-0.8655404186331586,1.4525871893308462,-1.43528297781298,0,0,0,0,0,0,1.505055515002755,0.874546596114862,-1.2039268959038167,-1.4234328294795922,1.3318889527502387
9423,L56602,-1.0858238333168893,-0.9695192016898337,0.6790622046976296,-1.0291170392139288,-1.3882719342533656,0,0,0,0,0,0,-1.0361204254098573,0.874546596114862,-1.3220670906852443,-1.3263247343254705,-0.3380416704365194
9424,L56603,-1.0858238333168893,-0.9695192016898337,0.7390997624949394,-0.9394168863749613,-1.356931238546956,0,0,0,0,0,0,-0.8571107586260381,0.874546596114862,-1.2941655200193765,-1.2909514816342078,-0.3380416704365194
9425,M24284,-1.1327282494974047,-0.9695192016898337,0.24242542071719478,-0.6902497951556064,-1.3255905428405463,0,0,0,0,0,0,-0.7412522665473068,0.9851826753588141,-1.2514302029235538,-1.2793848637329215,1.3318889527502387
9426,M24285,-1.0858238333168893,-0.9059233209623782,-0.6854277452412292,0.6353191301313617,-1.2785794992809318,0,0,0,0,0,0,0.5480760831696274,0.9851826753588141,-1.0896364115054011,-1.277750880895839,1.3318889527502387
9427,L56606,-1.0858238333168893,-0.8423274402349586,-1.0893167704231315,1.5721873931161368,-1.2315684557213173,0,0,0,0,0,0,1.444022393606941,1.0958187546027032,-0.9409810812109229,-1.2576974551680096,-0.3380416704365194
9428,L56607,-1.0389194171364007,-0.778731559507503,-0.003182770271799793,-0.5108494894776711,-1.2002277600149078,0,0,0,0,0,0,-0.6156331601401237,1.0958187546027662,-1.137846087402755,-1.168075972285611,-0.3380416704365194
9429,H38842,-1.0389194171364007,-0.778731559507503,1.6178312902555645,-1.1487172429992196,-1.168887064308498,0,0,0,0,0,0,-0.7543510109760906,1.0958187546027662,-1.1901173843464061,-1.0375752096972963,-2.0079722936232773
9430,L56609,-1.0389194171364007,-0.778731559507503,-0.23241708186152807,-0.39124928569238043,-1.090535325042474,0,0,0,0,0,0,-0.5828374959965226,1.0958187546027662,-1.03528132637278,-1.0775434201849605,-0.3380416704365194
9431,L56610,-1.0858238333168893,-0.8423274402349586,0.7118099634961622,-1.1088505084041227,-1.0591946293360643,0,0,0,0,0,0,-1.1492654667052786,1.0958187546027032,-1.1141120931148267,-0.9776327968920855,-0.3380416704365194
9432,L56611,-1.1327282494974047,-0.9059233209623782,-0.6035583482448976,1.701754280550201,-1.0278539336296546,0,0,0,0,0,0,2.10933514807725,1.0958187546027662,-0.6654972189403291,-1.047161242341513,-0.3380416704365194
9433,L56612,-1.1327282494974047,-0.8423274402349586,0.42799605390887957,0.0173847439073618,-0.996513237923245,0,0,0,0,0,0,0.49023468265921866,1.2064548338466554,-0.8938309586299944,-0.9346144851085343,-0.3380416704365194
9434,M24293,-1.1327282494974047,-0.8423274402349586,-0.6035583482448976,1.193453414462717,-0.9651725422168353,0,0,0,0,0,0,1.3974935451032082,1.2064548338466554,-0.6696294768743881,-0.9905165039893231,1.3318889527502387
9435,L56614,-1.1327282494974047,-0.9059233209623782,0.4662017725071676,-0.660349744209284,-0.9181614986572209,0,0,0,0,0,0,-0.5615788779891534,1.0958187546027662,-0.9431001878437736,-0.8509842726287712,-0.3380416704365194
9436,L56615,-1.1327282494974047,-0.8423274402349586,-0.532604870848077,0.9343196395945875,-0.8868208029508112,0,0,0,0,0,0,1.0971496816023953,1.2064548338466554,-0.6257286511304972,-0.9130162028801905,-0.3380416704365194
9437,L56616,-1.1327282494974047,-0.9059233209623782,-0.3252023984573705,0.2565851514779424,-0.8554801072444016,0,0,0,0,0,0,0.2970330826418294,1.0958187546027662,-0.7205939913944478,-0.8641155528831426,-0.3380416704365194
9438,M24297,-1.0858238333168893,-0.8423274402349586,-0.07413624766862045,0.30641856972181336,-0.824139411537992,0,0,0,0,0,0,0.562375383160811,1.0958187546027032,-0.6806841498090925,-0.8092731471148858,1.3318889527502387
9439,M24298,-1.0858238333168893,-0.8423274402349586,-1.2312237252167726,1.6818209132526523,-0.7771283679783775,0,0,0,0,0,0,1.4438564631633577,1.0958187546027032,-0.3475605871249592,-0.8877736437788386,1.3318889527502387
9440,M24299,-1.0858238333168893,-0.778731559507503,-0.5871844688456314,0.8246861194580719,-0.730117324418763,0,0,0,0,0,0,0.8951732893037285,1.2064548338466554,-0.47569590152466606,-0.7762567908795359,1.3318889527502387
9441,M24300,-1.0858238333168893,-0.778731559507503,-0.8873722578321803,1.3529203528431042,-0.6831062808591485,0,0,0,0,0,0,1.3492761103206528,1.2064548338466554,-0.30295339250345144,-0.769087072248944,1.3318889527502387
9442,L56621,-1.0858238333168893,-0.778731559507503,-0.5926424286453867,0.34628530431691,-0.636095237299534,0,0,0,0,0,0,0.2195630867169014,1.2064548338466554,-0.4888343626483406,-0.6917848296655182,-0.3380416704365194
9443,M24302,-1.0858238333168893,-0.778731559507503,-0.8000449010360933,0.7947860685117489,-0.6047545415931244,0,0,0,0,0,0,0.6708743720358884,1.2064548338466554,-0.3469248551351039,-0.6897646327033073,1.3318889527502387
9444,H38857,-1.1327282494974047,-0.778731559507503,-0.7072595844402509,1.3828204037894265,-0.5577434980335099,0,0,0,0,0,0,1.5629164367418218,1.3170909130906074,-0.14405571348352825,-0.6360610634578656,-2.0079722936232773
9445,L56624,-1.0858238333168893,-0.7151356787800836,3.2497612703824394,-2.3945526990959944,-0.47939175876748574,0,0,0,0,0,0,-2.5316027103580376,1.3170909130905446,-1.0931329374496048,-0.00618543707831219,-0.3380416704365194
9446,M24305,-1.0389194171364007,-0.6515397980526278,-0.5162309914488107,0.5854857118874907,-0.44805106306107606,0,0,0,0,0,0,0.6176009390311956,1.3170909130906074,-0.2370844946656748,-0.5105216669385102,1.3318889527502387
9447,H38860,-1.0858238333168893,-0.7151356787800836,-0.8327926598346259,1.3529203528431042,-0.4010400195014616,0,0,0,0,0,0,1.4014953969778738,1.3170909130905446,0.03716322206908945,-0.5152354598503358,-2.0079722936232773
9448,M24307,-1.0858238333168893,-0.7151356787800836,-1.1875600468187293,1.1735200471651688,-0.3226882802354375,0,0,0,0,0,0,0.8296307640881699,1.3170909130905446,0.07569564434309187,-0.5031538897822114,1.3318889527502387
9449,L56628,-1.0389194171364007,-0.6515397980526278,1.3067275816695045,-1.0590170901602516,-0.275677236675823,0,0,0,0,0,0,-0.7559907941832701,1.3170909130906074,-0.589456609264869,-0.052016179926902294,-0.3380416704365194
9450,M24309,-1.0858238333168893,-0.778731559507503,-0.5817265090458759,0.18681836593652273,-0.24433654096941335,0,0,0,0,0,0,0.004087764801983821,1.2064548338466554,-0.1581830910358664,-0.3354181243609886,1.3318889527502387
9451,M24310,-1.1327282494974047,-0.8423274402349586,-0.2542489210605498,0.26655183512671676,-0.19732549740979885,0,0,0,0,0,0,0.3655428346132378,1.2064548338466554,-0.0867691975087968,-0.235774880077818,1.3318889527502387
9452,H38865,-1.1327282494974047,-0.8423274402349586,-0.025014609470821535,-0.032448674336509185,-0.15031445385018438,0,0,0,0,0,0,0.09041063792281871,1.2064548338466554,-0.14652800455518725,-0.1502135969724121,-2.0079722936232773
9453,M24312,-1.1327282494974047,-0.8423274402349586,-0.8109608206356042,1.3429536691943298,-0.07196271458416025,0,0,0,0,0,0,1.4087963364955565,1.2064548338466554,0.430292820906779,-0.2224653471503104,1.3318889527502387
9454,H38867,-1.0389194171364007,-0.6515397980526278,-0.9856155342277781,1.6818209132526523,-0.024951671024545763,0,0,0,0,0,0,1.693337765398604,1.3170909130906074,0.6153614668424087,-0.2150183465837288,-2.0079722936232773
9455,L56634,-0.9451105847753966,-0.5243480365977528,0.23150950111768392,-0.4510493875850258,0.05340006824147837,0,0,0,0,0,0,-0.37686901243751786,1.3170909130906074,-0.13084661547209203,0.09965703905948621,-0.3380416704365194
9456,L56635,-0.8982061685948812,-0.5243480365977528,2.414693421019858,-1.9659853021987037,0.08474076394788803,0,0,0,0,0,0,-1.9367713519534848,1.2064548338466554,-0.717839152771742,0.5825831422907621,-0.3380416704365194
9457,L56636,-0.8982061685948812,-0.4607521558702971,0.48803361170618936,-0.660349744209284,0.11608145965429768,0,0,0,0,0,0,-0.5485777397036549,1.3170909130906074,-0.16687142823055431,0.21635312240602592,-0.3380416704365194
9458,M24317,-0.8982061685948812,-0.4607521558702971,0.8264271192910263,-1.3181508650283809,0.14742215536070732,0,0,0,0,0,0,-1.4370474195653726,1.3170909130906074,-0.41840938554993495,0.32108647079986535,1.3318889527502387
9459,L56638,-0.9451105847753966,-0.5879439173251723,-0.6745118256417183,0.06721816215123279,0.19443319892032182,0,0,0,0,0,0,-0.2312406466570056,1.2064548338467183,0.20390159563056054,0.041833852479339795,-0.3380416704365194
9460,L56639,-0.9451105847753966,-0.5879439173251723,0.20967766191866216,-0.3812826020436061,0.22577389462673148,0,0,0,0,0,0,-0.28280597215422054,1.2064548338467183,0.037092585181327825,0.2672244547338581,-0.3380416704365194
9461,M24320,-0.9451105847753966,-0.5243480365977528,-0.7727551020373161,0.525685609994846,0.2571145903331411,0,0,0,0,0,0,0.32556335832389643,1.3170909130906074,0.46433980080791415,0.07568205452265893,1.3318889527502387
9462,M24321,-0.9451105847753966,-0.5243480365977528,-0.6908857050409846,0.6452858137801359,0.3041256338927556,0,0,0,0,0,0,0.5573584273959856,1.3170909130906074,0.5664807405113189,0.13625825461013205,1.3318889527502387
9463,L56642,-0.8982061685948812,-0.4607521558702971,0.16055602372086325,0.0173847439073618,0.3511366774523701,0,0,0,0,0,0,0.29844837171945504,1.3170909130906074,0.324160897044839,0.3806426694799476,-0.3380416704365194
9464,M24323,-0.8982061685948812,-0.4607521558702971,0.06231274732526543,-0.3115158165021871,0.3824773731587797,0,0,0,0,0,0,-0.27190336594933934,1.3170909130906074,0.19747363884424643,0.3880302524888172,1.3318889527502387
9465,L56644,-0.8513017524143659,-0.39715627514287766,-0.5489787502473433,0.8246861194580719,0.4294884167183942,0,0,0,0,0,0,0.9281056020479268,1.3170909130905446,0.7840423548173266,0.28329690409497776,-0.3380416704365194
9466,M24325,-0.8513017524143659,-0.39715627514287766,-0.4398195542522346,0.38615203891200667,0.46082911242480384,0,0,0,0,0,0,0.39517605971441877,1.3170909130905446,0.6036357434739681,0.33914940834433993,1.3318889527502387
9467,L56646,-0.8513017524143659,-0.39715627514287766,-0.37978199645492483,0.8047527521605232,0.5078401559844183,0,0,0,0,0,0,1.0452329739893569,1.3170909130905446,0.8592000033957653,0.39788366414273835,-0.3380416704365194
9468,L56647,-0.8513017524143659,-0.4607521558702971,0.8810067172885807,-1.2284507121894128,0.539180851690828,0,0,0,0,0,0,-1.2614734890251686,1.2064548338466554,-0.13720393537064404,0.7541414372581292,-0.3380416704365194
9469,L56648,-0.8513017524143659,-0.39715627514287766,-0.9037461372314466,1.5422873421698138,0.5705215473972377,0,0,0,0,0,0,1.5886063736543083,1.3170909130905446,1.3059783184884592,0.3183037485136826,-0.3380416704365194
9470,L56649,-0.8513017524143659,-0.39715627514287766,0.859174878089559,-0.6703164278580577,0.6018622431036473,0,0,0,0,0,0,-0.34413191197988724,1.3170909130905446,0.1925290567009284,0.8157376387529932,-0.3380416704365194
9471,H38884,-0.8513017524143659,-0.39715627514287766,-0.5544367100470987,0.7150525993215556,0.633202938810057,0,0,0,0,0,0,0.7689002217365387,1.3170909130905446,0.947460794653998,0.4672041481401737,-2.0079722936232773
9472,M24331,-0.8513017524143659,-0.39715627514287766,1.273979822870972,-1.2384173958381872,0.7115546780760811,0,0,0,0,0,0,-1.0848258909088353,1.3170909130905446,-0.03541618010604777,1.0493476698243502,1.3318889527502387
9473,M24332,-0.8043973362338772,-0.39715627514287766,-0.9037461372314466,0.8346528031068455,0.7585657216356956,0,0,0,0,0,0,0.6357263998391317,1.2064548338466554,1.1470806394685358,0.481702032221923,1.3318889527502387
9474,L56653,-0.8043973362338772,-0.333560394415422,-0.5162309914488107,0.007418060258587462,0.8055767651953101,0,0,0,0,0,0,-0.20100226346746014,1.3170909130906074,0.7292281299142543,0.6350488457505353,-0.3380416704365194
9475,M24334,-0.8043973362338772,-0.26996451368796637,-0.46710935325101177,0.6851525483752327,0.8369174609017197,0,0,0,0,0,0,0.7998511297720607,1.4277269923345595,1.146550862810323,0.6781265750917986,1.3318889527502387
9476,L56655,-0.7574929200533619,-0.26996451368796637,-0.09596808686764219,0.19678504958529708,0.8839285044613342,0,0,0,0,0,0,0.38206755467130743,1.3170909130906074,0.9105883392423954,0.8324636812489458,-0.3380416704365194
9477,M24336,-0.7574929200533619,-0.26996451368796637,0.8264271192910263,-0.7998833152921226,0.9152692001677438,0,0,0,0,0,0,-0.5782695284908071,1.3170909130906074,0.3503671824044262,1.1421182832654895,1.3318889527502387
9478,M24337,-0.7574929200533619,-0.26996451368796637,0.8318850790907818,-0.660349744209284,0.9622802437273583,0,0,0,0,0,0,-0.34380981170704944,1.3170909130906074,0.4682248296348068,1.1940690345584244,1.3318889527502387
9479,L56658,-0.7574929200533619,-0.26996451368796637,1.9071031596426025,-1.587251323545284,1.0092912872869728,0,0,0,0,0,0,-1.419126931658334,1.3170909130906074,-0.06473048852714942,1.5818676278926485,-0.3380416704365194
9480,H38893,-0.7105885038728732,-0.26996451368796637,0.3242948177135263,-0.6404163769117354,1.0406319829933826,0,0,0,0,0,0,-0.6148523109938467,1.2064548338467183,0.5393914940547105,1.1167271802698573,-2.0079722936232773
9481,M24340,-0.7105885038728732,-0.26996451368796637,-0.5817265090458759,0.38615203891200667,1.1189837222594066,0,0,0,0,0,0,0.28402218374200194,1.2064548338467183,1.2533538371059993,0.9000511531464452,1.3318889527502387
9482,L56661,-0.7105885038728732,-0.26996451368796637,-0.9583257352290009,1.093786577974975,1.165994765819021,0,0,0,0,0,0,0.9349868351494858,1.2064548338467183,1.758654813709254,0.8176092918209239,-0.3380416704365194
9483,H38896,-0.7574929200533619,-0.26996451368796637,-1.2639714840153053,1.7416210151452978,1.1973354615254308,0,0,0,0,0,0,1.4872521544676567,1.3170909130906074,2.2193132772471205,0.7420499642637194,-2.0079722936232773
9484,H38897,-0.7105885038728732,-0.26996451368796637,0.029564988526732817,-0.4610160712338001,1.2756872007914548,0,0,0,0,0,0,-0.5198034486633766,1.2064548338467183,0.8376557526284493,1.2527933874305375,-2.0079722936232773
9485,L56664,-0.7105885038728732,-0.26996451368796637,0.6681462850981187,-0.6204830096141867,1.354038940057479,0,0,0,0,0,0,-0.3763907423354228,1.2064548338467183,0.7897992611699045,1.5552782708164894,-0.3380416704365194
9486,L56665,-0.7105885038728732,-0.26996451368796637,0.2642572599162165,-0.5706495913703157,1.3853796357638886,0,0,0,0,0,0,-0.5422528616188167,1.2064548338467183,0.8483925595682268,1.4438505442537546,-0.3380416704365194
9487,M24346,-0.7105885038728732,-0.26996451368796637,-0.3743240366551694,0.6054190791850393,1.4167203314702983,0,0,0,0,0,0,0.7625655830373721,1.2064548338467183,1.7018980743927357,1.244752211286835,1.3318889527502387
9488,L56667,-0.7105885038728732,-0.26996451368796637,0.23150950111768392,-0.012515307038961216,1.4637313750299128,0,0,0,0,0,0,0.30297729676785645,1.2064548338467183,1.3083093357845947,1.510526946933002,-0.3380416704365194
9489,M24348,-0.7105885038728732,-0.26996451368796637,0.14418214432159696,-0.5407495404239934,1.4950720707363225,0,0,0,0,0,0,-0.5698070758680384,1.2064548338467183,0.9545598018740478,1.509556460157038,1.3318889527502387
9490,L56669,-0.7105885038728732,-0.2063686329605469,-0.7290914236392727,0.19678504958529708,1.5420831142959368,0,0,0,0,0,0,-0.09233734414879871,1.3170909130906074,1.5321223146575118,1.228125198053736,-0.3380416704365194
9491,M24350,-0.6636840876923579,-0.2063686329605469,-0.6690538658419629,0.47585219175097504,1.5734238100023465,0,0,0,0,0,0,0.3401847585879186,1.2064548338466554,1.7684027042203678,1.2787588601507198,1.3318889527502387
9492,M24351,-0.6636840876923579,-0.2063686329605469,-0.281538720059327,0.07718484580000713,1.620434853561961,0,0,0,0,0,0,0.06861518612738396,1.2064548338466554,1.516264333355013,1.4699447550156464,1.3318889527502387
9493,L56672,-0.6167796715118425,-0.07917687150567178,0.24788338051695022,-0.3314491837997351,1.6674458971215755,0,0,0,0,0,0,-0.18073922812159215,1.3170909130905446,1.2480560705238728,1.7207066544132261,-0.3380416704365194
9494,L56673,-0.6167796715118425,-0.14277275223309127,-0.7782130618370716,1.5422873421698138,1.6987865928279853,1,0,0,0,1,0,1.7129761214274501,1.2064548338466554,2.714760408007619,1.3481189558532964,-0.3380416704365194
9495,L56674,-0.5698752553313539,-0.07917687150567178,-0.13417380546593025,0.14695163134142608,1.7301272885343948,0,0,0,0,0,0,0.2794542162362866,1.2064548338466554,1.671029754440877,1.6317189588130898,-0.3380416704365194
9496,H38909,-0.5229708391508384,-0.015580990778216147,-0.9146620568309575,0.48581887539974866,1.7614679842408045,0,0,0,0,0,0,0.1572513248440604,1.2064548338466554,1.9656562132948887,1.3487824519144147,-2.0079722936232773
9497,M24356,-0.5698752553313539,-0.015580990778216147,-1.045653092025088,1.0439531597311038,1.8398197235068285,0,0,0,0,0,0,0.7896610484131554,1.3170909130906074,2.4917597533439615,1.363052568691601,1.3318889527502387
9498,H38911,-0.6167796715118425,-0.07917687150567178,-0.532604870848077,0.03731811120490977,-1.7016788913174623,0,0,0,0,0,0,-0.1704613012337328,1.3170909130905446,-1.531152278459849,-1.6560921796275558,-2.0079722936232773
9499,H38912,-0.5698752553313539,0.048014889949239484,0.007733149327711078,-0.3812826020436061,-1.623327152051438,0,0,0,0,0,0,-0.4131784977393605,1.4277269923345595,-1.4674024872549232,-1.5797406179675235,-2.0079722936232773
9500,L56679,-0.5698752553313539,0.048014889949239484,-0.0359305290703324,-0.2218156636632188,-1.544975412785414,0,0,0,0,0,0,-0.20180263384239297,1.4277269923345595,-1.3980017450290618,-1.504181290410319,-0.3380416704365194
9501,L56680,-0.5698752553313539,0.11161077067665898,0.8537169182898036,-0.929450202726187,-1.5136347170790043,0,0,0,0,0,0,-0.7780302613369154,1.5383630715784486,-1.401462952529385,-1.454428988752731,-0.3380416704365194
9502,L56681,-0.5229708391508384,0.1752066514041146,-0.7891289814365825,0.7449526502678779,-1.4822940213725946,0,0,0,0,0,0,0.6120959525499476,1.5383630715784486,-1.2967790848665592,-1.4625493883067164,-0.3380416704365194
9503,L56682,-0.5229708391508384,0.11161077067665898,-0.24879096126079436,0.9243529559458139,-1.450953325666185,0,0,0,0,0,0,1.332780672105568,1.4277269923344966,-1.2531254882298344,-1.419214182882034,-0.3380416704365194
9504,M24363,-0.5698752553313539,0.1752066514041146,0.056854787525509994,0.48581887539974866,-1.4196126299597753,0,0,0,0,0,0,0.9356017538521771,1.6489991508224007,-1.246344347004712,-1.379622283593213,1.3318889527502387
9505,L56684,-0.5698752553313539,0.1752066514041146,-0.5489787502473433,0.7050859156727813,-1.3726015864001608,0,0,0,0,0,0,0.7594421864522674,1.6489991508224007,-1.1825592373559053,-1.3566276887586353,-0.3380416704365194
9506,L56685,-0.5698752553313539,0.1752066514041146,-0.6090163080446531,0.0173847439073618,-1.341260890693751,0,0,0,0,0,0,-0.25342652302557844,1.6489991508224007,-1.2054102705468122,-1.3306127014070261,-0.3380416704365194
9507,H38920,-0.5229708391508384,0.23880253213153407,0.040480908126243685,0.16688499863897477,-1.3099201949873416,0,0,0,0,0,0,0.43898169682051463,1.6489991508223378,-1.1638404620990572,-1.272848932384592,-2.0079722936232773
9508,L56687,-0.5229708391508384,0.3023984128589897,-0.19421136326324,-0.11218214352670319,-1.2315684557213173,0,0,0,0,0,0,-0.14692846008783392,1.7596352300662899,-1.1200455916868088,-1.2089750578440979,-0.3380416704365194
9509,L56688,-0.5698752553313539,0.23880253213153407,0.3843323755108361,-0.3513825510972838,-1.2002277600149078,0,0,0,0,0,0,-0.12287830638252678,1.7596352300662899,-1.119763044135762,-1.1455765237653006,-0.3380416704365194
9510,M24369,-0.5698752553313539,0.23880253213153407,-0.21058524266250633,-0.012515307038961216,-1.168887064308498,0,0,0,0,0,0,-0.011685387952795301,1.7596352300662899,-1.0532230958642494,-1.150369540087409,1.3318889527502387
9511,M24370,-0.5698752553313539,0.23880253213153407,-0.19966932306299545,0.33631862066813567,-1.1218760207488836,0,0,0,0,0,0,0.5098827993023931,1.7596352300662899,-0.9653154890448254,-1.1050141377005156,1.3318889527502387
9512,L56691,-0.6167796715118425,0.1752066514041146,-0.49985711204954436,0.07718484580000713,-1.074864977189269,0,0,0,0,0,0,-0.09028761513982297,1.7596352300662899,-0.9561680120796864,-1.0821185721287914,-0.3380416704365194
9513,L56692,-0.6636840876923579,0.11161077067665898,0.18784582271964043,-0.21184898001444516,-1.0435242814828596,0,0,0,0,0,0,-0.03555985060019072,1.7596352300662899,-0.970436663407548,-1.001013605851792,-0.3380416704365194
9514,M24373,-0.6636840876923579,0.11161077067665898,0.3133788981140154,-0.6503830605605098,-1.0121835857764498,0,0,0,0,0,0,-0.6369893842907773,1.7596352300662899,-1.0121124271869455,-0.9597976266521739,1.3318889527502387
9515,L56694,-0.6636840876923579,0.048014889949239484,-0.6799697854414738,0.595452395536265,-0.9651725422168353,0,0,0,0,0,0,0.49731112804734673,1.6489991508224007,-0.769227488618372,-0.9970326294850821,-0.3380416704365194
9516,L56695,-0.6636840876923579,0.11161077067665898,0.771847521293472,-1.1088505084041227,-0.9338318465104257,0,0,0,0,0,0,-1.1183438405127415,1.7596352300662899,-1.0327383984133591,-0.8399128010417523,-0.3380416704365194
9517,L56696,-0.7105885038728732,0.048014889949239484,-1.0893167704231315,1.4525871893308462,-0.9024911508040161,0,0,0,0,0,0,1.2869545878334834,1.759635230066353,-0.5494761307917521,-0.9788211480463272,-0.3380416704365194
9518,L56697,-0.7105885038728732,0.048014889949239484,-0.09596808686764219,-0.08228209258038018,-0.8711504550976064,0,0,0,0,0,0,-0.034164082751221014,1.759635230066353,-0.7992481659170904,-0.8567378728005584,-0.3380416704365194
9519,L56698,-0.6636840876923579,0.048014889949239484,0.2151356217184176,0.19678504958529708,-0.8398097593911967,0,0,0,0,0,0,0.6151803066777392,1.6489991508224007,-0.7172387392257675,-0.795527885430823,-0.3380416704365194
9520,L56699,-0.6636840876923579,0.048014889949239484,-0.05230440846959871,-0.39124928569238043,-0.8084690636847871,0,0,0,0,0,0,-0.46688139777450666,1.6489991508224007,-0.8064178100249021,-0.7918935114841003,-0.3380416704365194
9521,L56700,-0.6636840876923579,0.048014889949239484,-0.9037461372314466,0.8944529049994909,-0.7771283679783775,0,0,0,0,0,0,0.716251468048865,1.6489991508224007,-0.5121798540535794,-0.8527172847287071,-0.3380416704365194
9522,M24381,-0.7105885038728732,0.048014889949239484,-0.30882851905810416,0.04728479485368411,-0.7457876722719677,0,0,0,0,0,0,0.005298080978712075,1.759635230066353,-0.6607645474602958,-0.7596396805727221,1.3318889527502387
9523,M24382,-0.6636840876923579,0.11161077067665898,0.6353985262995862,-0.760016580697026,-0.6987766287123534,0,0,0,0,0,0,-0.6225534356989959,1.7596352300662899,-0.8010494065550137,-0.6059066529189813,1.3318889527502387
9524,L56703,-0.6636840876923579,0.11161077067665898,-0.2542489210605498,0.06721816215123279,-0.6517655851527389,0,0,0,0,0,0,0.07389567847907663,1.7596352300662899,-0.5704199680130932,-0.6648290643168013,-0.3380416704365194
9525,H38938,-0.6636840876923579,0.1752066514041146,0.6408564860993415,-1.2284507121894128,-0.6204248894463292,0,0,0,0,0,0,-1.380006389429896,1.870271309310242,-0.8585478331930299,-0.5231776067311849,-2.0079722936232773
9526,L56705,-0.6167796715118425,0.1752066514041146,-0.7072595844402509,0.21671841688284574,-0.542073150180305,0,0,0,0,0,0,-0.04843410089941902,1.7596352300662899,-0.43084147779599247,-0.6220880344692398,-0.3380416704365194
9527,M24386,-0.5698752553313539,0.23880253213153407,-0.7945869412363379,1.5422873421698138,-0.5107324544738954,0,0,0,0,0,0,1.6967539804135623,1.7596352300662899,-0.04410451730073586,-0.606183934854971,1.3318889527502387
9528,L56707,-0.6167796715118425,0.23880253213153407,0.05139682772575456,0.396118722560781,-0.46372141091428093,0,0,0,0,0,0,0.795068428751119,1.870271309310179,-0.30627332622825093,-0.44347885598670495,-0.3380416704365194
9529,M24388,-0.6167796715118425,0.1752066514041146,-1.6787764287967184,1.901087953525685,-0.43238071520787125,0,0,0,0,0,0,1.2540125144749563,1.7596352300662899,0.156716154605751,-0.6670572227310045,1.3318889527502387
9530,L56709,-0.6167796715118425,0.1752066514041146,-0.44527751405199,0.675185864726459,-0.38536967164825675,0,0,0,0,0,0,0.8038822634897119,1.7596352300662899,-0.14568036190204695,-0.44242914580045806,-0.3380416704365194
9531,H38944,-0.6167796715118425,0.23880253213153407,-0.7400073432387835,1.3628870364918784,-0.3540289759418471,0,0,0,0,0,0,1.503981847426625,1.870271309310179,0.0968867106715991,-0.45952159656896857,-2.0079722936232773
9532,L56711,-0.5698752553313539,0.3023984128589897,-0.45073547385174545,0.4160520898583297,-0.275677236675823,0,0,0,0,0,0,0.42931868863534667,1.870271309310242,-0.11378780707764367,-0.34219172594016656,-0.3380416704365194
9533,L56712,-0.5698752553313539,0.3023984128589897,-0.8546244990336477,0.8745195377019429,-0.24433654096941335,0,0,0,0,0,0,0.7321905512472282,1.870271309310242,0.06845536334751857,-0.3814667315878564,-0.3380416704365194
9534,L56713,-0.5698752553313539,0.3023984128589897,0.897380596687847,-1.0390837228627032,-0.2129958452630037,0,0,0,0,0,0,-0.9371965991909911,1.870271309310242,-0.5413528886991577,-0.05206569455832903,-0.3380416704365194
9535,L56714,-0.5229708391508384,0.36599429358644536,-0.532604870848077,0.575519028238717,-0.18165514955659404,0,0,0,0,0,0,0.5901052884679452,1.870271309310242,0.0344790203341454,-0.2699696845411243,-0.3380416704365194
9536,M24395,-0.5229708391508384,0.36599429358644536,0.3734164559113252,-0.8497167335359936,-0.15031445385018438,0,0,0,0,0,0,-0.9152254563376446,1.870271309310242,-0.43324313197989,-0.0786451487082028,1.3318889527502387
9537,L56716,-0.5229708391508384,0.3023984128589897,1.5141300540602112,-1.3879176505698,-0.1033034102905699,0,0,0,0,0,0,-1.23289441027146,1.7596352300662899,-0.5945071467398299,0.18026685902221815,-0.3380416704365194
9538,M24397,-0.5229708391508384,0.36599429358644536,-0.4561934336515009,0.21671841688284574,-0.07196271458416025,0,0,0,0,0,0,0.14058995618539294,1.870271309310242,0.015230468419084674,-0.1555215654613586,1.3318889527502387
9539,L56718,-0.5229708391508384,0.36599429358644536,-0.3306603582571259,0.5157189263460716,-0.024951671024545763,0,0,0,0,0,0,0.6684732609110898,1.870271309310242,0.17320986789810572,-0.08786477307986171,-0.3380416704365194
9540,L56719,-0.4760664229703498,0.49318605504132046,-0.6363061070434303,0.7748527012142009,0.00638902468186389,0,0,0,0,0,0,0.7833361703283194,1.9809073885541941,0.3051595742369441,-0.11899957332099552,-0.3380416704365194
9541,M24400,-0.4760664229703498,0.49318605504132046,0.4771176921066785,0.027351427556136138,0.03772972038827355,0,0,0,0,0,0,0.5413510198973249,1.9809073885541941,0.04482732439123315,0.13344582354509327,1.3318889527502387
9542,M24401,-0.42916200678983446,0.49318605504132046,1.1648206268758634,-0.8596834171847676,0.08474076394788803,0,0,0,0,0,0,-0.4879448034953067,1.870271309310242,-0.27091956390352456,0.3240573486854697,1.3318889527502387
9543,L56722,-0.3822575906093191,0.5567819357687399,0.9574181544851568,-1.1387505593504452,0.1317518075075025,0,0,0,0,0,0,-1.0730155475714078,1.870271309310179,-0.3534587672530603,0.3321381365343136,-0.3380416704365194
9544,M24403,-0.42916200678983446,0.5567819357687399,-0.8873722578321803,0.8745195377019429,0.16309250321391217,0,0,0,0,0,0,0.7036700361794902,1.9809073885541313,0.5156574997667825,-0.032190521503635786,1.3318889527502387
9545,L56724,-0.3822575906093191,0.6203778164961956,0.9137544760871134,-0.8895834681310903,0.21010354677352663,0,0,0,0,0,0,-0.6784915164153572,1.9809073885541313,-0.19540873088627728,0.40743998800809905,-0.3380416704365194
9546,L56725,-0.3822575906093191,0.6203778164961956,-0.6035583482448976,-0.1620155617705742,0.2414442424799363,0,0,0,0,0,0,-0.5007507294942376,1.9809073885541313,0.14619125832925903,0.09989470929033456,-0.3380416704365194
9547,M24406,-0.3353531744288304,0.7475695779510707,0.10597642572330891,0.396118722560781,0.27278493818634597,0,0,0,0,0,0,0.8379175256530256,2.091543467798083,0.4224521263652314,0.2904270110204282,1.3318889527502387
9548,L56727,-0.3822575906093191,0.6839736972236512,0.7554736418942057,-0.919483519077413,0.3197959817459604,0,0,0,0,0,0,-0.815403653600561,2.091543467798083,-0.1324359454467301,0.4887925274422321,-0.3380416704365194
9549,L56728,-0.3822575906093191,0.6839736972236512,-0.10688400646715306,-0.2716490819070898,0.3511366774523701,0,0,0,0,0,0,-0.32386887663402,2.091543467798083,0.1899861287415076,0.31707578565429945,-0.3380416704365194
9550,M24409,-0.3822575906093191,0.6839736972236512,0.5917348479015426,-0.610516325965413,0.3824773731587797,0,0,0,0,0,0,-0.4063460677094444,2.091543467798083,0.05655304775967343,0.5157879044960905,1.3318889527502387
9551,M24410,-0.42916200678983446,0.6203778164961956,-0.48894119245003353,0.33631862066813567,0.4294884167183942,0,0,0,0,0,0,0.2858864610787362,2.091543467798083,0.5486802447953726,0.2981116818178582,1.3318889527502387
9552,L56731,-0.4760664229703498,0.49318605504132046,-0.8164187804353596,0.8944529049994909,0.4764994602780087,0,0,0,0,0,0,0.7926185145546768,1.9809073885541941,0.8694776705650911,0.2586287147181761,-0.3380416704365194
9553,M24412,-0.5229708391508384,0.49318605504132046,-0.09596808686764219,0.0971182130975551,0.5078401559844183,0,0,0,0,0,0,0.23341339844897566,2.091543467798083,0.5056270617046222,0.4704919196669092,1.3318889527502387
9554,L56733,-0.5229708391508384,0.4295901743138648,-0.24879096126079436,-0.07231540893160583,0.5548511995440328,0,0,0,0,0,0,-0.1264311699980822,1.9809073885541313,0.46250324172611024,0.475809791082141,-0.3380416704365194
9555,M24414,-0.5229708391508384,0.4295901743138648,-0.5489787502473433,0.5555856609411683,0.5861918952504425,0,0,0,0,0,0,0.548612916957693,1.9809073885541313,0.8150519485447086,0.4258990426039876,1.3318889527502387
9556,H38969,-0.4760664229703498,0.49318605504132046,0.24242542071719478,-0.8497167335359936,0.633202938810057,0,0,0,0,0,0,-0.9887814459168626,1.9809073885541941,0.12125643694938207,0.6826324065516319,-2.0079722936232773
9557,L56736,-0.42916200678983446,0.49318605504132046,-0.909204097031202,0.8346528031068455,0.7115546780760811,0,0,0,0,0,0,0.6310120231184888,1.870271309310242,1.095904214285191,0.4393274106469193,-0.3380416704365194
9558,M24417,-0.42916200678983446,0.49318605504132046,-0.18329544366372916,0.027351427556136138,0.7428953737824907,0,0,0,0,0,0,0.06657521773273725,1.870271309310242,0.6837379741957258,0.6720065666474537,1.3318889527502387
9559,M24418,-0.42916200678983446,0.5567819357687399,0.1987617423191513,-0.5307828567752191,0.7899064173421052,0,0,0,0,0,0,-0.5207404676389072,1.9809073885541313,0.4118565932009781,0.8269972659394337,1.3318889527502387
9560,L56739,-0.42916200678983446,0.5567819357687399,-0.24333300146103892,-0.1420821944730255,0.8369174609017197,0,0,0,0,0,0,-0.22481816242888428,1.9809073885541313,0.6716590663884764,0.7439018114790794,-0.3380416704365194
9561,L56740,-0.3822575906093191,0.5567819357687399,-0.29245463965883783,0.2565851514779424,0.8682581566081293,0,0,0,0,0,0,0.32192264917938335,1.870271309310179,0.9305432600350729,0.7589146477276669,-0.3380416704365194
9562,L56741,-0.3822575906093191,0.5567819357687399,1.7051586470516513,-1.3580175996234776,0.8995988523145391,0,0,0,0,0,0,-1.0898135648306744,1.870271309310179,0.010780344490098029,1.3900281398928889,-0.3380416704365194
9563,M24422,-0.3353531744288304,0.6203778164961956,-0.5762685492461205,1.0140531087847815,0.9309395480209487,0,0,0,0,0,0,1.170705671181614,1.870271309310242,1.441530506103144,0.731305289244117,1.3318889527502387
9564,M24423,-0.28844875824831506,0.6839736972236512,1.2139422650736622,-1.4377510688136712,0.9779505915805632,0,0,0,0,0,0,-1.4585110104736398,1.870271309310242,0.00890846696441316,1.329372716395133,1.3318889527502387
9565,L56744,-0.28844875824831506,0.6839736972236512,1.525045973659722,-1.4975511707063165,1.0249616351401776,0,0,0,0,0,0,-1.423226389676284,1.870271309310242,-0.0009453788783428893,1.4799665164164184,-0.3380416704365194
9566,M24425,-0.28844875824831506,0.6839736972236512,-0.23241708186152807,-0.18194892906812216,1.0563023308465873,0,0,0,0,0,0,-0.27578809045206304,1.870271309310242,0.8371612944141179,0.9547945296518484,1.3318889527502387
9567,L56746,-0.28844875824831506,0.6839736972236512,0.34066869711279263,-0.4809494385313481,1.1033133744062018,0,0,0,0,0,0,-0.3547026572976016,1.870271309310242,0.6878702321297846,1.1854237799113159,-0.3380416704365194
9568,L56747,-0.28844875824831506,0.6839736972236512,-0.7018016246404954,0.2565851514779424,1.1346540701126113,0,0,0,0,0,0,0.010803067459959436,1.870271309310242,1.1857190170741807,0.8748184969713787,-0.3380416704365194
9569,L56748,-0.28844875824831506,0.6839736972236512,0.2587993001164611,-0.1919156127168965,1.165994765819021,0,0,0,0,0,0,0.04340351931699084,1.870271309310242,0.9248923090141377,1.2217378105996866,-0.3380416704365194
9570,M24429,-0.28844875824831506,0.6203778164961956,2.2236648280284177,-1.985918669496252,1.1973354615254308,0,0,0,0,0,0,-2.043806248679295,1.7596352300662899,-0.22436985486857047,1.912724395086122,1.3318889527502387
9571,L56750,-0.3353531744288304,0.5567819357687399,-0.8546244990336477,0.8246861194580719,1.2443465050850453,0,0,0,0,0,0,0.6646471000943368,1.7596352300662899,1.6692638322468347,0.920570016409686,-0.3380416704365194
9572,L56751,-0.3353531744288304,0.49318605504132046,0.2642572599162165,-0.39124928569238043,1.2756872007914548,0,0,0,0,0,0,-0.2630797705964181,1.6489991508224007,0.884629282989974,1.33370029518183,-0.3380416704365194
9573,M24432,-0.3353531744288304,0.49318605504132046,-0.7400073432387835,0.7648860175654266,1.3070278964978645,0,0,0,0,0,0,0.6811620595380782,1.6489991508224007,1.6966709446983708,1.0153212151078947,1.3318889527502387
9574,L56753,-0.3353531744288304,0.5567819357687399,-0.2706228004598161,0.0173847439073618,1.354038940057479,0,0,0,0,0,0,-0.010758129591592312,1.7596352300662899,1.2305734408028544,1.2231341232059205,-0.3380416704365194
9575,H38988,-0.3353531744288304,0.49318605504132046,-0.6690538658419629,0.6652191810776846,1.3853796357638886,0,0,0,0,0,0,0.603155229825086,1.6489991508224007,1.7111515066895175,1.1102506664792398,-2.0079722936232773
9576,M24435,-0.3822575906093191,0.49318605504132046,0.34066869711279263,-0.4510493875850258,1.4637313750299128,0,0,0,0,0,0,-0.30776386299207403,1.7596352300662899,0.9943990065716412,1.5505347691258076,1.3318889527502387
9577,L56756,-0.3822575906093191,0.4295901743138648,2.0817578732347766,-1.6570181090867036,1.5107424185895273,1,1,0,0,0,0,-1.4754847187908189,1.6489991508223378,0.15583319350872987,2.245759806062372,-0.3380416704365194
9578,M24437,-0.42916200678983446,0.4295901743138648,-0.9637836950287564,0.9542530068921362,-1.7016788913174623,0,0,0,0,0,0,0.7436299912401743,1.7596352300662899,-1.531152278459849,-1.6560921796275558,1.3318889527502387
9579,L56758,-0.4760664229703498,0.4295901743138648,0.056854787525509994,0.12701826404387812,-1.6546678477578478,0,0,0,0,0,0,0.3906080922087041,1.870271309310242,-1.487498681823124,-1.610013863621832,-0.3380416704365194
9580,L56759,-0.42916200678983446,0.4295901743138648,0.2642572599162165,-0.6404163769117354,-1.623327152051438,0,0,0,0,0,0,-0.6508201747941943,1.7596352300662899,-1.471993884959433,-1.5774134302904668,-0.3380416704365194
9581,M24440,-0.42916200678983446,0.4295901743138648,-0.6417640668431857,1.65192086230633,-1.5919864563450283,0,0,0,0,0,0,2.000943525959785,1.7596352300662899,-1.3914678329111054,-1.5574491308992053,1.3318889527502387
9582,L56761,-0.4760664229703498,0.36599429358644536,-0.6690538658419629,1.3130536182480075,-1.544975412785414,0,0,0,0,0,0,1.5027910524785542,1.759635230066353,-1.3436113414525601,-1.5156686849013226,-0.3380416704365194
9583,M24442,-0.5229708391508384,0.3023984128589897,-0.745465303038539,0.7549193339166522,-1.5136347170790043,0,0,0,0,0,0,0.6628121046005874,1.7596352300662899,-1.3298371483390303,-1.4892476775720143,1.3318889527502387
9584,L56763,-0.5229708391508384,0.3023984128589897,-1.4167943584084575,1.9808214227158782,-1.4666236735193898,0,0,0,0,0,0,1.6304598878947132,1.7596352300662899,-1.214345836848666,-1.4658074510545958,-0.3380416704365194
9585,L56764,-0.5229708391508384,0.3023984128589897,-0.06322032806910959,0.13698494769265174,-1.43528297781298,0,0,0,0,0,0,0.3170618632438137,1.7596352300662899,-1.2831814839724336,-1.3986854166925078,-0.3380416704365194
9586,M24445,-0.5229708391508384,0.3023984128589897,0.12235030512257522,0.21671841688284574,-1.4039422821065706,0,0,0,0,0,0,0.5761671312069148,1.7596352300662899,-1.2486400458569669,-1.362004977731579,1.3318889527502387
9587,L56766,-0.4760664229703498,0.36599429358644536,-1.0511110518248434,1.4525871893308462,-1.356931238546956,0,0,0,0,0,0,1.32419133149653,1.759635230066353,-1.107684136328513,-1.3624109977092784,-0.3380416704365194
9588,M24447,-0.5229708391508384,0.3023984128589897,-0.42890363465272374,0.05725147850245845,-1.3255905428405463,0,0,0,0,0,0,-0.06718424102437616,1.7596352300662899,-1.187857003938032,-1.3086183021272686,1.3318889527502387
9589,H39002,-0.5229708391508384,0.23880253213153407,-0.16692156426446284,0.5555856609411683,-1.2785794992809318,0,0,0,0,0,0,0.8594884833189056,1.6489991508223378,-1.0972651953836636,-1.2523498749739217,-2.0079722936232773
9590,L56769,-0.5698752553313539,0.23880253213153407,-0.3743240366551694,0.33631862066813567,-1.2002277600149078,0,0,0,0,0,0,0.3746397271673552,1.7596352300662899,-1.0417799200468556,-1.1896247398825281,-0.3380416704365194
9591,M24450,-0.5698752553313539,0.23880253213153407,-1.1766441272192183,1.203420098111491,-1.168887064308498,0,0,0,0,0,0,0.878521681259388,1.7596352300662899,-0.906722190646503,-1.2099653504726327,1.3318889527502387
9592,L56771,-0.5698752553313539,0.23880253213153407,0.16055602372086325,-0.26168239825831613,-1.1218760207488836,0,0,0,0,0,0,-0.1306282341593182,1.7596352300662899,-1.0437224344603022,-1.080831191711696,-0.3380416704365194
9593,L56772,-0.5698752553313539,0.23880253213153407,-0.8819142980324248,0.6851525483752327,-1.090535325042474,0,0,0,0,0,0,0.4526855993376614,1.7596352300662899,-0.8865200407466595,-1.1235029010752602,-0.3380416704365194
9594,L56773,-0.6167796715118425,0.11161077067665898,-1.0292792126258217,1.2831535673016845,-1.0591946293360643,0,0,0,0,0,0,1.121131511007403,1.6489991508223378,-0.7665786053273086,-1.1071531697781507,-0.3380416704365194
9595,L56774,-0.6167796715118425,0.1752066514041146,1.0174557122824666,-1.1188171920528969,-1.0278539336296546,0,0,0,0,0,0,-1.008702859761234,1.7596352300662899,-1.0952873625263364,-0.9206909707513351,-0.3380416704365194
9596,H39009,-0.6636840876923579,0.048014889949239484,-0.5926424286453867,1.004086425136007,-0.996513237923245,0,0,0,0,0,0,1.142058268127606,1.6489991508224007,-0.7364872911408282,-1.0179476097997369,-2.0079722936232773
9597,L56776,-0.7105885038728732,0.048014889949239484,-0.407071795453702,0.34628530431691,-0.9181614986572209,0,0,0,0,0,0,0.36359071174754726,1.759635230066353,-0.7647420462455046,-0.9302076829115544,-0.3380416704365194
9598,L56777,-0.7105885038728732,0.048014889949239484,-0.16692156426446284,-0.1919156127168965,-0.8868208029508112,0,0,0,0,0,0,-0.2459010893783417,1.759635230066353,-0.8332598273743446,-0.8785144077020384,-0.3380416704365194
9599,L56778,-0.6636840876923579,0.11161077067665898,-0.27608076025957157,0.11705158039510377,-0.8554801072444016,0,0,0,0,0,0,0.13076101755664085,1.7596352300662899,-0.747294734968367,-0.8593027307084634,-0.3380416704365194
9600,L56779,-0.6636840876923579,0.048014889949239484,-0.4234456748529683,-0.25171571460954184,-0.824139411537992,0,0,0,0,0,0,-0.50590433385966,1.6489991508224007,-0.7914427898194236,-0.8447652349215727,-0.3380416704365194
9601,M24460,-0.7105885038728732,-0.015580990778216147,0.11143438552306434,0.5356522936436197,-0.7927987158315822,0,0,0,0,0,0,1.0555109008772163,1.6489991508224007,-0.6031954839345179,-0.7595010396047273,1.3318889527502387
9602,L56781,-0.7105885038728732,0.048014889949239484,3.102396355789043,-2.185252342471736,-0.7457876722719677,0,0,0,0,0,0,-2.141217179677251,1.759635230066353,-1.143355764648167,-0.38209061594383326,-0.3380416704365194
9603,L56782,-0.7105885038728732,0.11161077067665898,0.897380596687847,-0.7400832133994774,-0.7144469765655581,0,0,0,0,0,0,-0.43794117629064494,1.870271309310242,-0.8080071399995401,-0.5923693526869107,-0.3380416704365194
9604,M24463,-0.7105885038728732,0.048014889949239484,0.045938867925999126,0.027351427556136138,-0.6831062808591485,0,0,0,0,0,0,0.23137343005432964,1.759635230066353,-0.6082813398533596,-0.6590160465873021,1.3318889527502387
9605,H39018,-0.6636840876923579,0.11161077067665898,0.5262393303044774,-0.1919156127168965,-0.636095237299534,0,0,0,0,0,0,0.22514615811277666,1.7596352300662899,-0.6185236885788047,-0.5537380372477685,-2.0079722936232773
9606,M24465,-0.7105885038728732,0.048014889949239484,-0.30882851905810416,-0.20188229636567082,-0.5577434980335099,0,0,0,0,0,0,-0.3568207106068762,1.759635230066353,-0.5539968916085003,-0.5832883692832467,1.3318889527502387
9607,L56786,-0.7105885038728732,0.048014889949239484,-0.7618391824378052,0.445952140804652,-0.5107324544738954,0,0,0,0,0,0,0.22498998828352157,1.759635230066353,-0.33936670814460296,-0.6016682004688524,-0.3380416704365194
9608,L56787,-0.7105885038728732,0.048014889949239484,0.1660139835206187,-0.3115158165021871,-0.47939175876748574,0,0,0,0,0,0,-0.20365715056479963,1.759635230066353,-0.5173716653040638,-0.4426073984735943,-0.3380416704365194
9609,M24468,-0.7105885038728732,0.048014889949239484,-0.15054768486519654,0.15691831499020042,-0.44805106306107606,0,0,0,0,0,0,0.2820993427192971,1.759635230066353,-0.3585799416157829,-0.45744198204904546,1.3318889527502387
9610,L56789,-0.6636840876923579,0.048014889949239484,-0.38523995625468027,0.03731811120490977,-0.4010400195014616,0,0,0,0,0,0,-0.06425605672584112,1.6489991508224007,-0.3497856490894525,-0.44783614355225804,-0.3380416704365194
9611,L56790,-0.6636840876923579,0.048014889949239484,-0.19421136326324,0.13698494769265174,-0.36969932379505194,0,0,0,0,0,0,0.22031465402019196,1.6489991508224007,-0.2912983060227726,-0.38926033457442516,-0.3380416704365194
9612,L56791,-0.6636840876923579,0.11161077067665898,-0.5926424286453867,0.22668510053162008,-0.3383586280886423,0,0,0,0,0,0,0.05183669009677395,1.7596352300662899,-0.2344709298184922,-0.4223460112937725,-0.3380416704365194
9613,M24472,-0.6636840876923579,0.11161077067665898,0.4607438127074122,-0.8098499989408967,-0.30701793238223263,0,0,0,0,0,0,-0.8027441368165577,1.7596352300662899,-0.5315696797441634,-0.22388146560911518,1.3318889527502387
9614,L56793,-0.6636840876923579,0.11161077067665898,-0.8928302176319357,2.249921881232782,-0.2600068888226182,1,0,0,1,0,0,2.553687115380051,1.7596352300662899,0.4996582446887595,-0.4015498660945419,-0.3380416704365194
9615,M24474,-0.6167796715118425,0.1752066514041146,-0.5435207904475878,0.396118722560781,-0.2286661931162085,0,0,0,0,0,0,0.32801327252033785,1.7596352300662899,-0.07370137327288434,-0.3147012025720408,1.3318889527502387
9616,M24475,-0.6636840876923579,0.11161077067665898,0.12780826492233066,-0.0025486233901868775,-0.18165514955659404,0,0,0,0,0,0,0.2444331320257987,1.7596352300662899,-0.1642225449394909,-0.15373903872999597,1.3318889527502387
9617,L56796,-0.7105885038728732,0.048014889949239484,0.2151356217184176,-0.26168239825831613,-0.13464410599697954,0,0,0,0,0,0,-0.09422114271419034,1.759635230066353,-0.213774321704317,-0.09142982654258695,-0.3380416704365194
9618,L56797,-0.6636840876923579,0.11161077067665898,-0.13417380546593025,-0.4610160712338001,-0.1033034102905699,0,0,0,0,0,0,-0.6231683544016887,1.7596352300662899,-0.25947638808613077,-0.1247828822716387,-0.3380416704365194
9619,L56798,-0.6636840876923579,0.048014889949239484,-0.5107730316490553,0.28648520242426473,-0.07196271458416025,0,0,0,0,0,0,0.19836303239550282,1.6489991508224007,0.04094229556433984,-0.1658206087981204,-0.3380416704365194
9620,M24479,-0.7105885038728732,-0.015580990778216147,-1.1875600468187293,1.2931202509504587,-0.04062201887775059,0,0,0,0,0,0,0.9845902771666812,1.6489991508224007,0.44929414371467385,-0.2673256032229364,1.3318889527502387
9621,L56800,-0.7105885038728732,-0.015580990778216147,-0.38523995625468027,0.595452395536265,0.00638902468186389,0,0,0,0,0,0,0.7392377147923707,1.6489991508224007,0.23586478734272529,-0.06934630092626112,-0.3380416704365194
9622,M24481,-0.6636840876923579,-0.015580990778216147,2.7749187678037166,-2.035752087740123,0.03772972038827355,0,0,0,0,0,0,-1.9466393330395502,1.5383630715784486,-0.7666845606589511,0.5962194717856861,1.3318889527502387
9623,L56802,-0.7105885038728732,-0.015580990778216147,1.3831390188660808,-1.26831744678451,0.08474076394788803,0,0,0,0,0,0,-1.0836741384180784,1.6489991508224007,-0.435997970602596,0.3692146925466562,-0.3380416704365194
9624,L56803,-0.7105885038728732,0.048014889949239484,-1.0074473734268,0.7848193848629745,0.11608145965429768,0,0,0,0,0,0,0.4799762770000145,1.759635230066353,0.42718479784526453,-0.09840148664747188,-0.3380416704365194
9625,H39038,-0.6636840876923579,0.048014889949239484,0.07868662672453174,-0.13211551082425116,0.14742215536070732,0,0,0,0,0,0,0.012071947322658262,1.6489991508224007,0.07753220342489577,0.16099576447093114,-2.0079722936232773
9626,M24485,-0.6636840876923579,0.048014889949239484,-0.29245463965883783,0.7549193339166522,0.22577389462673148,0,0,0,0,0,0,1.0476243244998278,1.6489991508224007,0.5323278052785415,0.1551629408888612,1.3318889527502387
9627,M24486,-0.6636840876923579,-0.015580990778216147,-1.0893167704231315,1.8911212698769106,0.27278493818634597,0,0,0,0,0,0,1.862869875669495,1.5383630715784486,1.0899707157132088,0.017165663102538167,1.3318889527502387
9628,M24487,-0.7105885038728732,-0.015580990778216147,-0.29245463965883783,-0.3314491837997351,0.3197959817459604,0,0,0,0,0,0,-0.5344053276987407,1.6489991508224007,0.13637273093038427,0.24351684920673522,1.3318889527502387
9629,H39042,-0.6636840876923579,-0.015580990778216147,0.15509806392110784,-0.5606829077215421,0.3668070253055749,0,0,0,0,0,0,-0.5937010597440905,1.5383630715784486,0.06792558668930557,0.39488307747827794,-2.0079722936232773
9630,H39043,-0.6636840876923579,0.048014889949239484,2.7967506070027386,-2.015818720442575,0.44515876457159903,0,0,0,0,0,0,-1.8989489714307313,1.6489991508224007,-0.5779427965597134,1.129214770315681,-2.0079722936232773
9631,L56810,-0.6636840876923579,0.048014889949239484,0.23150950111768392,-0.4111826529899291,0.5235105038376232,0,0,0,0,0,0,-0.31506480250975677,1.6489991508224007,0.2642961346668058,0.5699470083506581,-0.3380416704365194
9632,L56811,-0.6636840876923579,-0.015580990778216147,0.7172679232959176,-0.6703164278580577,0.5548511995440328,0,0,0,0,0,0,-0.4283855348630898,1.5383630715784486,0.15735188659560628,0.7282155762430884,-0.3380416704365194
9633,M24492,-0.6636840876923579,-0.015580990778216147,-1.111148609622153,1.7416210151452978,0.5861918952504425,0,0,0,0,0,0,1.6441247479545467,1.5383630715784486,1.4286745925305158,0.27697883712492577,1.3318889527502387
9634,H39047,-0.6167796715118425,0.048014889949239484,-0.6526799864426965,0.12701826404387812,0.633202938810057,0,0,0,0,0,0,-0.13217041122321257,1.5383630715784486,0.6369763544974864,0.4406444998428706,-2.0079722936232773
9635,L56814,-0.6167796715118425,0.11161077067665898,-0.6308481472436748,1.2731868836529108,0.7115546780760811,0,0,0,0,0,0,1.4834357542652326,1.6489991508223378,1.3352219900217992,0.5171049936920418,-0.3380416704365194
9636,L56815,-0.5698752553313539,0.11161077067665898,0.3734164559113252,-0.6703164278580577,0.7428953737824907,0,0,0,0,0,0,-0.6325385441570024,1.5383630715784486,0.29806056701689443,0.8295819296999095,-0.3380416704365194
9637,L56816,-0.5698752553313539,0.1752066514041146,-0.18329544366372916,0.13698494769265174,0.7742360694889004,0,0,0,0,0,0,0.2283769214554943,1.6489991508224007,0.7735174585408343,0.7018539864714922,-0.3380416704365194
9638,L56817,-0.5698752553313539,0.1752066514041146,-0.4234456748529683,-0.10221545987792885,0.8055767651953101,0,0,0,0,0,0,-0.29170765242176966,1.6489991508224007,0.6670676686839665,0.6619848052466816,-0.3380416704365194
9639,H39052,-0.5229708391508384,0.23880253213153407,-0.8055028608358488,0.495785559048523,0.8369174609017197,0,0,0,0,0,0,0.25830296498652955,1.6489991508223378,1.0378406925450812,0.5786615834817643,-2.0079722936232773
9640,L56819,-0.5229708391508384,0.23880253213153407,1.0065397926829558,-1.3081841813796065,0.9152692001677438,0,0,0,0,0,0,-1.334209587000797,1.6489991508223378,0.049559995871266305,1.1966933100240418,-0.3380416704365194
9641,L56820,-0.4760664229703498,0.3023984128589897,-0.1450897250654411,-0.3812826020436061,0.9466098958741535,0,0,0,0,0,0,-0.5118387873713588,1.6489991508224007,0.6235906642666461,0.8777299572992711,-0.3380416704365194
9642,L56821,-0.5229708391508384,0.23880253213153407,-0.9583257352290009,1.3927870874382007,0.9779505915805632,0,0,0,0,0,0,1.3346839918996163,1.6489991508223378,1.7241133755937874,0.6553993592669253,-0.3380416704365194
9643,L56822,-0.4760664229703498,0.3023984128589897,-0.9201200166307129,0.6353191301313617,1.0092912872869728,0,0,0,0,0,0,0.35375201250446686,1.6489991508224007,1.2978197579519837,0.6944267917574813,-0.3380416704365194
9644,L56823,-0.4760664229703498,0.23880253213153407,-0.17237952406421828,0.06721816215123279,1.0406319829933826,0,0,0,0,0,0,0.13333781973935244,1.5383630715784486,0.9782231592742142,0.959023079175692,-0.3380416704365194
9645,L56824,-0.5229708391508384,0.23880253213153407,0.4825756519064339,-0.730116529750703,1.071972678699792,0,0,0,0,0,0,-0.6631283094623728,1.6489991508223378,0.5067925703526902,1.1992482650056615,-0.3380416704365194
9646,L56825,-0.4760664229703498,0.3023984128589897,1.1375308278770861,-1.178617293945542,1.1033133744062018,0,0,0,0,0,0,-1.0495022276541655,1.6489991508224007,0.24533013030279222,1.4442268554525979,-0.3380416704365194
9647,L56826,-0.4760664229703498,0.23880253213153407,0.22605154131792848,-0.819816682589671,1.1346540701126113,0,0,0,0,0,0,-0.9516520690114291,1.5383630715784486,0.4953140760914155,1.1795315387715337,-0.3380416704365194
9648,L56827,-0.5698752553313539,0.11161077067665898,-0.45073547385174545,0.7050859156727813,1.165994765819021,0,0,0,0,0,0,0.8420169836709755,1.5383630715784486,1.506587079731661,0.9861471942712599,-0.3380416704365194
9649,L56828,-0.6167796715118425,0.048014889949239484,-0.6799697854414738,0.12701826404387812,1.1973354615254308,0,0,0,0,0,0,-0.15227727673982475,1.5383630715784486,1.160819514138185,0.9380783900821812,-0.3380416704365194
9650,H39063,-0.6167796715118425,-0.015580990778216147,0.6353985262995862,-0.6802831115068321,1.2286761572318403,0,0,0,0,0,0,-0.49316673216102885,1.4277269923344966,0.6549534424328365,1.4124186562240604,-2.0079722936232773
9651,M24510,-0.6167796715118425,-0.015580990778216147,-0.5653526296466096,0.11705158039510377,1.3070278964978645,0,0,0,0,0,0,-0.08185444436003986,1.4277269923344966,1.2558967650654207,1.0761647942050723,1.3318889527502387
9652,M24511,-0.6167796715118425,-0.015580990778216147,0.2151356217184176,-0.39124928569238043,1.354038940057479,0,0,0,0,0,0,-0.29470416102060426,1.4277269923344966,0.9482024819754956,1.3949994088881335,1.3318889527502387
9653,M24512,-0.6636840876923579,-0.015580990778216147,-0.2869966798590824,0.6353191301313617,1.4010499836170935,0,0,0,0,0,0,0.8779750868569941,1.5383630715784486,1.7066307458727688,1.2615475742667852,1.3318889527502387
9654,L56833,-0.6636840876923579,-0.07917687150567178,-0.9146620568309575,1.5721873931161368,1.448061027176708,1,0,0,0,1,0,1.6179955833972794,1.4277269923344966,2.4229947431079557,1.0768480961187614,-0.3380416704365194
9655,L56834,-0.6167796715118425,-0.015580990778216147,-0.9474098156294901,1.6319874950087814,1.4794017228831176,1,0,0,0,1,0,1.6654321690335574,1.4277269923344966,2.505357354238087,1.091979767482773,-0.3380416704365194
9656,H39069,-0.6167796715118425,-0.015580990778216147,-0.5981003884451422,0.9542530068921362,1.5107424185895273,0,0,0,0,0,0,1.0673407654433018,1.4277269923344966,2.0527868143489343,1.2489807608106787,-2.0079722936232773
9657,L56836,-0.6636840876923579,0.048014889949239484,0.44982789310790133,-0.6902497951556064,1.5890941578555513,0,0,0,0,0,0,-0.6188541628685122,1.6489991508224007,0.9164158824827348,1.7191221862075703,-0.3380416704365194
9658,L56837,-0.6636840876923579,-0.015580990778216147,-0.30882851905810416,-0.032448674336509185,1.620434853561961,0,0,0,0,0,0,-0.1105799323286759,1.5383630715784486,1.4339017222248813,1.4594476531531777,-0.3380416704365194
9659,L56838,-0.6636840876923579,-0.07917687150567178,0.040480908126243685,-0.5407495404239934,1.6517755492683708,0,0,0,0,0,0,-0.6337879027910447,1.4277269923344966,1.0764084332629642,1.624470016772215,-0.3380416704365194
9660,L56839,-0.7105885038728732,-0.14277275223309127,-1.384046599609925,2.1901217793401364,1.6831162449747803,1,0,0,0,1,0,1.9292810955602868,1.4277269923345595,3.1910649421846995,1.0968421042888787,-0.3380416704365194
9661,M24520,-0.7105885038728732,-0.14277275223309127,-0.8109608206356042,0.3163852533705877,1.71445694068119,0,0,0,0,0,0,0.00935849653934889,1.4277269923345595,1.7872980716966202,1.349010219218978,1.3318889527502387
9662,H39075,-0.6636840876923579,-0.015580990778216147,-0.45073547385174545,0.495785559048523,1.7614679842408045,0,0,0,0,0,0,0.5431664941624162,1.5383630715784486,1.9734615893925556,1.5348089221846752,-2.0079722936232773
9663,M24522,-0.6167796715118425,0.048014889949239484,0.16055602372086325,-0.8995501517798646,1.8398197235068285,0,0,0,0,0,0,-1.1113747618822263,1.5383630715784486,0.9352759315151061,1.8576641249395875,1.3318889527502387
9664,L56843,-0.6167796715118425,0.048014889949239484,-0.5762685492461205,0.8844862213507165,1.886830767066443,1,0,0,0,1,0,0.9886214108843324,1.5383630715784486,2.415754462112382,1.5981579416320457,-0.3380416704365194
9665,L56844,-0.6167796715118425,0.11161077067665898,-1.2203078056172618,1.4824872402771685,1.9181714627728528,1,0,0,0,1,0,1.1978499396290396,1.6489991508223378,2.939738895528604,1.356645375384981,-0.3380416704365194
9666,L56845,-0.5698752553313539,0.1752066514041146,0.37887441571108066,-0.660349744209284,1.9495121584792623,0,0,0,0,0,0,-0.6135834311311487,1.6489991508224007,1.2091704638110619,2.0587925577950035,-0.3380416704365194
9667,M24526,-0.6167796715118425,0.1752066514041146,1.6232892500553198,-1.587251323545284,1.980852854185672,0,0,0,0,0,0,-1.5409393984774213,1.7596352300662899,0.4608079564198296,2.6212787708027645,1.3318889527502387
9668,L56847,-0.5698752553313539,0.1752066514041146,-1.0292792126258217,0.8944529049994909,2.0278638977452865,1,0,0,0,1,0,0.6064738386967597,1.6489991508224007,2.5792788572806957,1.5304318287665515,-0.3380416704365194
9669,L56848,-0.6167796715118425,0.1752066514041146,0.42799605390887957,-0.47098275488257374,2.059204593451696,0,0,0,0,0,0,-0.2840846126312477,1.7596352300662899,1.4525498605939675,2.191788857807226,-0.3380416704365194
9670,L56849,-0.6167796715118425,0.1752066514041146,0.42799605390887957,-0.879616784482316,2.090545289158106,0,0,0,0,0,0,-0.9319844311395973,1.7596352300662899,1.1269844449003352,2.2238545331191824,-0.3380416704365194
9671,L56850,-0.6636840876923579,0.11161077067665898,0.8155111996915154,-0.919483519077413,2.1218859848645155,0,0,0,0,0,0,-0.7824420590133765,1.7596352300662899,1.1144817157665157,2.427478503398506,-0.3380416704365194
9672,L56851,-0.6636840876923579,0.11161077067665898,-0.7018016246404954,0.4160520898583297,2.153226680570925,0,0,0,0,0,0,0.23131486636835907,1.7596352300662899,2.3004044243975414,1.7837090714406094,-0.3380416704365194
9673,H39086,-0.6636840876923579,0.11161077067665898,1.1102410288783089,-0.8397500498872194,-1.7016788913174623,0,0,0,0,0,0,-0.48445050356572117,1.7596352300662899,-1.531152278459849,-1.6560921796275558,-2.0079722936232773
9674,M24533,-0.6636840876923579,0.048014889949239484,0.2860890991152383,-0.4510493875850258,-1.623327152051438,0,0,0,0,0,0,-0.3423164377147959,1.6489991508224007,-1.4686386327907526,-1.5772153717647597,1.3318889527502387
9675,L56854,-0.6167796715118425,0.11161077067665898,0.8428009986902927,-1.0291170392139288,-1.5763161084918236,0,0,0,0,0,0,-0.949446170173199,1.6489991508223378,-1.4475182033500071,-1.5218084991982381,-0.3380416704365194
9676,M24535,-0.6636840876923579,0.11161077067665898,-1.3240090418126151,1.7216876478477496,-1.544975412785414,0,0,0,0,0,0,1.4002850808011462,1.7596352300662899,-1.3291307794614136,-1.52755219644374,1.3318889527502387
9677,L56856,-0.6636840876923579,0.048014889949239484,1.8852713204435807,-1.8663184657109617,-1.4979643692257996,0,0,0,0,0,0,-1.9439356428705692,1.6489991508224007,-1.4338146471242392,-1.413292232963396,-0.3380416704365194
9678,L56857,-0.6636840876923579,0.048014889949239484,2.6875914110076295,-2.0556854550376715,-1.4666236735193898,0,0,0,0,0,0,-2.01677910760381,1.6489991508224007,-1.4289053834248016,-1.3541024425558714,-0.3380416704365194
9679,M24538,-0.6167796715118425,0.11161077067665898,0.9301283554863796,-1.178617293945542,-1.43528297781298,0,0,0,0,0,0,-1.1537260674533811,1.6489991508223378,-1.3624360720410507,-1.3680457627656413,1.3318889527502387
9680,L56859,-0.6167796715118425,0.11161077067665898,0.3133788981140154,-0.6503830605605098,-1.3882719342533656,0,0,0,0,0,0,-0.6369893842907773,1.6489991508223378,-1.295225073335802,-1.3395946555478369,-0.3380416704365194
9681,L56860,-0.6167796715118425,0.048014889949239484,1.9289349988416242,-1.5673179562477357,-1.356931238546956,0,0,0,0,0,0,-1.3727835348268418,1.5383630715784486,-1.3431168832382283,-1.2434570471696793,-0.3380416704365194
9682,M24541,-0.6167796715118425,0.048014889949239484,-0.7018016246404954,0.445952140804652,-1.3255905428405463,0,0,0,0,0,0,0.2726608286636831,1.5383630715784486,-1.1547989404655608,-1.320501813669686,1.3318889527502387
9683,L56862,-0.6167796715118425,-0.015580990778216147,-0.8000449010360933,0.6652191810776846,-1.2785794992809318,0,0,0,0,0,0,0.4939925191756729,1.4277269923344966,-1.0867756175510526,-1.2833658400996313,-0.3380416704365194
9684,M24543,-0.6636840876923579,-0.015580990778216147,-1.1056906498223977,1.6419541786575558,-1.2472388035745223,0,0,0,0,0,0,1.5191303208643832,1.5383630715784486,-0.9534838103447422,-1.2718388339034865,1.3318889527502387
9685,H39098,-0.7105885038728732,-0.07917687150567178,-0.8982881774316911,1.103753261623749,-1.2002277600149078,0,0,0,0,0,0,1.0030671200904422,1.5383630715784486,-0.9547552743244526,-1.220046529431117,-2.0079722936232773
9686,L56865,-0.6636840876923579,-0.015580990778216147,-0.9856155342277781,0.8147194358092976,-1.1218760207488836,0,0,0,0,0,0,0.5384618780561023,1.5383630715784486,-0.902589932712444,-1.1577769289488493,-0.3380416704365194
9687,L56866,-0.6167796715118425,0.048014889949239484,-0.2979125994585933,0.07718484580000713,-1.090535325042474,0,0,0,0,0,0,0.05669747603234359,1.5383630715784486,-0.9705426187391905,-1.0821779896865034,-0.3380416704365194
9688,M24547,-0.6167796715118425,0.048014889949239484,0.5917348479015426,-0.829783366238445,-1.0591946293360643,0,0,0,0,0,0,-0.7604416343170444,1.5383630715784486,-1.0735665195396162,-0.9865652364014693,1.3318889527502387
9689,L56868,-0.6167796715118425,0.048014889949239484,-0.9474098156294901,0.5655523445899426,-1.0121835857764498,0,0,0,0,0,0,0.23775687182513774,1.5383630715784486,-0.8225230204345675,-1.0604509694164501,-0.3380416704365194
9690,L56869,-0.6636840876923579,0.048014889949239484,-0.9746996146282673,1.950921371769556,-0.9808428900700402,0,0,0,0,0,0,2.0633626545902386,1.6489991508224007,-0.5644864694411114,-1.035654041997939,-0.3380416704365194
9691,M24550,-0.7105885038728732,-0.015580990778216147,-0.1123419662669085,-0.4311160202874771,-0.9495021943636306,0,0,0,0,0,0,-0.5648779656321699,1.6489991508224007,-0.9276307094239633,-0.9335746778485727,1.3318889527502387
9692,L56871,-0.6636840876923579,-0.015580990778216147,0.22605154131792848,-0.7998833152921226,-0.9024911508040161,0,0,0,0,0,0,-0.920769485276206,1.5383630715784486,-0.9565565149623758,-0.8571042810731162,-0.3380416704365194
9693,M24552,-0.6636840876923579,-0.015580990778216147,0.6899781242971404,-0.9892503046188322,-0.8711504550976064,0,0,0,0,0,0,-0.9652583653852921,1.5383630715784486,-0.9695890207544077,-0.7811587393907832,1.3318889527502387
9694,L56873,-0.7105885038728732,-0.015580990778216147,0.8318850790907818,-1.1088505084041227,-0.824139411537992,0,0,0,0,0,0,-1.0874222143202035,1.6489991508224007,-0.9615364155495748,-0.7172155443662918,-0.3380416704365194
9695,L56874,-0.7105885038728732,-0.015580990778216147,0.10051846592355347,-0.6503830605605098,-0.7927987158315822,0,0,0,0,0,0,-0.7641311465331997,1.6489991508224007,-0.8469633836001126,-0.7606497790538276,-0.3380416704365194
9696,L56875,-0.7105885038728732,-0.07917687150567178,0.28063113931548284,-0.7899166316433484,-0.7614580201251726,0,0,0,0,0,0,-0.8740942275575455,1.5383630715784486,-0.853038155947618,-0.710164660851124,-0.3380416704365194
9697,L56876,-0.7105885038728732,-0.07917687150567178,-0.745465303038539,-0.012515307038961216,-0.730117324418763,0,0,0,0,0,0,-0.3923883892197573,1.5383630715784486,-0.6596343572561087,-0.7940622523405915,-0.3380416704365194
9698,M24557,-0.7574929200533619,-0.14277275223309127,-0.6963436648407401,0.5555856609411683,-0.6987766287123534,0,0,0,0,0,0,0.42870376993265386,1.5383630715784486,-0.5026791926496319,-0.7605507497909741,1.3318889527502387
9699,L56878,-0.7574929200533619,-0.14277275223309127,0.6681462850981187,-1.168650610296768,-0.6517655851527389,0,0,0,0,0,0,-1.2691453318873327,1.5383630715784486,-0.8638455997751567,-0.5526982299878069,-0.3380416704365194
9700,L56879,-0.7574929200533619,-0.14277275223309127,-0.17783748386397372,-0.3613492347460581,-0.6204248894463292,0,0,0,0,0,0,-0.5035422651921748,1.5383630715784486,-0.6465312145763151,-0.6256728937845357,-0.3380416704365194
9701,M24560,-0.7105885038728732,-0.14277275223309127,-1.0238212528260662,1.3728537201406528,-0.5890841937399195,0,0,0,0,0,0,1.2451401160503934,1.4277269923345595,-0.18456596861485766,-0.7047873718781801,1.3318889527502387
9702,L56881,-0.7574929200533619,-0.14277275223309127,-0.3033705592583487,0.24661846782916805,-0.542073150180305,0,0,0,0,0,0,0.2991316147224467,1.5383630715784486,-0.42300078325444485,-0.5678596101306747,-0.3380416704365194
9703,L56882,-0.7105885038728732,-0.015580990778216147,0.5044074911054557,-0.869650100833542,-0.5107324544738954,0,0,0,0,0,0,-0.8735476331551524,1.6489991508224007,-0.6936813371572438,-0.42705980420559814,-0.3380416704365194
9704,L56883,-0.7105885038728732,-0.015580990778216147,-0.6472220266429412,0.3662186716144587,-0.47939175876748574,0,0,0,0,0,0,0.20496120768153728,1.6489991508224007,-0.33004263896005975,-0.5576992077619076,-0.3380416704365194
9705,L56884,-0.7105885038728732,0.048014889949239484,0.1987617423191513,0.14695163134142608,-0.44805106306107606,0,0,0,0,0,0,0.5259487704870258,1.759635230066353,-0.36140541712625046,-0.40673899946806424,-0.3380416704365194
9706,L56885,-0.7105885038728732,-0.015580990778216147,-0.31974443865761504,0.11705158039510377,-0.41671036735466643,0,0,0,0,0,0,0.0986681176446894,1.6489991508224007,-0.3408500827875984,-0.4526489657269371,-0.3380416704365194
9707,M24566,-0.6636840876923579,0.048014889949239484,0.897380596687847,-0.9792836209700579,-0.38536967164825675,0,0,0,0,0,0,-0.8373455146109219,1.6489991508224007,-0.6381607433765547,-0.23779507704002897,1.3318889527502387
9708,L56887,-0.6636840876923579,0.048014889949239484,0.8646328378893143,-0.7002164788043806,-0.3383586280886423,0,0,0,0,0,0,-0.3906412392549642,1.6489991508224007,-0.5202324592584122,-0.19231093661142604,-0.3380416704365194
9709,L56888,-0.6636840876923579,0.048014889949239484,0.6736042448978742,-1.0191503555651549,-0.30701793238223263,0,0,0,0,0,0,-1.0227679050085348,1.6489991508224007,-0.5975798513574635,-0.18950840847267258,-0.3380416704365194
9710,M24569,-0.6636840876923579,-0.015580990778216147,-0.2979125994585933,-0.5307828567752191,-0.275677236675823,0,0,0,0,0,0,-0.8280631703845637,1.5383630715784486,-0.41911575442755183,-0.31695906976510013,1.3318889527502387
9711,L56890,-0.6167796715118425,0.048014889949239484,-1.1166065694219085,2.1303216774474913,-0.2286661931162085,0,0,0,0,0,0,2.1470892042997045,1.5383630715784486,0.5039670948422226,-0.4124430850084246,-0.3380416704365194
9712,H39125,-0.6167796715118425,0.048014889949239484,-0.6090163080446531,0.2964518860730391,-0.19732549740979885,0,0,0,0,0,0,0.13711517748446328,1.5383630715784486,-0.0765974856711136,-0.2975691400983889,-2.0079722936232773
9713,M24572,-0.6167796715118425,0.11161077067665898,-0.46165139345125633,0.8446194867556199,-0.11897375814377473,0,0,0,0,0,0,1.0318023686734057,1.6489991508223378,0.1953545322113957,-0.1998074518094344,1.3318889527502387
9714,L56893,-0.6167796715118425,0.11161077067665898,-0.24333300146103892,0.5057522426972973,-0.07196271458416025,0,0,0,0,0,0,0.7243039748698382,1.6489991508223378,0.1217508951637141,-0.11535529644798749,-0.3380416704365194
9715,L56894,-0.6167796715118425,0.048014889949239484,1.9289349988416242,-1.9759519858474777,-0.04062201887775059,0,0,0,0,0,0,-2.1307342798884927,1.5383630715784486,-0.7786575131345574,0.3320589131240308,-0.3380416704365194
9716,L56895,-0.6167796715118425,0.048014889949239484,-0.9146620568309575,1.5622207094673624,-0.009281323171340937,0,0,0,0,0,0,1.604594259924314,1.5383630715784486,0.5896496396971536,-0.18764665833102717,-0.3380416704365194
9717,H39130,-0.6636840876923579,-0.015580990778216147,-0.8382506196343814,0.525685609994846,0.022059372535068716,0,0,0,0,0,0,0.27262178620636984,1.5383630715784486,0.22488075129578255,-0.14520271627202608,-2.0079722936232773
9718,L56897,-0.7105885038728732,-0.07917687150567178,-0.2215011622620172,0.42601877350710404,0.10041111180109286,0,0,0,0,0,0,0.6247457087196226,1.5383630715784486,0.26408422400352094,0.05216260459495766,-0.3380416704365194
9719,L56898,-0.7105885038728732,-0.07917687150567178,-0.1287158456661748,-0.3314491837997351,0.1317518075075025,0,0,0,0,0,0,-0.4272337823723321,1.5383630715784486,-0.018745874594288826,0.10156830383255835,-0.3380416704365194
9720,L56899,-0.7105885038728732,-0.07917687150567178,-1.2639714840153053,1.6220208113600076,0.16309250321391217,0,0,0,0,0,0,1.3339324245963258,1.5383630715784486,0.8308746114033274,-0.11350344923262742,-0.3380416704365194
9721,M24580,-0.7105885038728732,-0.07917687150567178,-1.0019894136270444,1.4525871893308462,0.19443319892032182,0,0,0,0,0,0,1.3720671447775894,1.5383630715784486,0.7979225032624986,-0.030061392352285988,1.3318889527502387
9722,L56901,-0.7574929200533619,-0.14277275223309127,-0.27608076025957157,0.06721816215123279,0.2414442424799363,0,0,0,0,0,0,0.058044440809669605,1.5383630715784486,0.24691946027743025,0.17357248085332297,-0.3380416704365194
9723,H39136,-0.7574929200533619,-0.14277275223309127,2.0217203154374666,-1.8264517311158648,0.27278493818634597,0,0,0,0,0,0,-1.817594251003079,1.5383630715784486,-0.5699255097987614,0.7283938289162246,-2.0079722936232773
9724,L56903,-0.7574929200533619,-0.14277275223309127,0.31883685791377087,-0.6304496932629611,0.3511366774523701,0,0,0,0,0,0,-0.6025148944826827,1.5383630715784486,0.023424347399440732,0.41826388643798434,-0.3380416704365194
9725,M24584,-0.7574929200533619,-0.2063686329605469,3.042358797991733,-2.085585505983994,0.3824773731587797,0,0,0,0,0,0,-1.9557655074366533,1.4277269923344966,-0.6386552015908866,1.1071609534782112,1.3318889527502387
9726,M24585,-0.8043973362338772,-0.2063686329605469,0.4825756519064339,-1.1985506612430905,0.4294884167183942,0,0,0,0,0,0,-1.4104302242916829,1.5383630715784486,-0.19102924384505257,0.5378417213335602,1.3318889527502387
9727,L56906,-0.7574929200533619,-0.14277275223309127,0.0896025463240426,-0.2716490819070898,0.4764994602780087,0,0,0,0,0,0,-0.19315472954738416,1.5383630715784486,0.2950938177309032,0.4871288358262936,-0.3380416704365194
9728,L56907,-0.7574929200533619,-0.14277275223309127,-0.4343615944524792,-0.052382041634057866,0.5078401559844183,0,0,0,0,0,0,-0.22800012269995965,1.5383630715784486,0.4309285528966343,0.3839205380803978,-0.3380416704365194
9729,L56908,-0.7574929200533619,-0.14277275223309127,0.12235030512257522,-0.6204830096141867,0.539180851690828,0,0,0,0,0,0,-0.7053234452042726,1.5383630715784486,0.17087885060197014,0.5573009714842689,-0.3380416704365194
9730,L56909,-0.8043973362338772,-0.14277275223309127,0.8428009986902927,-1.0889171411065743,0.5705215473972377,0,0,0,0,0,0,-1.0487116178935612,1.6489991508224007,-0.04601171327030138,0.7777995281538254,-0.3380416704365194
9731,L56910,-0.7574929200533619,-0.015580990778216147,-0.06867828786886501,-0.32148250015096075,0.6018622431036473,0,0,0,0,0,0,-0.37302333039210667,1.7596352300662899,0.3742424504678778,0.568263510882149,-0.3380416704365194
9732,L56911,-0.7574929200533619,-0.015580990778216147,-0.8273347000348705,0.9642196905409106,0.633202938810057,0,0,0,0,0,0,0.8779750868569955,1.7596352300662899,1.079021998110147,0.39342734731433177,-0.3380416704365194
9733,L56912,-0.7105885038728732,-0.015580990778216147,3.768267451359206,-2.245052444364381,0.6645436345164666,0,0,0,0,0,0,-2.0575296724250998,1.6489991508224007,-0.6031954839345179,1.6800155303067315,-0.3380416704365194
9734,M24593,-0.7105885038728732,0.048014889949239484,-0.5380628306478324,0.2964518860730391,0.6958843302228762,0,0,0,0,0,0,0.19155012359424267,1.759635230066353,0.7870444225471982,0.5287508350036109,1.3318889527502387
9735,H39148,-0.7105885038728732,0.048014889949239484,-0.45073547385174545,0.43598545715587766,0.7428953737824907,0,0,0,0,0,0,0.4577806400171133,1.759635230066353,0.9096347412576122,0.5963085981222543,-2.0079722936232773
9736,L56915,-0.6636840876923579,0.048014889949239484,-0.5271469110483216,0.7748527012142009,0.8212471130485148,0,0,0,0,0,0,0.8764524310217564,1.6489991508224007,1.1811982562574328,0.6461797348952664,-0.3380416704365194
9737,M24596,-0.7105885038728732,-0.015580990778216147,-1.0511110518248434,1.8213544843354916,0.8525878087549246,0,0,0,0,0,0,1.8110117317424281,1.6489991508224007,1.8193672187404275,0.519818395494227,1.3318889527502387
9738,L56917,-0.7105885038728732,-0.015580990778216147,1.3667651394668143,-1.2284507121894128,0.8995988523145391,0,0,0,0,0,0,-1.0217137586610607,1.6489991508224007,0.08699754638496239,1.2881072225640882,-0.3380416704365194
9739,L56918,-0.6636840876923579,-0.015580990778216147,-0.17237952406421828,-0.1919156127168965,0.9309395480209487,0,0,0,0,0,0,-0.24961012282315365,1.5383630715784486,0.7235771788933191,0.8544184688235621,-0.3380416704365194
9740,L56919,-0.7105885038728732,-0.015580990778216147,-0.13963176526568566,0.2964518860730391,0.9622802437273583,0,0,0,0,0,0,0.4972232825183905,1.6489991508224007,1.0446218337702036,0.894406485163797,-0.3380416704365194
9741,M24600,-0.7105885038728732,0.048014889949239484,0.6244826067000753,-0.8397500498872194,0.993620939433768,0,0,0,0,0,0,-0.7580893262638874,1.759635230066353,0.38240101100435286,1.1628748167595786,1.3318889527502387
9742,L56921,-0.7105885038728732,0.048014889949239484,-0.24879096126079436,0.2964518860730391,1.0406319829933826,0,0,0,0,0,0,0.41347721158026796,1.759635230066353,1.1203798958946167,0.9347609097765897,-0.3380416704365194
9743,L56922,-0.7105885038728732,0.11161077067665898,0.44982789310790133,-0.2716490819070898,1.071972678699792,0,0,0,0,0,0,0.0464878734447824,1.870271309310242,0.7943553404305335,1.188731357290622,-0.3380416704365194
9744,L56923,-0.7105885038728732,0.11161077067665898,0.11689234532281978,0.2565851514779424,1.1033133744062018,0,0,0,0,0,0,0.6330422308988073,1.870271309310242,1.155698339775462,1.1127462039031475,-0.3380416704365194
9745,L56924,-0.7574929200533619,0.048014889949239484,0.182387862919885,-0.37131591839483175,1.1346540701126113,0,0,0,0,0,0,-0.2850606740640929,1.870271309310242,0.7829828015009013,1.16519210151035,-0.3380416704365194
9746,L56925,-0.7574929200533619,-0.015580990778216147,0.3843323755108361,-0.7500498970482516,1.165994765819021,0,0,0,0,0,0,-0.7518522937080069,1.7596352300662899,0.5629488961232343,1.2634192273347158,-0.3380416704365194
9747,L56926,-0.7574929200533619,-0.015580990778216147,-0.7509232628382944,0.5655523445899426,1.1973354615254308,0,0,0,0,0,0,0.39798711664101405,1.7596352300662899,1.448311647328266,0.9142618523659195,-0.3380416704365194
9748,L56927,-0.7574929200533619,0.048014889949239484,-0.3252023984573705,0.7449526502678779,1.2286761572318403,0,0,0,0,0,0,1.0053511038432994,1.870271309310242,1.5994039502505222,1.0864935463206902,-0.3380416704365194
9749,M24608,-0.7105885038728732,0.048014889949239484,-0.5435207904475878,0.12701826404387812,1.26001685293825,0,0,0,0,0,0,-0.051742949156763855,1.759635230066353,1.219024309653818,1.0409598912606606,1.3318889527502387
9750,H39163,-0.7574929200533619,0.048014889949239484,-0.3142864788578596,0.545618977292394,1.3070278964978645,0,0,0,0,0,0,0.7251043452447711,1.870271309310242,1.5474858377456795,1.163627439157265,-2.0079722936232773
9751,L56930,-0.8043973362338772,-0.015580990778216147,0.07868662672453174,-0.730116529750703,1.3853796357638886,0,0,0,0,0,0,-0.8985933695219613,1.870271309310242,0.7370688244558022,1.3775207439944943,-0.3380416704365194
9752,L56931,-0.8513017524143659,-0.07917687150567178,0.40616421470985786,-1.1088505084041227,1.4167203314702983,0,0,0,0,0,0,-1.306684654594561,1.870271309310179,0.49301837723916053,1.5265597845889805,-0.3380416704365194
9753,L56932,-0.8513017524143659,-0.14277275223309127,0.11143438552306434,-0.730116529750703,1.448061027176708,0,0,0,0,0,0,-0.8795016078955077,1.7596352300662899,0.7831240752764245,1.451059874589488,-0.3380416704365194
9754,L56933,-0.8982061685948812,-0.14277275223309127,0.2860890991152383,-0.4809494385313481,1.4794017228831176,0,0,0,0,0,0,-0.3889624135904699,1.870271309310242,0.9853928033820258,1.5463062196019641,-0.3380416704365194
9755,M24614,-0.8982061685948812,-0.2063686329605469,0.06231274732526543,-0.5905829586678644,1.5107424185895273,0,0,0,0,0,0,-0.6960606222065717,1.7596352300662899,0.9305432600350729,1.4946228473187333,1.3318889527502387
9756,H39169,-0.8982061685948812,-0.2063686329605469,0.11143438552306434,-0.4610160712338001,1.5577534621491418,0,0,0,0,0,0,-0.4681209957942205,1.7596352300662899,1.062069145047341,1.5592691501094844,-2.0079722936232773
9757,L56936,-0.8513017524143659,-0.14277275223309127,0.30792093831426,-0.4012159693411548,1.6361052014151658,0,0,0,0,0,0,-0.250556902413014,1.7596352300662899,1.1695431697767535,1.7124971285226727,-0.3380416704365194
9758,M24617,-0.8513017524143659,-0.07917687150567178,-0.1287158456661748,-0.5905829586678644,1.6674458971215755,0,0,0,0,0,0,-0.8122119327151566,1.870271309310179,1.050625969229947,1.5737967429700899,1.3318889527502387
9759,L56938,-0.8513017524143659,-0.14277275223309127,3.9865858433494235,-2.3646526481496717,1.71445694068119,1,1,0,0,0,0,-2.255592058378058,1.7596352300662899,-0.2838461143639141,3.246628759869914,-0.3380416704365194
9760,L56939,-0.8982061685948812,-0.2063686329605469,0.395248295110347,-0.32148250015096075,-1.7016788913174623,0,0,0,0,0,0,-0.06854096641603048,1.7596352300662899,-1.531152278459849,-1.6560921796275558,-0.3380416704365194
9761,M24620,-0.8982061685948812,-0.26996451368796637,-0.17237952406421828,0.7349859666191036,-1.6703381956110526,0,0,0,0,0,0,1.1201652101888866,1.6489991508224007,-1.4977410305485692,-1.626205148098376,1.3318889527502387
9762,L56941,-0.8513017524143659,-0.2063686329605469,0.8864646770883361,-1.377950966921026,-1.623327152051438,0,0,0,0,0,0,-1.5081144524908352,1.6489991508223378,-1.4850617091953457,-1.5717687623078185,-0.3380416704365194
9763,L56942,-0.8513017524143659,-0.2063686329605469,2.0981317526340426,-1.7766183128719937,-1.5919864563450283,0,0,0,0,0,0,-1.6941322403624837,1.6489991508223378,-1.4765146457761813,-1.5226502479324928,-0.3380416704365194
9764,M24623,-0.8513017524143659,-0.26996451368796637,0.5153234107049666,-1.0191503555651549,-1.5606457606386188,0,0,0,0,0,0,-1.1068360762194958,1.5383630715784486,-1.4367460779663492,-1.5103706193386615,1.3318889527502387
9765,L56944,-0.8982061685948812,-0.333560394415422,-1.345840881011637,2.6685225944812982,-1.5136347170790043,1,0,0,1,0,0,2.5778251146143143,1.5383630715784486,-1.2484634536375627,-1.5023195402686735,-0.3380416704365194
9766,L56945,-0.8513017524143659,-0.26996451368796637,-0.3743240366551694,-0.08228209258038018,-1.4822940213725946,0,0,0,0,0,0,-0.22880049307489247,1.5383630715784486,-1.3378191166561013,-1.4520126747391062,-0.3380416704365194
9767,H39180,-0.8513017524143659,-0.26996451368796637,-0.49985711204954436,0.2565851514779424,-1.450953325666185,0,0,0,0,0,0,0.16428872777487524,1.5383630715784486,-1.2909868600701004,-1.42650273662805,-2.0079722936232773
9768,L56947,-0.8513017524143659,-0.26996451368796637,0.12235030512257522,-0.4909161221801224,-1.3726015864001608,0,0,0,0,0,0,-0.5069975226644464,1.5383630715784486,-1.2715617159356356,-1.3310484301635817,-0.3380416704365194
9769,L56948,-0.8513017524143659,-0.26996451368796637,0.3843323755108361,-0.42114933663870274,-1.341260890693751,0,0,0,0,0,0,-0.2329487541644848,1.5383630715784486,-1.2411525357542277,-1.2891590519765599,-0.3380416704365194
9770,L56949,-0.8513017524143659,-0.26996451368796637,-0.8437085794341368,0.8645528540531686,-1.3099201949873416,0,0,0,0,0,0,0.728169178143906,1.5383630715784486,-1.1020331853075778,-1.312955783840251,-0.3380416704365194
9771,H39184,-0.8513017524143659,-0.333560394415422,0.23696746091743934,-0.8098499989408967,-1.2785794992809318,0,0,0,0,0,0,-0.9300030264309211,1.4277269923344966,-1.2279081192989107,-1.2325638282557967,-2.0079722936232773
9772,M24631,-0.8043973362338772,-0.26996451368796637,-0.6363061070434303,1.0439531597311038,-1.2002277600149078,0,0,0,0,0,0,1.1586122700286605,1.4277269923345595,-0.9615364155495748,-1.2048356346568225,1.3318889527502387
9773,L56952,-0.8982061685948812,-0.333560394415422,0.11143438552306434,-0.5108494894776711,-1.1532167164552933,0,0,0,0,0,0,-0.5443025906277924,1.5383630715784486,-1.1009736319911525,-1.115045802027573,-0.3380416704365194
9774,L56953,-0.8982061685948812,-0.39715627514287766,0.10597642572330891,-0.20188229636567082,-1.1218760207488836,0,0,0,0,0,0,-0.07567597549012985,1.4277269923344966,-1.0358817399187543,-1.0844952744372747,-0.3380416704365194
9775,H39188,-0.8513017524143659,-0.333560394415422,-0.9037461372314466,0.10708489674632944,-1.090535325042474,0,0,0,0,0,0,-0.3439952633792895,1.4277269923344966,-0.9664103608051315,-1.1250477575757745,-2.0079722936232773
9776,M24635,-0.8513017524143659,-0.333560394415422,0.7827634408929829,-1.2085173448918645,-1.0121835857764498,0,0,0,0,0,0,-1.2770904719506926,1.4277269923344966,-1.0991370729093486,-0.9223249535884175,1.3318889527502387
9777,M24636,-0.8513017524143659,-0.26996451368796637,-0.783671021636827,1.4127204547357495,-0.9651725422168353,0,0,0,0,0,0,1.5303062242704613,1.5383630715784486,-0.6331102059015937,-1.0058759426578978,1.3318889527502387
9778,L56957,-0.8513017524143659,-0.26996451368796637,-0.8382506196343814,1.7615543824428463,-0.9181614986572209,0,0,0,0,0,0,1.9513303233282606,1.5383630715784486,-0.5139810946915024,-0.9693242417386787,-0.3380416704365194
9779,H39192,-0.8043973362338772,-0.2063686329605469,-1.2530555644157944,1.4525871893308462,-0.8868208029508112,0,0,0,0,0,0,1.127368543563285,1.5383630715784486,-0.5302275788766914,-0.9809898889028185,-2.0079722936232773
9780,L56959,-0.7574929200533619,-0.14277275223309127,-0.17237952406421828,-0.37131591839483175,-0.8084690636847871,0,0,0,0,0,0,-0.5147279292125806,1.5383630715784486,-0.8023915074224857,-0.8043117810459265,-0.3380416704365194
9781,M24640,-0.7574929200533619,-0.14277275223309127,-0.3470342376563922,0.675185864726459,-0.7771283679783775,0,0,0,0,0,0,0.8859299875346843,1.5383630715784486,-0.5580231942109166,-0.7931214743434833,1.3318889527502387
9782,L56961,-0.7574929200533619,-0.07917687150567178,-0.5435207904475878,0.16688499863897477,-0.730117324418763,0,0,0,0,0,0,0.004517231832435874,1.6489991508223378,-0.6202189738850852,-0.7713449394420033,-0.3380416704365194
9783,L56962,-0.8043973362338772,-0.07917687150567178,-0.745465303038539,0.7150525993215556,-0.6987766287123534,0,0,0,0,0,0,0.607996494531999,1.7596352300662899,-0.4665131061156463,-0.7662548353313345,-0.3380416704365194
9784,H39197,-0.7574929200533619,-0.07917687150567178,-0.407071795453702,0.4658855081022007,-0.6674359330059436,0,0,0,0,0,0,0.5352994390136836,1.6489991508223378,-0.49151856438328484,-0.697924643962434,-2.0079722936232773
9785,M24644,-0.8043973362338772,-0.14277275223309127,-0.5762685492461205,0.8844862213507165,-0.5890841937399195,0,0,0,0,0,0,0.9886214108843324,1.6489991508224007,-0.30743883487631884,-0.6471325350448845,1.3318889527502387
9786,H39199,-0.8043973362338772,-0.2063686329605469,0.8537169182898036,-1.0091836719163807,-0.542073150180305,0,0,0,0,0,0,-0.9105403614599874,1.5383630715784486,-0.7523099539994469,-0.4125025025661367,-2.0079722936232773
9787,M24646,-0.8043973362338772,-0.26996451368796637,1.0774932700797764,-1.2583507631357356,-0.46372141091428093,0,0,0,0,0,0,-1.2153838681662161,1.4277269923345595,-0.7694393992816568,-0.2964005947967179,1.3318889527502387
9788,H39201,-0.8513017524143659,-0.333560394415422,-0.658137946242452,1.0439531597311038,-0.41671036735466643,0,0,0,0,0,0,1.1389348715425012,1.4277269923344966,-0.07151162975227167,-0.5029954429616459,-2.0079722936232773
9789,M24648,-0.8982061685948812,-0.333560394415422,-0.03047256927057697,-0.012515307038961216,-0.3383586280886423,0,0,0,0,0,0,0.11651052063709946,1.5383630715784486,-0.3082158406416974,-0.33360588885076997,1.3318889527502387
9790,L56969,-0.8513017524143659,-0.26996451368796637,0.9519601946854014,-1.1487172429992196,-0.2913475845290278,0,0,0,0,0,0,-1.092536776228313,1.5383630715784486,-0.6284128528654415,-0.1275755074841068,-0.3380416704365194
9791,L56970,-0.8513017524143659,-0.333560394415422,-0.3142864788578596,0.32635193701936205,-0.2600068888226182,0,0,0,0,0,0,0.4066545421646802,1.4277269923344966,-0.12745604485953077,-0.30497652895982913,-0.3380416704365194
9792,M24651,-0.8982061685948812,-0.39715627514287766,-0.10688400646715306,-0.24174903096076747,-0.2286661931162085,0,0,0,0,0,0,-0.27933119345329155,1.4277269923344966,-0.2861771316600499,-0.24023119690622455,1.3318889527502387
9793,H39206,-0.8982061685948812,-0.39715627514287766,0.17692990312012957,-0.39124928569238043,-0.18165514955659404,0,0,0,0,0,0,-0.3193009091283046,1.4277269923344966,-0.29783221814072885,-0.14509378408288723,-2.0079722936232773
9794,H39207,-0.8982061685948812,-0.39715627514287766,-0.6908857050409846,0.675185864726459,-0.1033034102905699,0,0,0,0,0,0,0.5987629533772824,1.4277269923344966,0.15120647736033932,-0.22781292734439829,-2.0079722936232773
9795,L56974,-0.8982061685948812,-0.4607521558702971,0.26971521971597195,-0.6005496423166388,-0.024951671024545763,0,0,0,0,0,0,-0.5854728618652046,1.3170909130906074,-0.25004636356994514,0.028692669298683127,-0.3380416704365194
9796,L56975,-0.8982061685948812,-0.4607521558702971,0.44982789310790133,-0.6802831115068321,0.00638902468186389,0,0,0,0,0,0,-0.6030126858134336,1.3170909130906074,-0.25689814168282904,0.09580480073448587,-0.3380416704365194
9797,H39210,-0.9451105847753966,-0.4607521558702971,0.8373430388905372,-0.8995501517798646,0.03772972038827355,0,0,0,0,0,0,-0.7373870632732398,1.4277269923345595,-0.31976497179073393,0.205994661511552,-2.0079722936232773
9798,M24657,-0.9451105847753966,-0.5243480365977528,0.30792093831426,-0.6404163769117354,0.11608145965429768,0,0,0,0,0,0,-0.6246617283939415,1.3170909130906074,-0.15867754925019809,0.17844472058571414,1.3318889527502387
9799,L56978,-0.8982061685948812,-0.4607521558702971,-0.37978199645492483,0.47585219175097504,0.16309250321391217,0,0,0,0,0,0,0.5714234726432862,1.3170909130906074,0.3475417068939586,0.07740516369630947,-0.3380416704365194
9800,M24659,-0.8982061685948812,-0.4607521558702971,0.056854787525509994,-0.5208161731264447,0.19443319892032182,0,0,0,0,0,0,-0.5934082413142362,1.3170909130906074,-0.04823677523479438,0.2023998992699707,1.3318889527502387
9801,H39214,-0.8982061685948812,-0.4607521558702971,-0.6526799864426965,1.0339864760823294,0.2414442424799363,0,0,0,0,0,0,1.1299843882033105,1.3170909130906074,0.671729703276238,0.08884304355588629,-2.0079722936232773
9802,M24661,-0.9451105847753966,-0.4607521558702971,-0.24333300146103892,0.5655523445899426,0.3197959817459604,0,0,0,0,0,0,0.8119152490820286,1.4277269923345595,0.546419864386999,0.2550141466240241,1.3318889527502387
9803,H39216,-0.9451105847753966,-0.4607521558702971,2.4201513808196133,-2.0656521386864455,0.3668070253055749,0,0,0,0,0,0,-2.1284502961356355,1.4277269923345595,-0.636041636743704,0.9373653793896362,-2.0079722936232773
9804,L56983,-0.9451105847753966,-0.5243480365977528,0.8264271192910263,-1.0091836719163807,0.44515876457159903,0,0,0,0,0,0,-0.9250836768093816,1.3170909130906074,-0.08924148858045614,0.6394457450212298,-0.3380416704365194
9805,L56984,-0.9451105847753966,-0.5879439173251723,-0.40161383565394654,0.2565851514779424,0.4764994602780087,0,0,0,0,0,0,0.23895742738753697,1.2064548338467183,0.555284793801091,0.36324322799659137,-0.3380416704365194
9806,L56985,-0.9451105847753966,-0.5243480365977528,0.6026507675010535,-1.1387505593504452,0.5078401559844183,0,0,0,0,0,0,-1.2538309280059907,1.3170909130906074,-0.11188061110807798,0.6492199332648682,-0.3380416704365194
9807,L56986,-0.9920150009558852,-0.5879439173251723,-0.6745118256417183,2.050588208257298,0.539180851690828,0,0,0,0,0,0,2.5210866635230196,1.3170909130906074,1.5244228938914877,0.3505476764987754,-0.3380416704365194
9808,L56987,-1.0389194171364007,-0.6515397980526278,-0.6963436648407401,1.502420607574717,0.5705215473972377,0,0,0,0,0,0,1.7389198343124772,1.3170909130906074,1.285493621037569,0.3728688723459495,-0.3380416704365194
9809,M24668,-1.0389194171364007,-0.6515397980526278,-0.5435207904475878,0.42601877350710404,0.6018622431036473,0,0,0,0,0,0,0.3702084082622384,1.3170909130906074,0.763628294254198,0.4416149866188347,1.3318889527502387
9810,M24669,-1.0389194171364007,-0.6515397980526278,-1.0238212528260662,1.0339864760823294,0.6488732866632618,0,0,0,0,0,0,0.7961323357129197,1.3170909130906074,1.1336243123499339,0.3537067099838013,1.3318889527502387
9811,L56990,-1.0858238333168893,-0.6515397980526278,-0.21058524266250633,0.0971182130975551,0.6958843302228762,0,0,0,0,0,0,0.14957948198189686,1.4277269923344966,0.6789699842718113,0.6196596983031046,-0.3380416704365194
9812,L56991,-1.0389194171364007,-0.6515397980526278,0.37887441571108066,-0.819816682589671,0.727225025929286,0,0,0,0,0,0,-0.8650168562320847,1.3170909130906074,0.204219461625488,0.8151830748810137,-0.3380416704365194
9813,M24672,-1.0389194171364007,-0.5879439173251723,-0.7072595844402509,0.5854857118874907,0.7585657216356956,0,0,0,0,0,0,0.4611382913461011,1.4277269923345595,1.0084557472362177,0.5376733715867094,1.3318889527502387
9814,L56993,-0.9920150009558852,-0.5879439173251723,-0.8382506196343814,1.2333201490578134,0.8055767651953101,0,0,0,0,0,0,1.2338178034293872,1.3170909130906074,1.4242951054892912,0.5415652216168511,-0.3380416704365194
9815,H39228,-0.9920150009558852,-0.5879439173251723,-0.6035583482448976,0.0971182130975551,0.8369174609017197,0,0,0,0,0,0,-0.13785108876237237,1.3170909130906074,0.8089771761972032,0.6380197236361397,-2.0079722936232773
9816,M24675,-0.9451105847753966,-0.5879439173251723,0.19330378251939587,-0.11218214352670319,0.9152692001677438,0,0,0,0,0,0,0.12195694343237624,1.2064548338467183,0.757341611243407,0.9502787952657298,1.3318889527502387
9817,M24676,-0.8982061685948812,-0.5243480365977528,0.9847079534839339,-1.0490504065114776,0.9622802437273583,0,0,0,0,0,0,-0.9079245168199626,1.2064548338466554,0.23406354670480237,1.2412069636766805,1.3318889527502387
9818,M24677,-0.8982061685948812,-0.4607521558702971,-0.4125297552534574,0.24661846782916805,1.0092912872869728,0,0,0,0,0,0,0.2163616052171694,1.3170909130906074,1.05952621708792,0.8537549727624437,1.3318889527502387
9819,M24678,-0.8513017524143659,-0.39715627514287766,-0.7290914236392727,0.5157189263460716,1.0563023308465873,0,0,0,0,0,0,0.3471245553754482,1.3170909130905446,1.2722845230261328,0.7961892622657164,1.3318889527502387
9820,M24679,-0.8513017524143659,-0.39715627514287766,-0.41798771505321286,-0.3015491328534128,1.1033133744062018,0,0,0,0,0,0,-0.5737015609850911,1.3170909130905446,0.8016662583138681,0.9390290710055745,1.3318889527502387
9821,M24680,-0.8513017524143659,-0.333560394415422,0.1496401041213524,-0.32148250015096075,1.1503244179658163,0,0,0,0,0,0,-0.22973751205042378,1.4277269923344966,0.8279078621173365,1.1699653119798876,1.3318889527502387
9822,L57001,-0.8513017524143659,-0.39715627514287766,0.6899781242971404,-0.4311160202874771,1.1973354615254308,0,0,0,0,0,0,-0.054085496595592454,1.3170909130905446,0.7949204355326267,1.397920772142311,-0.3380416704365194
9823,L57002,-0.8982061685948812,-0.39715627514287766,-0.9856155342277781,2.0904549428523946,1.2286761572318403,1,0,0,0,1,0,2.2375896203531163,1.4277269923344966,2.4910180660224635,0.8624200332621231,-0.3380416704365194
9824,M24683,-0.8982061685948812,-0.4607521558702971,-0.2869966798590824,0.37618535526323305,1.26001685293825,0,0,0,0,0,0,0.5003564397178243,1.3170909130906074,1.3859039569908127,1.128927585453406,1.3318889527502387
9825,L57004,-0.9451105847753966,-0.4607521558702971,-0.19966932306299545,-0.0623487252828322,1.3070278964978645,0,0,0,0,0,0,-0.07731575869731015,1.4277269923345595,1.1338362230132186,1.2035560379397878,-0.3380416704365194
9826,L57005,-0.9451105847753966,-0.5243480365977528,0.37887441571108066,-0.7500498970482516,1.338368592204274,0,0,0,0,0,0,-0.7550147327504249,1.3170909130906074,0.688823830114567,1.4369878163380085,-0.3380416704365194
9827,L57006,-0.9451105847753966,-0.5243480365977528,-1.0674849312241097,1.2731868836529108,1.3697092879106838,0,0,0,0,0,0,1.0719282541776747,1.3170909130906074,2.1169604268804307,0.9545172477158587,-0.3380416704365194
9828,M24687,-0.9920150009558852,-0.4607521558702971,-0.8982881774316911,1.701754280550201,1.4010499836170935,0,0,0,0,0,0,1.8089034390474816,1.5383630715784486,2.454887297932359,1.04194028096291,1.3318889527502387
9829,L57008,-0.9451105847753966,-0.39715627514287766,-0.8491665392338922,1.004086425136007,1.448061027176708,0,0,0,0,0,0,0.9126838314089718,1.5383630715784486,2.01835133156511,1.1007339543190204,-0.3380416704365194
9830,M24689,-0.9451105847753966,-0.39715627514287766,-0.6090163080446531,0.18681836593652273,1.4794017228831176,0,0,0,0,0,0,-0.016311919144481934,1.5383630715784486,1.4657589586054034,1.2166179977101617,1.3318889527502387
9831,L57010,-0.9920150009558852,-0.4607521558702971,-1.111148609622153,1.6120541277112335,1.526412766442732,1,0,0,0,1,0,1.4744755103117129,1.5383630715784486,2.5504590070739264,1.0713915837355346,-0.3380416704365194
9832,L57011,-0.9451105847753966,-0.4607521558702971,0.007733149327711078,-0.4510493875850258,1.5577534621491418,0,0,0,0,0,0,-0.5185345688006777,1.4277269923345595,1.0694153813745568,1.5201327854297895,-0.3380416704365194
9833,L57012,-0.9451105847753966,-0.5243480365977528,3.151517993986842,-2.215152393418059,1.5890941578555513,0,0,0,0,0,0,-2.1874239279081453,1.3170909130906074,-0.21836571940882676,2.7485313735694854,-0.3380416704365194
9834,L57013,-0.9920150009558852,-0.5879439173251723,-0.8437085794341368,0.5356522936436197,1.620434853561961,0,0,0,0,0,0,0.2817381999891439,1.3170909130906074,1.860689798081016,1.2537044566487896,-0.3380416704365194
9835,M24694,-0.9920150009558852,-0.5879439173251723,0.49894953130570024,-0.7201498461019287,-1.7016788913174623,0,0,0,0,0,0,-0.6376531060651117,1.3170909130906074,-1.531152278459849,-1.6560921796275558,1.3318889527502387
9836,L57015,-0.9451105847753966,-0.4607521558702971,0.024107028726977384,-0.3015491328534128,-1.6546678477578478,0,0,0,0,0,0,-0.28196655932197373,1.4277269923345595,-1.4920547610837531,-1.6101921162949682,-0.3380416704365194
9837,M24696,-0.9451105847753966,-0.4607521558702971,-0.821876740235115,1.3628870364918784,-1.623327152051438,0,0,0,0,0,0,1.4255065082258669,1.4277269923345595,-1.4364988488591834,-1.5872668419443878,1.3318889527502387
9838,M24697,-0.9451105847753966,-0.4607521558702971,-1.0129053332265552,1.0638865270286526,-1.5763161084918236,0,0,0,0,0,0,0.8456284109725031,1.4277269923345595,-1.388183217630187,-1.5487444586943846,1.3318889527502387
9839,L57018,-0.9451105847753966,-0.5243480365977528,-0.6308481472436748,0.5555856609411683,-1.529305064932209,0,0,0,0,0,0,0.4819967241660046,1.3170909130906074,-1.3543834668362178,-1.5008638101047274,-0.3380416704365194
9840,M24699,-0.9451105847753966,-0.5243480365977528,-0.2706228004598161,1.123686628921298,-1.4979643692257996,0,0,0,0,0,0,1.6046333023816273,1.3170909130906074,-1.2960727159889422,-1.4641437594386573,1.3318889527502387
9841,H39254,-0.9920150009558852,-0.5243480365977528,-0.2979125994585933,0.24661846782916805,-1.450953325666185,0,0,0,0,0,0,0.30327011519771074,1.4277269923344966,-1.291551955172194,-1.420640204267124,-2.0079722936232773
9842,M24701,-0.9920150009558852,-0.5243480365977528,-0.9910734940275335,1.1436199962188458,-1.3726015864001608,0,0,0,0,0,0,0.9715012933522258,1.4277269923344966,-1.1499249952100041,-1.373472566370012,1.3318889527502387
9843,L57022,-0.9451105847753966,-0.4607521558702971,-0.7945869412363379,0.7648860175654266,-1.3255905428405463,0,0,0,0,0,0,0.6347015353346441,1.4277269923345595,-1.1276743755650716,-1.324542207594108,-0.3380416704365194
9844,L57023,-0.9920150009558852,-0.5243480365977528,-0.8600824588334031,1.2133867817602655,-1.2942498471341368,0,0,0,0,0,0,1.186400739021766,1.4277269923344966,-1.0527286376499174,-1.300002756259016,-0.3380416704365194
9845,H39258,-0.9920150009558852,-0.5879439173251723,-0.30882851905810416,-0.29158244920463844,-1.262909151427727,0,0,0,0,0,0,-0.4871834755776879,1.3170909130906074,-1.165253199854291,-1.2446057866187796,-2.0079722936232773
9846,L57025,-0.9920150009558852,-0.5879439173251723,-0.6526799864426965,0.7449526502678779,-1.1845574121617028,0,0,0,0,0,0,0.7277592323421099,1.3170909130906074,-0.9787011792756658,-1.1917142573287365,-0.3380416704365194
9847,L57026,-0.9920150009558852,-0.6515397980526278,-1.1002326900226422,1.8811545862281362,-1.1532167164552933,0,0,0,0,0,0,1.8383024094047804,1.2064548338466554,-0.8042987033920513,-1.1919915392647262,-0.3380416704365194
9848,L57027,-0.9451105847753966,-0.5879439173251723,-0.9746996146282673,0.6153857628338136,-1.1218760207488836,0,0,0,0,0,0,0.2819724547330276,1.2064548338467183,-0.9287255811842696,-1.1570441124037336,-0.3380416704365194
9849,H39262,-0.8982061685948812,-0.5243480365977528,0.1496401041213524,0.06721816215123279,-1.090535325042474,0,0,0,0,0,0,0.36714357536310416,1.2064548338466554,-0.9719200380505434,-1.0505084314259607,-2.0079722936232773
9850,L57029,-0.8513017524143659,-0.39715627514287766,4.210362195139396,-2.4344194336910907,-1.0121835857764498,0,0,0,0,0,0,-2.3487278403001515,1.3170909130905446,-1.2902804911924837,-0.6486872944716842,-0.3380416704365194
9851,M24710,-0.8982061685948812,-0.4607521558702971,-0.23241708186152807,-0.5307828567752191,-0.9808428900700402,0,0,0,0,0,0,-0.7875370996928284,1.3170909130906074,-0.969023925652314,-0.9737013351568025,1.3318889527502387
9852,M24711,-0.8982061685948812,-0.4607521558702971,1.2030263454741514,-1.26831744678451,-0.9338318465104257,0,0,0,0,0,0,-1.171285412630268,1.3170909130906074,-1.0604280584159418,-0.8015785733911706,1.3318889527502387
9853,L57032,-0.8513017524143659,-0.39715627514287766,-1.2257657654170173,1.1436199962188458,-0.8868208029508112,0,0,0,0,0,0,0.7557721954647686,1.3170909130905446,-0.5871609104126142,-0.9784151280686281,-0.3380416704365194
9854,L57033,-0.8513017524143659,-0.39715627514287766,-0.08505216726813132,-0.21184898001444516,-0.8554801072444016,0,0,0,0,0,0,-0.22003546140794325,1.3170909130905446,-0.8102322019640334,-0.8405862000291559,-0.3380416704365194
9855,H39268,-0.8513017524143659,-0.39715627514287766,-0.9746996146282673,0.5356522936436197,-0.824139411537992,0,0,0,0,0,0,0.17562080101020847,1.3170909130905446,-0.6351939940905639,-0.9007761859915004,-2.0079722936232773
9856,L57035,-0.8043973362338772,-0.26996451368796637,-0.13417380546593025,-0.1420821944730255,-0.7457876722719677,0,0,0,0,0,0,-0.1496614320997999,1.4277269923345595,-0.7016986239181956,-0.740309168463723,-0.3380416704365194
9857,L57036,-0.8513017524143659,-0.333560394415422,-0.494399152249789,0.42601877350710404,-0.7144469765655581,0,0,0,0,0,0,0.40903613206082273,1.4277269923344966,-0.5476748901538289,-0.7514598634610248,-0.3380416704365194
9858,M24717,-0.8513017524143659,-0.333560394415422,-0.9528677754292455,1.502420607574717,-0.6831062808591485,0,0,0,0,0,0,1.4866079539219796,1.4277269923344966,-0.2685179097196272,-0.7768113547515154,1.3318889527502387
9859,L57038,-0.8982061685948812,-0.333560394415422,0.03502294832648825,-0.6802831115068321,-0.636095237299534,0,0,0,0,0,0,-0.8485506998599849,1.5383630715784486,-0.7362047435897814,-0.6143439461140977,-0.3380416704365194
9860,M24719,-0.8513017524143659,-0.333560394415422,0.2151356217184176,-0.6005496423166388,-0.6047545415931244,0,0,0,0,0,0,-0.6185613444386587,1.4277269923344966,-0.6930456051673884,-0.5608285324680776,1.3318889527502387
9861,H39274,-0.8043973362338772,-0.26996451368796637,1.1702785866756187,-1.2982174977308325,-0.5577434980335099,0,0,0,0,0,0,-1.2386043696536047,1.4277269923345595,-0.8376039959716886,-0.3873787785802091,-2.0079722936232773
9862,M24721,-0.8043973362338772,-0.26996451368796637,1.4158867776646133,-1.5075178543550904,-0.47939175876748574,0,0,0,0,0,0,-1.4894033548231922,1.4277269923345595,-0.8479523000287762,-0.2657213291647101,1.3318889527502387
9863,M24722,-0.7574929200533619,-0.2063686329605469,-0.5544367100470987,0.5854857118874907,-0.43238071520787125,0,0,0,0,0,0,0.5863084094941763,1.4277269923344966,-0.22090864736824772,-0.5018169947336895,1.3318889527502387
9864,L57043,-0.7105885038728732,-0.14277275223309127,-0.7072595844402509,1.6319874950087814,-0.38536967164825675,0,0,0,0,0,0,1.9072221071779842,1.4277269923345595,0.13912756955308994,-0.4823577445829808,-0.3380416704365194
9865,M24724,-0.7105885038728732,-0.07917687150567178,0.5699030087025209,-0.8497167335359936,-0.3540289759418471,0,0,0,0,0,0,-0.8048914719688173,1.5383630715784486,-0.5774130199015007,-0.2551251980393878,1.3318889527502387
9866,M24725,-0.7105885038728732,-0.14277275223309127,4.963560647505646,-2.5938863720714784,-0.30701793238223263,0,0,0,0,0,0,-2.522564381489891,1.4277269923345595,-1.094227809209911,0.5032408968925547,1.3318889527502387
9867,L57046,-0.6636840876923579,-0.07917687150567178,0.48803361170618936,-0.5905829586678644,-0.2600068888226182,0,0,0,0,0,0,-0.437209130216011,1.4277269923344966,-0.42639135386700594,-0.1710493538767841,-0.3380416704365194
9868,L57047,-0.6636840876923579,-0.07917687150567178,-0.7072595844402509,0.47585219175097504,-0.2286661931162085,0,0,0,0,0,0,0.3096437963541905,1.4277269923344966,-0.04714190347448837,-0.3426274546967219,-0.3380416704365194
9869,L57048,-0.7105885038728732,-0.07917687150567178,-0.07959420746837588,-0.4510493875850258,-0.19732549740979885,0,0,0,0,0,0,-0.5738186883570322,1.5383630715784486,-0.3308902816132002,-0.20535309052922923,-0.3380416704365194
9870,L57049,-0.7105885038728732,-0.07917687150567178,0.26971521971597195,-0.8596834171847676,-0.1659848017033892,0,0,0,0,0,0,-0.9889766582034316,1.5383630715784486,-0.4477943308587982,-0.11301820584464538,-0.3380416704365194
9871,H39284,-0.6636840876923579,-0.07917687150567178,1.87435540084407,-1.4277843851648968,-0.13464410599697954,0,0,0,0,0,0,-1.1389582579744328,1.4277269923344966,-0.6270001151102076,0.20961913253198933,-2.0079722936232773
9872,M24731,-0.7105885038728732,-0.14277275223309127,2.218206868228662,-1.8164850474670908,-0.05629236673095542,0,0,0,0,0,0,-1.7226917978875356,1.4277269923345595,-0.7264215346347873,0.368412555517543,1.3318889527502387
9873,L57052,-0.7105885038728732,-0.07917687150567178,-0.9146620568309575,1.2133867817602655,-0.009281323171340937,0,0,0,0,0,0,1.1355479383705283,1.5383630715784486,0.4561459218275581,-0.18764665833102717,-0.3380416704365194
9874,L57053,-0.7105885038728732,-0.14277275223309127,0.41162217450961325,-0.34141586744850944,0.022059372535068716,0,0,0,0,0,0,-0.08934083554996336,1.4277269923345595,-0.11311675664390758,0.10425199685588764,-0.3380416704365194
9875,M24734,-0.7105885038728732,-0.07917687150567178,-0.49985711204954436,0.4160520898583297,0.05340006824147837,0,0,0,0,0,0,0.39057881036571845,1.5383630715784486,0.21329630170286523,-0.04896607863101514,1.3318889527502387
9876,M24735,-0.7105885038728732,-0.14277275223309127,-0.9692416548285118,1.0638865270286526,0.10041111180109286,0,0,0,0,0,0,0.8851393777740791,1.4277269923345595,0.5240279709665429,-0.10385799903069858,1.3318889527502387
9877,H39290,-0.7574929200533619,-0.2063686329605469,-0.4343615944524792,1.5123872912234915,0.14742215536070732,0,0,0,0,0,0,2.010860310117493,1.4277269923344966,0.765182305784955,0.05115250611385218,-2.0079722936232773
9878,L57057,-0.7574929200533619,-0.2063686329605469,-0.909204097031202,1.8612212189305883,0.22577389462673148,0,0,0,0,0,0,2.0123536841097467,1.4277269923344966,1.0145305195837233,0.01752216844881069,-0.3380416704365194
9879,L57058,-0.8043973362338772,-0.2063686329605469,-1.3512988408113922,1.9110546371744592,0.2571145903331411,0,0,0,0,0,0,1.6121587360288647,1.5383630715784486,1.0779977632376023,-0.055531718758200795,-0.3380416704365194
9880,M24739,-0.7574929200533619,-0.14277275223309127,-0.27608076025957157,-0.13211551082425116,0.2884552860395508,0,0,0,0,0,0,-0.23282186617821535,1.5383630715784486,0.20022847746695244,0.2178385613488281,1.3318889527502387
9881,L57060,-0.7574929200533619,-0.14277275223309127,1.159362667076108,-1.2384173958381872,0.3354663295991652,0,0,0,0,0,0,-1.1411934386556486,1.5383630715784486,-0.2685179097196272,0.6006856915403781,-0.3380416704365194
9882,L57061,-0.7574929200533619,-0.14277275223309127,-0.25970688086030524,-0.1420821944730255,0.3668070253055749,0,0,0,0,0,0,-0.23609167197824693,1.5383630715784486,0.26373103956471244,0.29553692098366774,-0.3380416704365194
9883,L57062,-0.7574929200533619,-0.14277275223309127,1.9343929586413797,-1.786584996520768,0.39814772101198453,0,0,0,0,0,0,-1.7773414775125413,1.5383630715784486,-0.4899645528525276,0.8585578920108375,-0.3380416704365194
9884,H39297,-0.8043973362338772,-0.26996451368796637,0.6190246469003198,-0.5606829077215421,0.4294884167183942,0,0,0,0,0,0,-0.30913034899805736,1.4277269923345595,0.11638249169382535,0.5715116707037431,-2.0079722936232773
9885,L57064,-0.8043973362338772,-0.333560394415422,0.7227258830956731,-0.9095168354286386,0.5078401559844183,0,0,0,0,0,0,-0.8170531974220689,1.3170909130906074,0.002657102397503595,0.6799388106020173,-0.3380416704365194
9886,L57065,-0.7574929200533619,-0.26996451368796637,0.395248295110347,-1.2184840285406389,0.539180851690828,0,0,0,0,0,0,-1.4854893484774827,1.3170909130906074,-0.13215339789568326,0.6281068944245064,-0.3380416704365194
9887,L57066,-0.7574929200533619,-0.26996451368796637,1.9780566370394232,-1.7566849455744453,0.5705215473972377,0,0,0,0,0,0,-1.7044394490933292,1.3170909130906074,-0.3891303955727141,1.0764717849199181,-0.3380416704365194
9888,L57067,-0.7574929200533619,-0.333560394415422,-0.9419518558297346,0.47585219175097504,0.6018622431036473,0,0,0,0,0,0,0.12203502834700486,1.2064548338466554,0.7895873505066193,0.33534668465076634,-0.3380416704365194
9889,M24748,-0.7574929200533619,-0.26996451368796637,0.18784582271964043,-0.5507162240727678,0.633202938810057,0,0,0,0,0,0,-0.5582407478888222,1.3170909130906074,0.27912988109676085,0.6678770463864636,1.3318889527502387
9890,H39303,-0.7574929200533619,-0.26996451368796637,-0.13417380546593025,0.027351427556136138,0.6802139823696715,0,0,0,0,0,0,0.10188912037307873,1.3170909130906074,0.6269459164353264,0.6258589301577324,-2.0079722936232773
9891,L57070,-0.7574929200533619,-0.333560394415422,0.5699030087025209,-0.710183162453155,0.7585657216356956,0,0,0,0,0,0,-0.5801045239845565,1.2064548338466554,0.28760630762816375,0.9014870774578206,-0.3380416704365194
9892,L57071,-0.7574929200533619,-0.333560394415422,-0.909204097031202,0.8147194358092976,0.7899064173421052,0,0,0,0,0,0,0.6041898549439024,1.2064548338466554,1.169966991103324,0.5073605142272595,-0.3380416704365194
9893,H39306,-0.7105885038728732,-0.2063686329605469,-0.7290914236392727,0.8645528540531686,0.8212471130485148,0,0,0,0,0,0,0.8277860079800915,1.3170909130906074,1.2323746814407777,0.5871880030134489,-2.0079722936232773
9894,M24753,-0.7105885038728732,-0.26996451368796637,-1.4004204790091912,1.5323206585210394,0.8995988523145391,0,0,0,0,0,0,1.08400213410197,1.2064548338467183,1.7110102329139936,0.45465714053663786,1.3318889527502387
9895,L57074,-0.7105885038728732,-0.333560394415422,0.5699030087025209,-0.879616784482316,0.9466098958741535,0,0,0,0,0,0,-0.8530601036797304,1.0958187546027662,0.32514981347350275,1.0969708423305884,-0.3380416704365194
9896,L57075,-0.7574929200533619,-0.39715627514287766,-0.8382506196343814,1.4127204547357495,0.9779505915805632,0,0,0,0,0,0,1.4775013007535331,1.0958187546027032,1.7361922834010366,0.6926541679524041,-0.3380416704365194
9897,M24756,-0.7574929200533619,-0.4607521558702971,0.42253809410912413,-0.4809494385313481,1.0092912872869728,0,0,0,0,0,0,-0.3033130228582991,0.9851826753588141,0.6134895893167241,1.1158755286093174,1.3318889527502387
9898,L57077,-0.7574929200533619,-0.4607521558702971,-1.0019894136270444,0.7150525993215556,1.0563023308465873,0,0,0,0,0,0,0.3919257751430452,0.9851826753588141,1.3966054454867085,0.7090435109546548,-0.3380416704365194
9899,L57078,-0.8043973362338772,-0.5243480365977528,-0.7891289814365825,0.48581887539974866,1.0876430265529968,0,0,0,0,0,0,0.25782469488443527,0.9851826753588141,1.2852817103742837,0.8046661671659742,-0.3380416704365194
9900,L57079,-0.8043973362338772,-0.5243480365977528,0.24788338051695022,-0.8497167335359936,1.1189837222594066,0,0,0,0,0,0,-0.9857166130177291,0.9851826753588141,0.46504616968553103,1.170995216313564,-0.3380416704365194
9901,H39314,-0.8043973362338772,-0.5243480365977528,-0.49985711204954436,0.23665178418039373,1.1503244179658163,0,0,0,0,0,0,0.13600246745101957,0.9851826753588141,1.187873442150912,0.9554877344918228,-2.0079722936232773
9902,M24761,-0.8043973362338772,-0.5243480365977528,-0.6417640668431857,0.8944529049994909,1.2286761572318403,0,0,0,0,0,0,0.9453526075663021,0.9851826753588141,1.6984721853362934,0.9790864078298068,1.3318889527502387
9903,H39316,-0.8043973362338772,-0.4607521558702971,-0.7563812226380499,0.5356522936436197,1.2756872007914548,0,0,0,0,0,0,0.352483132641768,1.0958187546027662,1.5087061863645115,0.9818493242634189,-2.0079722936232773
9904,M24763,-0.8043973362338772,-0.5243480365977528,-0.5653526296466096,0.575519028238717,1.354038940057479,0,0,0,0,0,0,0.5633416839793287,0.9851826753588141,1.6162508479816857,1.1188563094212072,1.3318889527502387
9905,L57084,-0.8513017524143659,-0.5879439173251723,-0.019556649671066097,-0.42114933663870274,1.4010499836170935,0,0,0,0,0,0,-0.4908046634935436,0.9851826753588141,0.9653672457015866,1.3576257650872305,-0.3380416704365194
9906,M24765,-0.8043973362338772,-0.5879439173251723,-0.6417640668431857,0.9542530068921362,1.432390679323503,0,0,0,0,0,0,1.02868873270263,0.8745465961149249,1.965373665743842,1.1622806411824578,1.3318889527502387
9907,M24766,-0.8513017524143659,-0.5879439173251723,0.25334134031670563,-0.26168239825831613,1.4794017228831176,0,0,0,0,0,0,-0.06873617870260025,0.9851826753588141,1.1431249737538811,1.5342444553864103,1.3318889527502387
9908,M24767,-0.8513017524143659,-0.5879439173251723,-0.29245463965883783,0.32635193701936205,1.526412766442732,0,0,0,0,0,0,0.42352088372424573,0.9851826753588141,1.611906679384342,1.3773920059527849,1.3318889527502387
9909,L57088,-0.8513017524143659,-0.6515397980526278,-0.46165139345125633,0.7748527012142009,-1.7016788913174623,0,0,0,0,0,0,0.932322187437818,0.874546596114862,-1.531152278459849,-1.6560921796275558,-0.3380416704365194
9910,L57089,-0.8043973362338772,-0.5879439173251723,0.36250053631181434,-0.7201498461019287,-1.6703381956110526,0,0,0,0,0,0,-0.717446128200211,0.8745465961149249,-1.5080540161617761,-1.6242641745464477,-0.3380416704365194
9911,L57090,-0.8513017524143659,-0.6515397980526278,-0.39069791605443566,0.6054190791850393,-1.6389974999046428,0,0,0,0,0,0,0.7490959352641077,0.874546596114862,-1.4661663417190935,-1.5979025847748516,-0.3380416704365194
9912,M24771,-0.8513017524143659,-0.6515397980526278,-0.3252023984573705,0.08715152944878075,-1.6076568041982333,0,0,0,0,0,0,0.05129009569438004,0.874546596114862,-1.4446927278395394,-1.5680947766559543,1.3318889527502387
9913,L57092,-0.8513017524143659,-0.7151356787800836,-1.1657282076197075,1.8811545862281362,-1.5606457606386188,0,0,0,0,0,0,1.769431514703219,0.7639105168709099,-1.3442470734424155,-1.5378215310016459,-0.3380416704365194
9914,L57093,-0.8982061685948812,-0.778731559507503,0.2642572599162165,-0.929450202726187,-1.529305064932209,0,0,0,0,0,0,-1.1005990436636144,0.7639105168709728,-1.4122703963569234,-1.4829989310859597,-0.3380416704365194
9915,L57094,-0.8982061685948812,-0.778731559507503,0.7063520036964067,-1.0291170392139288,-1.4979643692257996,0,0,0,0,0,0,-1.0216747162037476,0.7639105168709728,-1.395246906406356,-1.4410996499726527,-0.3380416704365194
9916,M24775,-0.8982061685948812,-0.8423274402349586,0.6626883252983633,-1.1586839266479936,-1.4666236735193898,0,0,0,0,0,0,-1.2556756841140684,0.6532744376270208,-1.3812254841856604,-1.4092122273338326,1.3318889527502387
9917,M24776,-0.8982061685948812,-0.778731559507503,0.06777070712502087,-0.5008828058288968,-1.4196126299597753,0,0,0,0,0,0,-0.5563179068661173,0.7639105168709728,-1.3092818140003784,-1.3792657782469404,1.3318889527502387
9918,M24777,-0.8982061685948812,-0.778731559507503,0.0896025463240426,-0.39124928569238043,-1.3726015864001608,0,0,0,0,0,0,-0.3755220476601911,0.7639105168709728,-1.264144842720658,-1.3322961988755353,1.3318889527502387
9919,L57098,-0.9451105847753966,-0.778731559507503,-1.0292792126258217,1.6718542296038787,-1.3255905428405463,0,0,0,0,0,0,1.6357891833180487,0.8745465961149249,-1.0505388941293052,-1.334762027520587,-0.3380416704365194
9920,L57099,-0.8982061685948812,-0.778731559507503,-1.285803323214327,1.8711879025793627,-1.2942498471341368,0,0,0,0,0,0,1.6304306060517275,0.7639105168709728,-0.9921221879503871,-1.3200858907657014,-0.3380416704365194
9921,H39334,-0.8982061685948812,-0.8423274402349586,-0.494399152249789,0.396118722560781,-1.262909151427727,0,0,0,0,0,0,0.3665774597320536,0.6532744376270208,-1.0970179662764978,-1.2540333724424308,-2.0079722936232773
9922,M24781,-0.8982061685948812,-0.8423274402349586,-1.0565690116245987,0.8545861704043942,-1.1845574121617028,0,0,0,0,0,0,0.530018946661991,0.6532744376270208,-0.9658805841469189,-1.2158972033175561,1.3318889527502387
9923,H39336,-0.8513017524143659,-0.778731559507503,0.13872418452184151,-0.08228209258038018,-1.1375463686020884,0,0,0,0,0,0,0.1299411259530514,0.6532744376270208,-1.0340098623930696,-1.0978048073647824,-2.0079722936232773
9924,M24783,-0.8982061685948812,-0.8423274402349586,0.40616421470985786,-0.660349744209284,-1.0591946293360643,0,0,0,0,0,0,-0.5973320082742752,0.6532744376270208,-1.0489495641546671,-1.0003699156432444,1.3318889527502387
9925,M24784,-0.8982061685948812,-0.9059233209623782,-0.8546244990336477,1.4426205056820718,-1.0121835857764498,0,0,0,0,0,0,1.5021858943901891,0.5426383583831316,-0.6857700057279343,-1.0530435805550098,1.3318889527502387
9926,M24785,-0.8982061685948812,-0.8423274402349586,-0.9474098156294901,0.7349859666191036,-0.9651725422168353,0,0,0,0,0,0,0.46458378820404517,0.6532744376270208,-0.7459879525447757,-1.0198390687202383,1.3318889527502387
9927,M24786,-0.8982061685948812,-0.9059233209623782,1.9453088782408905,-1.9659853021987037,-0.9181614986572209,0,0,0,0,0,0,-2.1063327440673616,0.5426383583831316,-1.1744359952633108,-0.7167996214623071,1.3318889527502387
9928,L57107,-0.8982061685948812,-0.9059233209623782,-0.10142604666739763,-0.3015491328534128,-0.8711504550976064,0,0,0,0,0,0,-0.36480489312755066,0.5426383583831316,-0.8404294714821562,-0.8572627278936817,-0.3380416704365194
9929,M24788,-0.9451105847753966,-0.9695192016898337,0.19330378251939587,-1.2483840794869616,-0.8398097593911967,0,0,0,0,0,0,-1.6316740692747165,0.5426383583831316,-0.9989033291755093,-0.7977065292135995,1.3318889527502387
9930,H39343,-0.9451105847753966,-1.0331150824172894,-0.33611831805688136,-0.07231540893160583,-0.7927987158315822,0,0,0,0,0,0,-0.1876497430661368,0.4320022791391795,-0.7281521383849486,-0.8065993570178419,-2.0079722936232773
9931,L57110,-0.9920150009558852,-1.096710963144709,-0.4834832326502781,0.5555856609411683,-0.7144469765655581,0,0,0,0,0,0,0.6019058711910438,0.4320022791391795,-0.5187490846154166,-0.7502120947490709,-0.3380416704365194
9932,L57111,-0.9920150009558852,-1.096710963144709,-0.5926424286453867,0.6951192320240069,-0.6831062808591485,0,0,0,0,0,0,0.7087650768589422,0.4320022791391795,-0.45446951675227804,-0.7343278009873729,-0.3380416704365194
9933,L57112,-0.9920150009558852,-1.1603068438721644,0.6681462850981187,-1.1487172429992196,-0.6517655851527389,0,0,0,0,0,0,-1.2366815286308999,0.3213661998952274,-0.8591129282951233,-0.5526982299878069,-0.3380416704365194
9934,L57113,-0.9920150009558852,-1.096710963144709,0.30792093831426,-0.7500498970482516,-0.6204248894463292,0,0,0,0,0,0,-0.7961264403018673,0.4320022791391795,-0.74157314705967,-0.5648590234662142,-0.3380416704365194
9935,L57114,-0.9920150009558852,-1.1603068438721644,-0.3743240366551694,0.43598545715587766,-0.5890841937399195,0,0,0,0,0,0,0.5183159700821762,0.3213661998952274,-0.4202812630756198,-0.6211175476932757,-0.3380416704365194
9936,L57115,-0.9451105847753966,-1.096710963144709,-0.4834832326502781,0.8545861704043942,-0.5577434980335099,0,0,0,0,0,0,1.0270782313384352,0.3213661998952903,-0.2807027728585188,-0.6064216050858193,-0.3380416704365194
9937,H39350,-0.9920150009558852,-1.1603068438721644,-0.0359305290703324,-0.6703164278580577,-0.5264028023271002,0,0,0,0,0,0,-0.8755778409354701,0.3213661998952274,-0.6517230258267994,-0.5167605104982794,-2.0079722936232773
9938,L57117,-0.9920150009558852,-1.223902724599584,-0.19421136326324,0.6153857628338136,-0.44805106306107606,0,0,0,0,0,0,0.9254214331076024,0.2107301206513382,-0.22860806813427192,-0.4637798548716681,-0.3380416704365194
9939,L57118,-0.9920150009558852,-1.223902724599584,-0.06867828786886501,-0.6005496423166388,-0.41671036735466643,0,0,0,0,0,0,-0.7906214538206199,0.2107301206513382,-0.5493701754601096,-0.4152951277786048,-0.3380416704365194
9940,H39353,-0.9920150009558852,-1.223902724599584,5.978741170260157,-2.703519892207994,-0.38536967164825675,0,0,0,0,0,0,-2.553232231709888,0.2107301206513382,-1.1514083698529998,0.5366533701793186,-2.0079722936232773
9941,M24800,-0.9920150009558852,-1.223902724599584,0.9901659132836894,-1.1287838757016708,-0.30701793238223263,0,0,0,0,0,0,-1.0395171191961583,0.2107301206513382,-0.632156607916811,-0.13838950298770672,1.3318889527502387
9942,L57121,-0.9451105847753966,-1.223902724599584,-0.7945869412363379,0.40608540620955536,-0.2600068888226182,0,0,0,0,0,0,0.14452348375975888,0.10009404140744903,-0.1014616701632286,-0.38515062016600576,-0.3380416704365194
9943,L57122,-0.9451105847753966,-1.223902724599584,-0.9037461372314466,1.0838198943262005,-0.2286661931162085,0,0,0,0,0,0,0.9712475173796868,0.10009404140744903,0.1553740537382788,-0.37613895724633917,-0.3380416704365194
9944,M24803,-0.9920150009558852,-1.2874986053270396,1.2303161444729285,-1.3879176505698,-0.19732549740979885,0,0,0,0,0,0,-1.364857915992138,0.10009404140738613,-0.6496039191939487,0.022810331085186472,1.3318889527502387
9945,L57124,-0.9920150009558852,-1.3510944860544953,-0.7727551020373161,0.7848193848629745,-0.15031445385018438,0,0,0,0,0,0,0.6805959439070276,-0.010542037836565944,0.14018712286951532,-0.28452698618058575,-0.3380416704365194
9946,L57125,-0.9920150009558852,-1.2874986053270396,0.20421970211890675,-0.21184898001444516,-0.11897375814377473,0,0,0,0,0,0,-0.024491313951725425,0.10009404140738613,-0.18276472797693472,-0.07778359412137753,-0.3380416704365194
9947,L57126,-0.9920150009558852,-1.3510944860544953,-0.21058524266250633,0.20675173323407142,-0.08763306243736507,0,0,0,0,0,0,0.31084435191658977,-0.010542037836565944,-0.0032763961744784907,-0.12405006572652294,-0.3380416704365194
9948,M24807,-1.0389194171364007,-1.3510944860544953,-0.06322032806910959,-0.3314491837997351,-0.05629236673095542,0,0,0,0,0,0,-0.3843651642417689,0.10009404140738613,-0.1738644801189616,-0.06622687914637654,1.3318889527502387
9949,L57128,-1.0389194171364007,-1.4146903667819146,1.4377186168636351,-1.477617803408768,-0.009281323171340937,0,0,0,0,0,0,-1.426896380663782,-0.010542037836503053,-0.5737399017378928,0.27331475439934705,-0.3380416704365194
9950,M24809,-1.0389194171364007,-1.4146903667819146,-0.7072595844402509,1.3429536691943298,0.022059372535068716,0,0,0,0,0,0,1.507827529472035,-0.010542037836503053,0.5434531151010078,-0.1190589908787076,1.3318889527502387
9951,L57130,-1.0858238333168893,-1.4146903667819146,-0.6963436648407401,1.4127204547357495,0.0690704160946832,0,0,0,0,0,0,1.614794101897547,0.10009404140738613,0.6279701513078708,-0.0749018425723413,-0.3380416704365194
9952,L57131,-1.0389194171364007,-1.4146903667819146,-1.0129053332265552,1.9409546881207815,0.10041111180109286,0,0,0,0,0,0,2.009484063497181,-0.010542037836503053,0.8814506230406979,-0.11296869121321865,-0.3380416704365194
9953,L57132,-1.0389194171364007,-1.4146903667819146,-0.6090163080446531,0.6951192320240069,0.1317518075075025,0,0,0,0,0,0,0.6950318924988084,-0.010542037836503053,0.4068766926137788,-0.0003922252013836661,-0.3380416704365194
9954,L57133,-1.0858238333168893,-1.4146903667819146,0.13326622472208607,-0.4610160712338001,0.16309250321391217,0,0,0,0,0,0,-0.4543390083624459,0.10009404140738613,-0.0475304063571778,0.18817929712421114,-0.3380416704365194
9955,M24814,-1.0858238333168893,-1.3510944860544953,-0.5162309914488107,0.28648520242426473,0.19443319892032182,0,0,0,0,0,0,0.19418548946292485,0.21073012065127533,0.2979192932413705,0.0765832208146256,1.3318889527502387
9956,M24815,-1.0389194171364007,-1.3510944860544953,-0.42890363465272374,-0.11218214352670319,0.2414442424799363,0,0,0,0,0,0,-0.3097745495437351,0.10009404140738613,0.16808869353538317,0.13918952079059504,1.3318889527502387
9957,M24816,-1.0389194171364007,-1.4146903667819146,0.20421970211890675,-0.5407495404239934,0.2884552860395508,0,0,0,0,0,0,-0.5327655444915611,-0.010542037836503053,0.016325340179390687,0.3285136655138763,1.3318889527502387
9958,L57137,-1.0858238333168893,-1.4146903667819146,0.3570425765120589,-0.6902497951556064,0.3354663295991652,0,0,0,0,0,0,-0.6736112092511309,0.10009404140738613,-0.015991035971582822,0.4114407702273796,-0.3380416704365194
9959,M24818,-1.0858238333168893,-1.4146903667819146,-0.08505216726813132,-0.4012159693411548,0.3668070253055749,0,0,0,0,0,0,-0.5028492615748541,0.10009404140738613,0.14251814016565123,0.3373668816129773,1.3318889527502387
9960,L57139,-1.0858238333168893,-1.4146903667819146,-0.8819142980324248,0.9143862722970396,0.4138180688651894,0,0,0,0,0,0,0.7622630039931909,0.10009404140738613,0.809930774181986,0.18748609228423677,-0.3380416704365194
9961,L57140,-1.0389194171364007,-1.4146903667819146,0.18784582271964043,-0.4909161221801224,0.44515876457159903,0,0,0,0,0,0,-0.4660029424849459,-0.010542037836503053,0.16236710562668627,0.4807117395933882,-0.3380416704365194
9962,L57141,-1.0389194171364007,-1.3510944860544953,-0.7727551020373161,1.4924539239259427,0.4764994602780087,0,0,0,0,0,0,1.6501080045378869,0.10009404140738613,1.1640334925313414,0.269640768747483,-0.3380416704365194
9963,L57142,-1.0389194171364007,-1.3510944860544953,-0.6090163080446531,0.9442863232433619,0.5078401559844183,0,0,0,0,0,0,1.0437298393827743,0.10009404140738613,0.928918611616554,0.33923853468090803,-0.3380416704365194
9964,L57143,-0.9920150009558852,-1.3510944860544953,-0.5762685492461205,-0.0025486233901868775,0.539180851690828,0,0,0,0,0,0,-0.2579554480739806,-0.010542037836565944,0.48401217404954494,0.37603780875726084,-0.3380416704365194
9965,L57144,-0.9920150009558852,-1.3510944860544953,1.2303161444729285,-1.3380842323259292,0.5705215473972377,0,0,0,0,0,0,-1.2786716914719023,-0.010542037836565944,-0.17404107233836583,0.8797501542614821,-0.3380416704365194
9966,L57145,-0.9920150009558852,-1.3510944860544953,0.8864646770883361,-1.0988838247553485,0.6018622431036473,0,0,0,0,0,0,-1.042689318852906,-0.010542037836565944,-0.030718827069895274,0.8230162895727239,-0.3380416704365194
9967,L57146,-0.9920150009558852,-1.3510944860544953,-0.18329544366372916,0.12701826404387812,0.633202938810057,0,0,0,0,0,0,0.21366767566251665,-0.010542037836565944,0.6369763544974864,0.5675405972633186,-0.3380416704365194
9968,M24827,-0.9920150009558852,-1.3510944860544953,0.3734164559113252,-0.7500498970482516,0.6645436345164666,0,0,0,0,0,0,-0.7581771717928436,-0.010542037836565944,0.19676726996662952,0.7499128877342857,1.3318889527502387
9969,L57148,-0.9451105847753966,-1.2874986053270396,0.3515846167123035,-0.7500498970482516,0.7115546780760811,0,0,0,0,0,0,-0.770826927962518,-0.010542037836503053,0.23109679741881115,0.7916141103218857,-0.3380416704365194
9970,L57149,-0.9451105847753966,-1.223902724599584,-0.2706228004598161,1.004086425136007,0.7428953737824907,0,0,0,0,0,0,1.429996390816955,0.10009404140744903,1.2236863442460895,0.6472888626392254,-0.3380416704365194
9971,H39384,-0.9451105847753966,-1.223902724599584,1.912561119442358,-1.5174845380038648,0.7742360694889004,0,0,0,0,0,0,-1.2875831323537796,0.10009404140744903,-0.1528146875659778,1.3026843300561204,-2.0079722936232773
9972,H39385,-0.8982061685948812,-1.1603068438721644,0.12235030512257522,0.4658855081022007,0.8525878087549246,0,0,0,0,0,0,0.9575631360911967,0.10009404140738613,1.0364279547898474,0.8668664471642444,-2.0079722936232773
9973,L57152,-0.8513017524143659,-1.1603068438721644,-0.821876740235115,1.1436199962188458,0.9309395480209487,0,0,0,0,0,0,1.127026922061789,-0.010542037836565944,1.5186659875389095,0.6564391665268867,-0.3380416704365194
9974,L57153,-0.8982061685948812,-1.1603068438721644,-0.5271469110483216,0.05725147850245845,0.9622802437273583,0,0,0,0,0,0,-0.138339119478795,0.10009404140738613,0.9005225827363544,0.7748781648996477,-0.3380416704365194
9975,L57154,-0.8513017524143659,-1.1603068438721644,-0.9801575744280226,2.8180228492129116,0.993620939433768,1,0,0,1,1,0,3.2132801498538863,-0.010542037836565944,2.6118424625388355,0.6621036403621058,-0.3380416704365194
9976,M24835,-0.8513017524143659,-1.096710963144709,0.2642572599162165,-0.5806162750190901,1.0249616351401776,0,0,0,0,0,0,-0.5577624777867278,0.10009404140738613,0.56443227076623,1.0819282973031448,1.3318889527502387
9977,L57156,-0.8513017524143659,-1.1603068438721644,0.897380596687847,-1.3580175996234776,1.071972678699792,0,0,0,0,0,0,-1.4697357169513603,-0.010542037836565944,0.11295660263738373,1.3324624293961616,-0.3380416704365194
9978,L57157,-0.8513017524143659,-1.096710963144709,-0.6472220266429412,0.04728479485368411,1.1033133744062018,0,0,0,0,0,0,-0.2391857867203668,0.10009404140738613,1.0229363092273642,0.864578871192329,-0.3380416704365194
9979,H39392,-0.8513017524143659,-1.096710963144709,-0.8928302176319357,1.2133867817602655,1.1346540701126113,0,0,0,0,0,0,1.1558890586310229,0.10009404140738613,1.7994122979477498,0.8120834589536998,-2.0079722936232773
9980,L57159,-0.8982061685948812,-1.096710963144709,-1.1275224890214195,0.9841530578384585,1.2130058093786356,0,0,0,0,0,0,0.6377468470051211,0.2107301206513382,1.7403245413350952,0.8010615019981076,-0.3380416704365194
9981,L57160,-0.8513017524143659,-1.0331150824172894,0.10051846592355347,-0.3314491837997351,1.2443465050850453,0,0,0,0,0,0,-0.2771936189153603,0.21073012065127533,0.8990392080933589,1.2463762911976322,-0.3380416704365194
9982,L57161,-0.8043973362338772,-0.9695192016898337,-1.0238212528260662,0.7050859156727813,1.2756872007914548,0,0,0,0,0,0,0.360330666561844,0.2107301206513382,1.6227847600996421,0.8896530805468299,-0.3380416704365194
9983,M24842,-0.8043973362338772,-1.0331150824172894,-0.18329544366372916,0.575519028238717,1.3070278964978645,0,0,0,0,0,0,0.8755837363465246,0.10009404140738613,1.5678292614210472,1.209260123480148,1.3318889527502387
9984,L57163,-0.8043973362338772,-1.0331150824172894,0.8373430388905372,-1.1188171920528969,1.354038940057479,0,0,0,0,0,0,-1.1011456380660083,0.10009404140738613,0.44544443333166184,1.6151414602114174,-0.3380416704365194
9985,H39398,-0.8043973362338772,-1.0331150824172894,-0.5926424286453867,0.28648520242426473,1.3853796357638886,0,0,0,0,0,0,0.13569988840683767,0.10009404140738613,1.4467576357975083,1.1375629371742293,-2.0079722936232773
9986,H39399,-0.8043973362338772,-0.9695192016898337,0.17147194332037413,-0.4311160202874771,1.4637313750299128,0,0,0,0,0,0,-0.3841894731838565,0.2107301206513382,1.008667657899503,1.488522644726959,-2.0079722936232773
9987,M24846,-0.7574929200533619,-0.9059233209623782,-0.18329544366372916,0.23665178418039373,1.5420831142959368,0,0,0,0,0,0,0.3754693793852737,0.2107301206513382,1.5613659861908515,1.4331157721604375,1.3318889527502387
9988,M24847,-0.7574929200533619,-0.9059233209623782,-0.2215011622620172,-0.28161576555586415,1.5890941578555513,0,0,0,0,0,0,-0.4147597172605702,0.2107301206513382,1.2205076842968134,1.463329600257034,1.3318889527502387
9989,L57168,-0.7105885038728732,-0.9059233209623782,1.2576059434717057,-1.5772846398965097,1.6361052014151658,0,0,0,0,0,0,-1.6806040289032478,0.10009404140744903,0.2818494012755862,2.0795193825102367,-0.3380416704365194
9990,M24849,-0.7574929200533619,-0.9695192016898337,0.1987617423191513,-0.6703164278580577,-1.7016788913174623,0,0,0,0,0,0,-0.736235310782482,0.10009404140738613,-1.531152278459849,-1.6560921796275558,1.3318889527502387
9991,L57170,-0.7574929200533619,-0.9695192016898337,-0.07413624766862045,-0.37131591839483175,-1.6546678477578478,0,0,0,0,0,0,-0.45112776624838413,0.10009404140738613,-1.4927964484052507,-1.610726874314377,-0.3380416704365194
9992,M24851,-0.7105885038728732,-1.0331150824172894,1.56325169225801,-1.377950966921026,-1.623327152051438,0,0,0,0,0,0,-1.1922219303647978,-0.12117811708045513,-1.4850617091953457,-1.5656289480109027,1.3318889527502387
9993,L57172,-0.7574929200533619,-1.0331150824172894,-0.30882851905810416,-0.07231540893160583,-1.5763161084918236,0,0,0,0,0,0,-0.1685189389823699,-0.010542037836565944,-1.420393638449518,-1.5385246387679055,-0.3380416704365194
9994,L57173,-0.7574929200533619,-1.0331150824172894,-0.7618391824378052,0.7349859666191036,-1.544975412785414,0,0,0,0,0,0,0.6215539878342189,-0.010542037836565944,-1.3640960389034504,-1.5173521823698317,-0.3380416704365194
9995,L57174,-0.7574929200533619,-1.096710963144709,0.5098654509052111,-1.1985506612430905,-1.5136347170790043,0,0,0,0,0,0,-1.3968141673034917,-0.12117811708045513,-1.4129061283467785,-1.461915601024454,-0.3380416704365194
9996,M24855,-0.7574929200533619,-1.0331150824172894,0.34612665691254807,-1.0390837228627032,-1.4822940213725946,0,0,0,0,0,0,-1.2280141031072338,-0.010542037836565944,-1.3852871052319575,-1.4337120669637833,1.3318889527502387
9997,H39410,-0.7105885038728732,-1.0331150824172894,0.49894953130570024,-0.8098499989408967,-1.43528297781298,0,0,0,0,0,0,-0.7810170093214225,-0.12117811708045513,-1.340220770839999,-1.3813453927668635,-2.0079722936232773
9998,M24857,-0.6636840876923579,-0.9059233209623782,0.5699030087025209,-0.6503830605605098,-1.356931238546956,0,0,0,0,0,0,-0.4837672605627295,-0.010542037836503053,-1.2716323528233973,-1.297705277360815,1.3318889527502387
9999,H39412,-0.6636840876923579,-0.8423274402349586,-0.7236334638395172,0.8545861704043942,-1.3099201949873416,0,0,0,0,0,0,0.8187867215692586,0.10009404140738613,-1.102916146404599,-1.3075091743833096,-2.0079722936232773
10000,M24859,-0.6636840876923579,-0.8423274402349586,-0.2215011622620172,0.027351427556136138,-1.2315684557213173,0,0,0,0,0,0,0.03910884901247244,0.10009404140738613,-1.1052118452568538,-1.2104604967869002,1.3318889527502387
